spot,expiry,daysOut,strike,bid,ask,mid,oi,vol,iv,spreadPct
133.53,2026-03-13,6,30.0,0.0,0.01,0.01,52,552,3.375,200.0
133.53,2026-03-13,6,35.0,0.0,0.01,0.01,64,583,3.0,200.0
133.53,2026-03-13,6,40.0,0.0,0.1,0.05,227,12,3.3594,200.0
133.53,2026-03-13,6,45.0,0.0,0.03,0.01,50,5,2.6875,200.0
133.53,2026-03-13,6,50.0,0.0,0.03,0.01,426,7,2.4375,200.0
133.53,2026-03-13,6,55.0,0.0,0.04,0.02,392,158,2.2813,200.0
133.53,2026-03-13,6,60.0,0.02,0.05,0.04,962,14,2.1875,85.7
133.53,2026-03-13,6,65.0,0.02,0.04,0.03,3334,150,1.9531,66.7
133.53,2026-03-13,6,70.0,0.02,0.05,0.04,1299,166,1.7969,85.7
133.53,2026-03-13,6,75.0,0.05,0.07,0.06,4564,3220,1.7188,33.3
133.53,2026-03-13,6,80.0,0.05,0.1,0.08,7459,2966,1.5859,66.7
133.53,2026-03-13,6,85.0,0.1,0.11,0.11,5976,831,1.4805,9.5
133.53,2026-03-13,6,88.0,0.05,0.18,0.11,108,19,1.3945,113.0
133.53,2026-03-13,6,89.0,0.09,0.2,0.15,3300,32,1.4102,75.9
133.53,2026-03-13,6,90.0,0.16,0.17,0.17,13321,1758,1.4023,6.1
133.53,2026-03-13,6,91.0,0.15,0.27,0.21,210,3,1.4199,57.1
133.53,2026-03-13,6,92.0,0.0,0.43,0.21,91,78,1.3906,200.0
133.53,2026-03-13,6,93.0,0.01,0.41,0.21,95,29,1.3496,190.5
133.53,2026-03-13,6,94.0,0.13,0.3,0.21,58,50,1.3203,79.1
133.53,2026-03-13,6,95.0,0.23,0.28,0.26,7875,8546,1.3242,19.6
133.53,2026-03-13,6,96.0,0.26,0.35,0.3,58,22,1.332,29.5
133.53,2026-03-13,6,97.0,0.24,0.38,0.31,225,30,1.2998,45.2
133.53,2026-03-13,6,98.0,0.21,0.37,0.29,171,52,1.249,55.2
133.53,2026-03-13,6,99.0,0.33,0.43,0.38,863,355,1.2783,26.3
133.53,2026-03-13,6,100.0,0.32,0.4,0.36,8702,3931,1.2295,22.2
133.53,2026-03-13,6,101.0,0.33,0.52,0.43,209,134,1.2344,44.7
133.53,2026-03-13,6,102.0,0.36,0.53,0.45,421,38,1.21,38.2
133.53,2026-03-13,6,103.0,0.45,0.66,0.56,40,213,1.2314,37.8
133.53,2026-03-13,6,104.0,0.5,0.6,0.55,151,557,1.1914,18.2
133.53,2026-03-13,6,105.0,0.55,0.6,0.57,4762,975,1.167,8.7
133.53,2026-03-13,6,108.0,0.63,0.8,0.72,57,101,1.1138,23.8
133.53,2026-03-13,6,109.0,0.75,0.81,0.78,54,167,1.1006,7.7
133.53,2026-03-13,6,110.0,0.81,0.86,0.83,2472,2098,1.0815,6.0
133.53,2026-03-13,6,111.0,0.84,1.01,0.93,78,32,1.0728,18.4
133.53,2026-03-13,6,112.0,0.94,1.03,0.98,210,93,1.0523,9.1
133.53,2026-03-13,6,113.0,1.05,1.1,1.08,44,97,1.0396,4.7
133.53,2026-03-13,6,114.0,0.96,1.21,1.08,24,248,1.0024,23.0
133.53,2026-03-13,6,115.0,1.23,1.31,1.27,1924,2590,1.0117,6.3
133.53,2026-03-13,6,116.0,1.31,1.39,1.35,662,701,0.9902,5.9
133.53,2026-03-13,6,117.0,1.44,1.5,1.47,204,291,0.9771,4.1
133.53,2026-03-13,6,118.0,1.54,1.65,1.59,102,220,0.9624,6.9
133.53,2026-03-13,6,119.0,1.63,1.77,1.7,239,743,0.9419,8.2
133.53,2026-03-13,6,120.0,1.85,1.95,1.9,2007,1933,0.9385,5.3
133.53,2026-03-13,6,121.0,1.98,2.12,2.05,138,418,0.9224,6.8
133.53,2026-03-13,6,122.0,2.16,2.29,2.23,108,283,0.9087,5.8
133.53,2026-03-13,6,123.0,2.41,2.54,2.48,413,776,0.9058,5.3
133.53,2026-03-13,6,124.0,2.6,2.74,2.67,239,279,0.8901,5.2
133.53,2026-03-13,6,125.0,2.77,2.9,2.83,1155,1699,0.8672,4.6
133.53,2026-03-13,6,126.0,2.98,3.25,3.12,1151,293,0.8604,8.7
133.53,2026-03-13,6,127.0,3.15,3.75,3.45,547,796,0.8584,17.4
133.53,2026-03-13,6,128.0,3.65,3.8,3.72,129,271,0.8442,4.0
133.53,2026-03-13,6,129.0,4.0,4.2,4.1,4702,507,0.8416,4.9
133.53,2026-03-13,6,130.0,4.35,4.45,4.4,3237,3354,0.8247,2.3
133.53,2026-03-13,6,131.0,4.7,4.9,4.8,161,332,0.8188,4.2
133.53,2026-03-13,6,132.0,5.15,5.25,5.2,203,1010,0.8093,1.9
133.53,2026-03-13,6,133.0,5.55,5.7,5.62,4140,1748,0.7998,2.7
133.53,2026-03-13,6,134.0,6.0,6.15,6.08,813,1183,0.7903,2.5
133.53,2026-03-13,6,135.0,6.5,6.75,6.62,2197,2273,0.7905,3.8
133.53,2026-03-13,6,136.0,7.0,7.25,7.12,582,1328,0.7803,3.5
133.53,2026-03-13,6,137.0,7.5,7.85,7.67,186,346,0.7732,4.6
133.53,2026-03-13,6,138.0,7.65,8.7,8.18,2120,114,0.7551,12.8
133.53,2026-03-13,6,139.0,8.3,9.05,8.68,3146,196,0.7329,8.6
133.53,2026-03-13,6,140.0,9.35,9.7,9.52,1566,886,0.7571,3.7
133.53,2026-03-13,6,142.0,10.7,11.1,10.9,108,83,0.7483,3.7
133.53,2026-03-13,6,143.0,11.4,11.9,11.65,117,71,0.748,4.3
133.53,2026-03-13,6,144.0,11.5,12.95,12.22,240,54,0.7139,11.9
133.53,2026-03-13,6,145.0,12.7,13.4,13.05,988,150,0.7183,5.4
133.53,2026-03-13,6,146.0,13.75,15.2,14.47,112,21,0.8296,10.0
133.53,2026-03-13,6,149.0,15.7,17.1,16.4,128,19,0.7114,8.5
133.53,2026-03-13,6,150.0,16.85,17.7,17.27,1627,1254,0.7095,4.9
133.53,2026-03-13,6,152.5,18.75,21.8,20.27,29,23,0.9004,15.0
133.53,2026-03-13,6,155.0,20.75,23.2,21.98,1303,18,0.75,11.1
133.53,2026-03-13,6,157.5,22.15,29.05,25.6,21,3,1.1152,27.0
133.53,2026-03-13,6,160.0,25.5,27.3,26.4,1050,7,0.9766,6.8
133.53,2026-03-13,6,162.5,24.3,33.85,29.08,9,1,0.6914,32.8
133.53,2026-03-13,6,165.0,30.7,33.8,32.25,867,2,1.0781,9.6
133.53,2026-03-13,6,170.0,35.25,37.7,36.48,801,1,0.5938,6.7
133.53,2026-03-13,6,175.0,40.1,42.95,41.53,431,3,0.832,6.9
133.53,2026-03-13,6,180.0,45.1,48.95,47.03,219,1,1.2969,8.2
133.53,2026-03-13,6,185.0,48.95,55.5,52.23,61,40,1.4775,12.5
133.53,2026-03-13,6,190.0,54.8,59.3,57.05,97,5,1.4873,7.9
133.53,2026-03-13,6,195.0,58.0,66.15,62.08,0,1,1.585,13.1
133.53,2026-03-13,6,200.0,63.7,71.15,67.43,2,1,1.8242,11.0
133.53,2026-03-13,6,205.0,66.75,76.15,71.45,0,1,2.8767,13.2
133.53,2026-03-13,6,210.0,72.5,81.35,76.92,0,50,1.7314,11.5
133.53,2026-03-13,6,215.0,76.75,86.2,81.47,0,1,1.0938,11.6
133.53,2026-03-13,6,220.0,81.75,91.2,86.47,0,1,1.125,10.9
133.53,2026-03-13,6,225.0,86.75,96.2,91.47,0,1,1.1875,10.3
133.53,2026-03-13,6,230.0,91.75,101.2,96.47,0,1,1.2188,9.8
133.53,2026-03-13,6,235.0,96.75,106.2,101.47,0,1,1.2813,9.3
133.53,2026-03-13,6,245.0,106.75,116.2,111.47,0,0,1.3438,8.5
133.53,2026-03-13,6,250.0,111.75,121.2,116.47,0,0,1.375,8.1
133.53,2026-03-13,6,275.0,136.75,146.2,141.47,0,4,1.5938,6.7
133.53,2026-03-13,6,280.0,141.75,151.2,146.47,0,0,1.625,6.5
133.53,2026-03-13,6,285.0,146.75,156.2,151.47,0,0,1.6563,6.2
133.53,2026-03-13,6,305.0,166.75,176.2,171.47,0,3,1.7813,5.5
133.53,2026-03-20,13,5.0,0.0,0.01,0.01,3588,34,5.25,200.0
133.53,2026-03-20,13,10.0,0.0,0.24,0.12,4612,4,5.6797,200.0
133.53,2026-03-20,13,15.0,0.0,0.03,0.01,1716,24,3.8125,200.0
133.53,2026-03-20,13,20.0,0.0,0.02,0.01,1324,6,3.1875,200.0
133.53,2026-03-20,13,25.0,0.01,0.09,0.05,2320,13,3.2813,160.0
133.53,2026-03-20,13,30.0,0.0,0.06,0.03,6329,1,2.7813,200.0
133.53,2026-03-20,13,35.0,0.01,0.05,0.03,1978,4,2.5,133.3
133.53,2026-03-20,13,40.0,0.01,0.07,0.04,7041,30,2.3203,150.0
133.53,2026-03-20,13,45.0,0.0,0.1,0.05,1701,8,2.1563,200.0
133.53,2026-03-20,13,50.0,0.04,0.1,0.07,17438,41,2.0313,85.7
133.53,2026-03-20,13,55.0,0.01,0.18,0.1,1489,101,1.9141,178.9
133.53,2026-03-20,13,60.0,0.11,0.16,0.14,6422,21,1.8203,37.0
133.53,2026-03-20,13,65.0,0.08,0.2,0.14,8723,20,1.6602,85.7
133.53,2026-03-20,13,70.0,0.17,0.27,0.22,10405,367,1.6055,45.5
133.53,2026-03-20,13,75.0,0.25,0.34,0.3,10178,177,1.5195,30.5
133.53,2026-03-20,13,80.0,0.36,0.42,0.39,11848,1634,1.4355,15.4
133.53,2026-03-20,13,85.0,0.47,0.56,0.52,11583,1004,1.3574,17.5
133.53,2026-03-20,13,90.0,0.67,0.74,0.71,12967,578,1.292,9.9
133.53,2026-03-20,13,95.0,0.89,0.95,0.92,6406,662,1.2168,6.5
133.53,2026-03-20,13,100.0,1.16,1.25,1.21,20172,2027,1.146,7.5
133.53,2026-03-20,13,105.0,1.47,1.64,1.55,7925,672,1.0723,10.9
133.53,2026-03-20,13,110.0,2.0,2.19,2.09,7504,1148,1.0147,9.1
133.53,2026-03-20,13,115.0,2.63,2.88,2.75,4340,455,0.9507,9.1
133.53,2026-03-20,13,118.0,3.1,3.5,3.3,771,168,0.9199,12.1
133.53,2026-03-20,13,119.0,3.35,3.7,3.53,156,365,0.9126,9.9
133.53,2026-03-20,13,120.0,3.65,3.8,3.72,8662,1504,0.9009,4.0
133.53,2026-03-20,13,121.0,3.8,4.1,3.95,113,147,0.8906,7.6
133.53,2026-03-20,13,122.0,4.0,4.45,4.22,290,64,0.885,10.7
133.53,2026-03-20,13,123.0,4.3,4.8,4.55,114,455,0.8832,11.0
133.53,2026-03-20,13,124.0,4.6,5.0,4.8,333,17,0.8713,8.3
133.53,2026-03-20,13,125.0,5.0,5.2,5.1,3477,1950,0.8635,3.9
133.53,2026-03-20,13,126.0,5.25,5.75,5.5,65,125,0.8647,9.1
133.53,2026-03-20,13,127.0,5.55,6.1,5.82,490,67,0.8562,9.4
133.53,2026-03-20,13,128.0,5.85,6.35,6.1,114,416,0.8412,8.2
133.53,2026-03-20,13,129.0,6.2,6.7,6.45,214,29,0.8322,7.8
133.53,2026-03-20,13,130.0,6.65,6.9,6.78,3430,1304,0.8191,3.7
133.53,2026-03-20,13,131.0,7.05,7.55,7.3,274,29,0.824,6.8
133.53,2026-03-20,13,132.0,7.55,7.85,7.7,236,204,0.8148,3.9
133.53,2026-03-20,13,133.0,7.85,8.5,8.18,715,213,0.8113,8.0
133.53,2026-03-20,13,134.0,8.3,8.95,8.62,657,197,0.8035,7.5
133.53,2026-03-20,13,135.0,8.9,9.2,9.05,3095,614,0.7915,3.3
133.53,2026-03-20,13,136.0,9.45,9.75,9.6,119,62,0.7898,3.1
133.53,2026-03-20,13,137.0,9.55,10.55,10.05,143,32,0.7766,10.0
133.53,2026-03-20,13,138.0,10.55,10.95,10.75,138,49,0.7856,3.7
133.53,2026-03-20,13,139.0,11.15,11.5,11.32,88,50,0.781,3.1
133.53,2026-03-20,13,140.0,11.75,12.05,11.9,6196,531,0.7744,2.5
133.53,2026-03-20,13,141.0,11.8,13.0,12.4,120,26,0.7585,9.7
133.53,2026-03-20,13,142.0,12.8,13.3,13.05,178,60,0.7556,3.8
133.53,2026-03-20,13,143.0,12.95,14.35,13.65,49,8,0.7456,10.3
133.53,2026-03-20,13,144.0,13.8,15.05,14.43,105,11,0.752,8.7
133.53,2026-03-20,13,145.0,14.95,15.4,15.18,9502,98,0.7543,3.0
133.53,2026-03-20,13,146.0,15.6,16.4,16.0,18,4,0.7632,5.0
133.53,2026-03-20,13,147.0,15.9,17.8,16.85,72,6,0.7737,11.3
133.53,2026-03-20,13,150.0,18.15,19.2,18.67,6786,118,0.709,5.6
133.53,2026-03-20,13,152.5,20.0,22.5,21.25,14,8,0.7761,11.8
133.53,2026-03-20,13,155.0,22.1,23.95,23.02,2740,16,0.7271,8.0
133.53,2026-03-20,13,157.5,24.05,27.6,25.83,18,2,0.823,13.7
133.53,2026-03-20,13,160.0,26.4,27.9,27.15,6414,29,0.6572,5.5
133.53,2026-03-20,13,165.0,31.0,34.6,32.8,2378,5,0.876,11.0
133.53,2026-03-20,13,170.0,35.75,38.55,37.15,2359,6,0.8145,7.5
133.53,2026-03-20,13,175.0,40.4,44.25,42.33,939,5,0.9336,9.1
133.53,2026-03-20,13,180.0,45.45,47.85,46.65,3092,135,0.7529,5.1
133.53,2026-03-20,13,185.0,50.5,52.75,51.62,360,1,0.791,4.4
133.53,2026-03-20,13,190.0,55.55,58.05,56.8,1998,124,0.9502,4.4
133.53,2026-03-20,13,195.0,60.6,63.1,61.85,733,2,1.0303,4.0
133.53,2026-03-20,13,200.0,65.6,68.05,66.82,4455,125,1.0723,3.7
133.53,2026-03-20,13,205.0,69.3,74.45,71.88,11,3,1.1494,7.2
133.53,2026-03-20,13,210.0,75.35,78.0,76.67,886,2,1.082,3.5
133.53,2026-03-20,13,215.0,80.2,83.0,81.6,351,10,1.0606,3.4
133.53,2026-03-20,13,220.0,84.8,88.95,86.88,69,3,1.2988,4.8
133.53,2026-03-20,13,225.0,87.6,96.15,91.88,0,15,1.3457,9.3
133.53,2026-03-20,13,230.0,95.0,98.8,96.9,204,104,1.4043,3.9
133.53,2026-03-20,13,235.0,96.85,106.15,101.5,0,200,1.0469,9.2
133.53,2026-03-20,13,240.0,102.0,111.0,106.5,4,2,1.0781,8.5
133.53,2026-03-20,13,245.0,106.85,116.2,111.53,0,1,1.1797,8.4
133.53,2026-03-20,13,250.0,114.15,118.9,116.53,25,315,1.2148,4.1
133.53,2026-03-20,13,255.0,116.85,126.3,121.57,0,1,1.3379,7.8
133.53,2026-03-20,13,260.0,121.85,131.3,126.58,0,1,1.3711,7.5
133.53,2026-03-20,13,265.0,126.85,136.3,131.57,1,1,1.4063,7.2
133.53,2026-03-20,13,270.0,134.15,138.9,136.53,14,40,1.3438,3.5
133.53,2026-03-20,13,280.0,141.85,151.3,146.57,2,22,1.5,6.4
133.53,2026-03-20,13,290.0,154.15,161.0,157.57,22,134,2.1714,4.3
133.53,2026-03-20,13,300.0,164.15,168.9,166.53,20,270,1.5156,2.9
133.53,2026-03-20,13,310.0,174.15,178.9,176.53,7,20,1.5664,2.7
133.53,2026-03-20,13,320.0,184.15,188.9,186.53,20,280,1.6172,2.5
133.53,2026-03-20,13,330.0,191.85,201.25,196.55,0,1,1.7266,4.8
133.53,2026-03-20,13,340.0,201.8,211.25,206.53,1,1,1.7109,4.6
133.53,2026-03-20,13,350.0,214.15,218.9,216.53,162,1722,1.7578,2.2
133.53,2026-03-20,13,360.0,224.15,228.9,226.53,4,20,1.8047,2.1
133.53,2026-03-20,13,370.0,241.45,246.85,244.15,0,109,4.0256,2.2
133.53,2026-03-20,13,380.0,244.15,248.9,246.53,20,290,1.8867,1.9
133.53,2026-03-20,13,390.0,254.15,258.9,256.52,305,4730,1.9297,1.9
133.53,2026-03-20,13,400.0,265.0,268.9,266.95,441,6032,2.501,1.5
133.53,2026-03-20,13,410.0,274.15,278.9,276.52,7,30,2.0039,1.7
133.53,2026-03-20,13,420.0,281.85,291.25,286.55,0,1,2.1133,3.3
133.53,2026-03-20,13,430.0,291.8,301.25,296.52,0,1,2.0781,3.2
133.53,2026-03-20,13,440.0,289.3,292.25,290.77,0,2,0.0,1.0
133.53,2026-03-20,13,450.0,311.8,321.25,316.52,0,1,2.1484,3.0
133.53,2026-03-20,13,460.0,321.8,331.25,326.52,0,1,2.1797,2.9
133.53,2026-03-20,13,470.0,308.2,313.15,310.67,0,1,0.0,1.6
133.53,2026-03-20,13,480.0,318.2,323.15,320.67,0,8,0.0,1.5
133.53,2026-03-20,13,490.0,328.4,333.1,330.75,0,1,0.0,1.4
133.53,2026-03-20,13,500.0,338.25,343.1,340.68,0,1,0.0,1.4
133.53,2026-03-20,13,510.0,206.05,209.45,207.75,18,1,0.0,1.6
133.53,2026-03-20,13,520.0,359.55,362.05,360.8,0,1,0.0,0.7
133.53,2026-03-20,13,530.0,368.2,373.15,370.67,0,3,0.0,1.3
133.53,2026-03-20,13,540.0,359.35,363.3,361.33,0,2,0.0,1.1
133.53,2026-03-20,13,550.0,389.55,392.75,391.15,0,2,0.0,0.8
133.53,2026-03-20,13,560.0,317.65,321.45,319.55,16,1,0.0,1.2
133.53,2026-03-20,13,570.0,408.2,413.1,410.65,0,1,0.0,1.2
133.53,2026-03-20,13,580.0,272.4,276.3,274.35,1,0,0.0,1.4
133.53,2026-03-20,13,590.0,429.55,432.7,431.12,0,1,0.0,0.7
133.53,2026-03-20,13,600.0,438.25,443.1,440.68,0,1,0.0,1.1
133.53,2026-03-20,13,610.0,367.5,371.15,369.32,27,8,0.0,1.0
133.53,2026-03-20,13,620.0,376.55,381.1,378.83,13,13,0.0,1.2
133.53,2026-03-20,13,630.0,320.9,324.85,322.88,5,5,0.0,1.2
133.53,2026-03-20,13,640.0,395.0,401.05,398.02,56,23,0.0,1.5
133.53,2026-03-20,13,650.0,404.0,410.9,407.45,0,0,0.0,1.7
133.53,2026-03-20,13,660.0,414.0,421.0,417.5,0,5,0.0,1.7
133.53,2026-03-20,13,670.0,426.05,431.0,428.52,0,26,0.0,1.2
133.53,2026-03-20,13,680.0,434.0,440.9,437.45,0,0,0.0,1.6
133.53,2026-03-20,13,690.0,445.85,451.0,448.43,0,23,0.0,1.1
133.53,2026-03-20,13,700.0,454.0,460.95,457.48,0,5,0.0,1.5
133.53,2026-03-20,13,710.0,399.65,403.6,401.62,2,0,0.0,1.0
133.53,2026-03-20,13,740.0,495.85,500.9,498.38,0,0,0.0,1.0
133.53,2026-03-20,13,750.0,439.4,443.3,441.35,0,1,0.0,0.9
133.53,2026-03-20,13,770.0,404.75,407.2,405.98,9,10,0.0,0.6
133.53,2026-03-20,13,800.0,489.25,493.05,491.15,0,0,0.0,0.8
133.53,2026-03-20,13,830.0,518.35,524.75,521.55,1,0,0.0,1.2
133.53,2026-03-20,13,840.0,529.1,533.05,531.08,0,10,0.0,0.7
133.53,2026-03-20,13,850.0,538.3,544.9,541.6,0,10,0.0,1.2
133.53,2026-03-20,13,860.0,549.1,553.05,551.08,0,3,0.0,0.7
133.53,2026-03-20,13,870.0,559.1,563.05,561.08,0,0,0.0,0.7
133.53,2026-03-20,13,880.0,568.5,574.75,571.62,0,0,0.0,1.1
133.53,2026-03-20,13,900.0,716.65,720.6,718.62,0,1,0.0,0.5
133.53,2026-03-20,13,910.0,771.8,781.25,776.52,0,4,3.1719,1.2
133.53,2026-03-27,20,30.0,0.0,0.28,0.14,43,5,2.6953,200.0
133.53,2026-03-27,20,35.0,0.01,0.15,0.08,217,9,2.2656,175.0
133.53,2026-03-27,20,40.0,0.0,0.19,0.1,266,2,2.0859,200.0
133.53,2026-03-27,20,45.0,0.04,0.16,0.1,147,7,1.9063,120.0
133.53,2026-03-27,20,50.0,0.1,0.28,0.19,299,32,1.8828,94.7
133.53,2026-03-27,20,55.0,0.09,0.27,0.18,170,19,1.6992,100.0
133.53,2026-03-27,20,60.0,0.17,0.3,0.23,508,35,1.6074,55.3
133.53,2026-03-27,20,65.0,0.15,0.45,0.3,129,17,1.5156,100.0
133.53,2026-03-27,20,70.0,0.34,0.58,0.46,443,7,1.4795,52.2
133.53,2026-03-27,20,75.0,0.51,0.6,0.55,272,34,1.3872,16.2
133.53,2026-03-27,20,80.0,0.64,0.84,0.74,796,24,1.3267,27.0
133.53,2026-03-27,20,85.0,0.76,1.05,0.91,1360,21,1.2471,32.0
133.53,2026-03-27,20,90.0,1.12,1.25,1.19,1980,584,1.1899,11.0
133.53,2026-03-27,20,95.0,1.29,1.6,1.45,2376,520,1.1152,21.5
133.53,2026-03-27,20,100.0,1.83,1.95,1.89,3323,3374,1.0649,6.3
133.53,2026-03-27,20,105.0,2.3,2.58,2.44,1364,513,1.0137,11.5
133.53,2026-03-27,20,110.0,2.89,3.35,3.12,1540,43,0.9622,14.7
133.53,2026-03-27,20,115.0,3.8,4.15,3.98,1506,37,0.9122,8.8
133.53,2026-03-27,20,120.0,5.05,5.45,5.25,1043,84,0.8828,7.6
133.53,2026-03-27,20,125.0,6.55,7.05,6.8,996,270,0.8523,7.4
133.53,2026-03-27,20,130.0,8.05,9.0,8.53,712,463,0.8098,11.1
133.53,2026-03-27,20,135.0,10.6,11.05,10.82,585,28,0.7852,4.2
133.53,2026-03-27,20,140.0,13.1,14.7,13.9,849,870,0.7918,11.5
133.53,2026-03-27,20,145.0,16.15,17.95,17.05,780,29,0.7758,10.6
133.53,2026-03-27,20,150.0,19.45,21.55,20.5,988,60,0.7556,10.2
133.53,2026-03-27,20,155.0,22.9,25.9,24.4,702,51,0.748,12.3
133.53,2026-03-27,20,160.0,27.3,29.4,28.35,634,38,0.7156,7.4
133.53,2026-03-27,20,165.0,31.7,34.45,33.08,559,1,0.7554,8.3
133.53,2026-03-27,20,170.0,36.25,39.2,37.73,412,2,0.772,7.8
133.53,2026-03-27,20,175.0,40.15,44.3,42.22,67,2,0.7412,9.8
133.53,2026-03-27,20,180.0,44.85,50.5,47.67,334,1,0.8889,11.9
133.53,2026-03-27,20,185.0,48.15,56.6,52.38,29,2,0.887,16.1
133.53,2026-03-27,20,190.0,55.15,58.6,56.88,163,5,0.8037,6.1
133.53,2026-03-27,20,195.0,60.3,64.25,62.27,17,10,0.9683,6.3
133.53,2026-03-27,20,200.0,62.6,70.65,66.62,10,72,0.7725,12.1
133.53,2026-03-27,20,205.0,67.0,76.0,71.5,1,2,0.6719,12.6
133.53,2026-03-27,20,210.0,72.7,80.6,76.65,4,1,0.8672,10.3
133.53,2026-03-27,20,215.0,77.45,86.2,81.83,1,1,0.9995,10.7
133.53,2026-03-27,20,220.0,81.7,91.2,86.45,1,72,1.8318,11.0
133.53,2026-03-27,20,225.0,86.75,96.15,91.45,4,1,1.8772,10.3
133.53,2026-03-27,20,230.0,91.65,100.6,96.12,0,1,1.8577,9.3
133.53,2026-03-27,20,240.0,101.6,111.4,106.5,0,1,0.8828,9.2
133.53,2026-04-02,26,30.0,0.0,0.2,0.1,133,6,2.2813,200.0
133.53,2026-04-02,26,35.0,0.0,0.31,0.15,74,71,2.168,200.0
133.53,2026-04-02,26,40.0,0.0,0.18,0.09,154,8,1.8281,200.0
133.53,2026-04-02,26,45.0,0.1,0.41,0.26,123,24,1.9063,121.6
133.53,2026-04-02,26,50.0,0.16,0.26,0.21,869,34,1.6855,47.6
133.53,2026-04-02,26,55.0,0.22,0.61,0.41,57,213,1.7041,94.0
133.53,2026-04-02,26,60.0,0.3,0.49,0.4,603,35,1.5391,48.1
133.53,2026-04-02,26,65.0,0.26,0.65,0.46,151,21,1.4336,85.7
133.53,2026-04-02,26,70.0,0.38,0.8,0.59,115,19,1.3662,71.2
133.53,2026-04-02,26,75.0,0.53,0.75,0.64,150,62,1.2578,34.4
133.53,2026-04-02,26,80.0,0.72,1.0,0.86,370,123,1.208,32.6
133.53,2026-04-02,26,85.0,0.99,1.22,1.1,62,22,1.1519,20.8
133.53,2026-04-02,26,90.0,1.27,1.67,1.47,99,10,1.1094,27.2
133.53,2026-04-02,26,95.0,1.51,1.93,1.72,103,8,1.0327,24.4
133.53,2026-04-02,26,100.0,2.16,2.46,2.31,697,360,1.0007,13.0
133.53,2026-04-02,26,105.0,2.7,3.2,2.95,127,56,0.9573,16.9
133.53,2026-04-02,26,110.0,3.45,4.05,3.75,255,21,0.9155,16.0
133.53,2026-04-02,26,115.0,4.6,5.1,4.85,542,98,0.8855,10.3
133.53,2026-04-02,26,120.0,6.0,6.25,6.12,621,378,0.8506,4.1
133.53,2026-04-02,26,125.0,7.5,8.05,7.78,728,49,0.825,7.1
133.53,2026-04-02,26,130.0,9.4,10.15,9.78,332,147,0.8027,7.7
133.53,2026-04-02,26,135.0,12.0,12.85,12.43,492,220,0.8031,6.8
133.53,2026-04-02,26,140.0,14.2,15.4,14.8,465,158,0.761,8.1
133.53,2026-04-02,26,145.0,17.2,18.5,17.85,431,186,0.7424,7.3
133.53,2026-04-02,26,150.0,20.7,22.15,21.42,388,42,0.7393,6.8
133.53,2026-04-02,26,155.0,24.55,26.75,25.65,366,43,0.7679,8.6
133.53,2026-04-02,26,160.0,28.15,31.6,29.88,298,7,0.782,11.5
133.53,2026-04-02,26,165.0,32.45,36.25,34.35,191,5,0.8057,11.1
133.53,2026-04-02,26,170.0,34.0,42.55,38.27,153,3,0.7537,22.3
133.53,2026-04-02,26,175.0,38.6,47.2,42.9,22,10,0.7634,20.0
133.53,2026-04-02,26,180.0,44.0,52.1,48.05,192,31,0.8401,16.9
133.53,2026-04-02,26,185.0,48.1,56.9,52.5,5,4,0.8052,16.8
133.53,2026-04-02,26,190.0,53.75,61.0,57.38,124,31,0.8296,12.6
133.53,2026-04-02,26,200.0,62.6,71.45,67.03,3,30,0.835,13.2
133.53,2026-04-02,26,205.0,67.65,76.4,72.03,10,0,0.875,12.1
133.53,2026-04-02,26,210.0,71.8,81.3,76.55,3,1,0.6895,12.4
133.53,2026-04-02,26,220.0,81.7,91.25,86.47,1,0,0.5938,11.0
133.53,2026-04-02,26,225.0,87.25,96.2,91.72,5,4,0.9033,9.8
133.53,2026-04-02,26,230.0,91.65,101.2,96.43,1,0,1.7046,9.9
133.53,2026-04-02,26,235.0,97.25,106.15,101.7,1,0,0.9512,8.8
133.53,2026-04-10,34,50.0,0.0,0.53,0.27,22,50,1.5313,200.0
133.53,2026-04-10,34,60.0,0.26,0.57,0.41,91,121,1.3633,74.7
133.53,2026-04-10,34,65.0,0.42,0.68,0.55,353,26,1.3027,47.3
133.53,2026-04-10,34,70.0,0.48,0.98,0.73,70,42,1.2505,68.5
133.53,2026-04-10,34,75.0,0.64,0.98,0.81,97,4,1.1587,42.0
133.53,2026-04-10,34,80.0,1.09,1.32,1.21,101,179,1.1455,19.1
133.53,2026-04-10,34,85.0,1.25,1.66,1.46,1240,18,1.0825,28.2
133.53,2026-04-10,34,90.0,1.64,2.0,1.82,67,42,1.033,19.8
133.53,2026-04-10,34,95.0,2.06,2.52,2.29,29,34,0.9883,20.1
133.53,2026-04-10,34,100.0,2.68,3.2,2.94,173,62,0.9539,17.7
133.53,2026-04-10,34,105.0,3.55,4.0,3.77,37,11,0.9246,11.9
133.53,2026-04-10,34,110.0,4.65,5.0,4.83,157,410,0.8992,7.3
133.53,2026-04-10,34,115.0,5.65,6.15,5.9,188,20,0.86,8.5
133.53,2026-04-10,34,120.0,7.1,7.95,7.53,89,22,0.8462,11.3
133.53,2026-04-10,34,125.0,8.75,9.4,9.07,83,78,0.8098,7.2
133.53,2026-04-10,34,130.0,10.6,11.3,10.95,123,180,0.7783,6.4
133.53,2026-04-10,34,135.0,13.1,13.95,13.52,302,237,0.7722,6.3
133.53,2026-04-10,34,140.0,15.7,16.7,16.2,275,111,0.7538,6.2
133.53,2026-04-10,34,145.0,18.65,19.55,19.1,385,212,0.7308,4.7
133.53,2026-04-10,34,155.0,25.3,28.15,26.73,175,42,0.751,10.7
133.53,2026-04-10,34,170.0,34.65,43.55,39.1,5,3,0.7446,22.8
133.53,2026-04-10,34,190.0,56.65,57.8,57.22,242,31,0.7014,2.0
133.53,2026-04-10,34,210.0,71.9,80.85,76.38,16,15,1.3035,11.7
133.53,2026-04-10,34,215.0,76.85,86.35,81.6,1,1,0.6719,11.6
133.53,2026-04-10,34,220.0,81.75,91.3,86.53,1,1,0.6328,11.0
133.53,2026-04-17,41,5.0,0.0,0.08,0.04,1853,770,3.7188,200.0
133.53,2026-04-17,41,10.0,0.01,0.05,0.03,1597,11,2.7969,133.3
133.53,2026-04-17,41,15.0,0.02,0.18,0.1,891,78,2.6797,160.0
133.53,2026-04-17,41,20.0,0.0,0.22,0.11,935,29,2.3477,200.0
133.53,2026-04-17,41,25.0,0.03,0.24,0.14,1114,17,2.125,155.6
133.53,2026-04-17,41,30.0,0.1,0.24,0.17,478,6,1.957,82.4
133.53,2026-04-17,41,35.0,0.07,0.3,0.18,686,1,1.7813,124.3
133.53,2026-04-17,41,40.0,0.11,0.42,0.27,787,4,1.6953,117.0
133.53,2026-04-17,41,45.0,0.16,0.35,0.26,896,279,1.5293,74.5
133.53,2026-04-17,41,50.0,0.28,0.51,0.4,3690,11,1.4883,58.2
133.53,2026-04-17,41,55.0,0.4,0.65,0.53,1364,3,1.4229,47.6
133.53,2026-04-17,41,60.0,0.55,0.79,0.67,8530,50,1.3555,35.8
133.53,2026-04-17,41,65.0,0.73,0.85,0.79,5983,7,1.2754,15.2
133.53,2026-04-17,41,70.0,0.89,1.05,0.97,6023,132,1.2109,16.5
133.53,2026-04-17,41,75.0,1.16,1.4,1.28,6437,13,1.1709,18.8
133.53,2026-04-17,41,80.0,1.42,1.62,1.52,1348,69,1.1069,13.2
133.53,2026-04-17,41,85.0,1.76,2.0,1.88,392,23,1.0581,12.8
133.53,2026-04-17,41,90.0,2.19,2.47,2.33,1698,18,1.0137,12.0
133.53,2026-04-17,41,95.0,2.76,3.1,2.93,410,121,0.9775,11.6
133.53,2026-04-17,41,100.0,3.55,3.8,3.67,8831,231,0.9448,6.8
133.53,2026-04-17,41,105.0,4.35,4.65,4.5,4807,73,0.9075,6.7
133.53,2026-04-17,41,110.0,5.5,5.65,5.58,2985,184,0.8787,2.7
133.53,2026-04-17,41,115.0,6.65,7.15,6.9,809,115,0.8546,7.2
133.53,2026-04-17,41,120.0,8.2,8.55,8.38,3410,286,0.8267,4.2
133.53,2026-04-17,41,125.0,10.1,10.5,10.3,1449,225,0.8123,3.9
133.53,2026-04-17,41,130.0,12.15,12.55,12.35,1588,344,0.79,3.2
133.53,2026-04-17,41,135.0,14.6,14.9,14.75,704,191,0.773,2.0
133.53,2026-04-17,41,140.0,17.35,17.85,17.6,1363,228,0.7657,2.8
133.53,2026-04-17,41,145.0,20.35,21.2,20.77,3025,202,0.7622,4.1
133.53,2026-04-17,41,150.0,23.7,24.4,24.05,3282,18,0.7501,2.9
133.53,2026-04-17,41,155.0,26.7,28.15,27.42,1501,5,0.7295,5.3
133.53,2026-04-17,41,160.0,30.6,31.85,31.23,5286,13,0.7211,4.0
133.53,2026-04-17,41,165.0,34.25,36.6,35.42,2379,1,0.7275,6.6
133.53,2026-04-17,41,170.0,38.5,41.0,39.75,2810,4,0.7332,6.3
133.53,2026-04-17,41,175.0,42.7,45.3,44.0,997,11,0.7217,5.9
133.53,2026-04-17,41,180.0,47.2,49.55,48.38,1776,32,0.7087,4.9
133.53,2026-04-17,41,185.0,51.85,55.2,53.53,1116,7,0.7683,6.3
133.53,2026-04-17,41,190.0,56.45,59.05,57.75,1457,8,0.7195,4.5
133.53,2026-04-17,41,195.0,61.15,63.8,62.47,336,2,0.7175,4.2
133.53,2026-04-17,41,200.0,66.0,68.6,67.3,1560,5,0.7236,3.9
133.53,2026-04-17,41,205.0,68.1,73.75,70.92,46,1,0.9529,8.0
133.53,2026-04-17,41,210.0,75.85,78.3,77.07,1766,6,0.7437,3.2
133.53,2026-04-17,41,215.0,77.9,86.0,81.95,27,3,0.7432,9.9
133.53,2026-04-17,41,220.0,85.4,88.15,86.78,789,26,0.7178,3.2
133.53,2026-04-17,41,225.0,89.55,95.9,92.72,12,1,0.9546,6.8
133.53,2026-04-17,41,230.0,95.4,98.0,96.7,666,4,0.7393,2.7
133.53,2026-04-17,41,235.0,99.15,105.8,102.47,20,4,0.9697,6.5
133.53,2026-04-17,41,240.0,105.2,107.95,106.58,239,1,0.7129,2.6
133.53,2026-04-17,41,250.0,114.55,118.65,116.6,567,1,0.7734,3.5
133.53,2026-04-17,41,260.0,125.2,129.9,127.55,103,1,1.1133,3.7
133.53,2026-04-17,41,270.0,132.45,140.65,136.55,0,1,0.8086,6.0
133.53,2026-04-17,41,280.0,142.4,150.65,146.53,5,8,0.8125,5.6
133.53,2026-04-17,41,290.0,152.4,160.6,156.5,0,4,0.8008,5.2
133.53,2026-04-17,41,295.0,157.4,165.6,161.5,0,10,0.8164,5.1
133.53,2026-04-17,41,300.0,162.4,170.6,166.5,0,5,0.832,4.9
133.53,2026-04-17,41,305.0,167.4,175.6,171.5,4,4,0.8438,4.8
133.53,2026-04-17,41,310.0,172.4,180.6,176.5,0,1,0.8594,4.6
133.53,2026-04-17,41,315.0,177.4,185.6,181.5,0,1,0.875,4.5
133.53,2026-04-17,41,320.0,182.4,190.6,186.5,0,1,0.8906,4.4
133.53,2026-04-17,41,325.0,187.4,195.6,191.5,0,5,0.9023,4.3
133.53,2026-04-17,41,330.0,192.4,200.6,196.5,0,30,0.918,4.2
133.53,2026-04-17,41,335.0,197.4,205.6,201.5,0,5,0.9297,4.1
133.53,2026-04-17,41,340.0,203.25,209.9,206.57,0,1,1.0586,3.2
133.53,2026-04-17,41,345.0,207.4,215.6,211.5,0,2,0.957,3.9
133.53,2026-04-17,41,350.0,212.4,220.6,216.5,0,3,0.9688,3.8
133.53,2026-04-17,41,355.0,218.25,224.9,221.57,13,1,1.0996,3.0
133.53,2026-04-17,41,360.0,222.4,230.6,226.5,0,6,0.9922,3.6
133.53,2026-04-17,41,365.0,202.7,208.65,205.68,0,2,0.0,2.9
133.53,2026-04-17,41,370.0,219.3,222.65,220.98,0,3,0.0,1.5
133.53,2026-04-17,41,375.0,237.4,245.6,241.5,0,1,1.0313,3.4
133.53,2026-04-17,41,380.0,242.4,250.6,246.5,0,5,1.0391,3.3
133.53,2026-04-17,41,385.0,234.5,237.6,236.05,0,1,0.0,1.3
133.53,2026-04-17,41,390.0,252.4,260.6,256.5,0,1,1.0625,3.2
133.53,2026-04-17,41,395.0,244.3,247.2,245.75,0,4,0.0,1.2
133.53,2026-04-17,41,400.0,262.4,270.6,266.5,0,1,1.0859,3.1
133.53,2026-04-17,41,405.0,267.4,275.6,271.5,0,1,1.0977,3.0
133.53,2026-04-17,41,410.0,272.4,280.6,276.5,0,3,1.1094,3.0
133.53,2026-04-17,41,415.0,254.2,258.25,256.23,0,2,0.0,1.6
133.53,2026-04-17,41,420.0,269.25,272.2,270.73,0,49,0.0,1.1
133.53,2026-04-17,41,425.0,263.0,268.35,265.68,0,13,0.0,2.0
133.53,2026-04-17,41,430.0,268.7,272.5,270.6,0,8,0.0,1.4
133.53,2026-04-17,41,440.0,280.2,283.0,281.6,0,0,0.0,1.0
133.53,2026-04-17,41,445.0,294.25,297.2,295.73,0,2,0.0,1.0
133.53,2026-04-17,41,450.0,289.2,293.25,291.23,0,5,0.0,1.4
133.53,2026-04-17,41,455.0,293.0,298.35,295.68,0,0,0.0,1.8
133.53,2026-04-17,41,460.0,219.85,224.15,222.0,1,0,0.0,1.9
133.53,2026-04-17,41,470.0,333.2,339.85,336.52,0,1,1.2852,2.0
133.53,2026-04-17,41,475.0,316.2,318.8,317.5,0,1,0.0,0.8
133.53,2026-04-17,41,480.0,180.7,184.6,182.65,0,0,0.0,2.1
133.53,2026-04-17,41,485.0,348.2,354.85,351.52,0,1,1.3125,1.9
133.53,2026-04-17,41,500.0,338.0,343.3,340.65,0,1,0.0,1.6
133.53,2026-04-17,41,520.0,359.2,363.25,361.23,0,1,0.0,1.1
133.53,2026-04-17,41,540.0,379.2,383.25,381.23,0,1,0.0,1.1
133.53,2026-04-17,41,550.0,388.5,393.3,390.9,0,4,0.0,1.2
133.53,2026-05-15,69,5.0,0.01,0.02,0.01,1426,13,2.5938,66.7
133.53,2026-05-15,69,10.0,0.01,0.09,0.05,571,196,2.2813,160.0
133.53,2026-05-15,69,15.0,0.03,0.35,0.19,177,17,2.2578,168.4
133.53,2026-05-15,69,20.0,0.1,0.36,0.23,156,19,2.0078,113.0
133.53,2026-05-15,69,25.0,0.1,0.31,0.21,56,4,1.7422,102.4
133.53,2026-05-15,69,30.0,0.19,0.4,0.3,778,3,1.6387,71.2
133.53,2026-05-15,69,35.0,0.24,0.55,0.4,138,2,1.5439,78.5
133.53,2026-05-15,69,40.0,0.39,0.66,0.53,1108,169,1.4648,51.4
133.53,2026-05-15,69,45.0,0.57,0.81,0.69,155,5,1.3965,34.8
133.53,2026-05-15,69,50.0,0.84,0.97,0.91,441,445,1.3398,14.4
133.53,2026-05-15,69,55.0,1.04,1.15,1.09,532,70,1.2715,10.0
133.53,2026-05-15,69,60.0,1.32,1.4,1.36,1935,5,1.2173,5.9
133.53,2026-05-15,69,65.0,1.51,1.84,1.68,1717,68,1.1672,19.7
133.53,2026-05-15,69,70.0,1.86,2.09,1.98,223,74,1.1104,11.6
133.53,2026-05-15,69,75.0,2.27,2.52,2.4,1542,3,1.0667,10.4
133.53,2026-05-15,69,80.0,2.8,3.1,2.95,983,5,1.0322,10.2
133.53,2026-05-15,69,85.0,3.35,3.8,3.58,564,31,0.9973,12.6
133.53,2026-05-15,69,90.0,4.1,4.45,4.28,695,37,0.9619,8.2
133.53,2026-05-15,69,95.0,5.0,5.3,5.15,457,42,0.933,5.8
133.53,2026-05-15,69,100.0,6.0,6.5,6.25,1656,163,0.9115,8.0
133.53,2026-05-15,69,105.0,7.35,7.55,7.45,1898,26,0.8872,2.7
133.53,2026-05-15,69,110.0,8.75,9.0,8.88,2084,445,0.8673,2.8
133.53,2026-05-15,69,115.0,10.35,10.8,10.57,573,115,0.8528,4.3
133.53,2026-05-15,69,120.0,12.25,12.5,12.38,1755,132,0.8341,2.0
133.53,2026-05-15,69,125.0,14.35,14.7,14.52,1031,46,0.823,2.4
133.53,2026-05-15,69,130.0,16.65,17.2,16.92,1333,183,0.814,3.2
133.53,2026-05-15,69,135.0,19.2,19.5,19.35,545,80,0.7972,1.6
133.53,2026-05-15,69,140.0,21.95,22.55,22.25,965,90,0.7926,2.7
133.53,2026-05-15,69,145.0,24.95,25.45,25.2,689,80,0.7817,2.0
133.53,2026-05-15,69,150.0,28.1,29.4,28.75,2134,90,0.7887,4.5
133.53,2026-05-15,69,155.0,30.75,32.9,31.82,1587,3,0.7673,6.8
133.53,2026-05-15,69,160.0,34.55,36.45,35.5,1517,17,0.765,5.4
133.53,2026-05-15,69,165.0,36.35,41.05,38.7,1584,2,0.7327,12.1
133.53,2026-05-15,69,170.0,41.6,44.45,43.03,1683,2,0.7475,6.6
133.53,2026-05-15,69,175.0,45.8,48.5,47.15,477,1,0.7467,5.7
133.53,2026-05-15,69,180.0,50.05,52.65,51.35,3759,33,0.7441,5.1
133.53,2026-05-15,69,185.0,54.1,57.1,55.6,348,2,0.7384,5.4
133.53,2026-05-15,69,190.0,58.8,61.25,60.02,859,30,0.7377,4.1
133.53,2026-05-15,69,195.0,63.2,65.7,64.45,194,10,0.7316,3.9
133.53,2026-05-15,69,200.0,67.6,70.2,68.9,1762,32,0.7211,3.8
133.53,2026-05-15,69,205.0,72.25,75.05,73.65,1074,100,0.7297,3.8
133.53,2026-05-15,69,210.0,77.05,79.75,78.4,508,5,0.7354,3.4
133.53,2026-05-15,69,215.0,81.25,85.0,83.12,127,1,0.7351,4.5
133.53,2026-05-15,69,220.0,86.45,89.25,87.85,306,1,0.7305,3.2
133.53,2026-05-15,69,225.0,90.85,95.0,92.92,121,1,0.7632,4.5
133.53,2026-05-15,69,230.0,96.0,99.75,97.88,195,1,0.7808,3.8
133.53,2026-05-15,69,235.0,100.6,104.45,102.53,120,1,0.7583,3.8
133.53,2026-05-15,69,240.0,104.0,111.8,107.9,91,1,0.8284,7.2
133.53,2026-05-15,69,245.0,107.4,116.7,112.05,35,6,0.7197,8.3
133.53,2026-05-15,69,250.0,115.6,118.5,117.05,624,1,0.7388,2.5
133.53,2026-05-15,69,255.0,117.25,126.55,121.9,46,2,0.7227,7.6
133.53,2026-05-15,69,260.0,122.2,131.0,126.6,60,34,0.6309,7.0
133.53,2026-05-15,69,265.0,128.0,136.45,132.22,59,1,0.8272,6.4
133.53,2026-05-15,69,270.0,135.45,138.25,136.85,370,1,0.7593,2.0
133.53,2026-05-15,69,275.0,140.45,143.2,141.82,202,2,0.7676,1.9
133.53,2026-05-15,69,280.0,145.0,148.8,146.9,77,2,0.8052,2.6
133.53,2026-05-15,69,285.0,147.0,156.3,151.65,19,1,0.7314,6.1
133.53,2026-05-15,69,290.0,151.95,161.3,156.62,0,2,0.7324,6.0
133.53,2026-05-15,69,295.0,156.95,166.25,161.6,29,1,0.7305,5.8
133.53,2026-05-15,69,300.0,161.9,171.25,166.57,2,22,0.7266,5.6
133.53,2026-05-15,69,305.0,166.9,176.25,171.57,3,3,0.7402,5.4
133.53,2026-05-15,69,310.0,171.85,181.2,176.52,6,8,0.707,5.3
133.53,2026-05-15,69,315.0,176.85,186.2,181.52,0,4,0.7168,5.2
133.53,2026-05-15,69,320.0,181.85,191.2,186.52,0,103,0.7285,5.0
133.53,2026-05-15,69,325.0,186.85,196.2,191.52,0,3,0.7402,4.9
133.53,2026-05-15,69,330.0,191.85,201.2,196.52,0,102,0.75,4.8
133.53,2026-05-15,69,335.0,196.85,206.2,201.52,0,3,0.7617,4.6
133.53,2026-05-15,69,340.0,201.85,211.2,206.52,0,2,0.7734,4.5
133.53,2026-05-15,69,345.0,194.5,197.3,195.9,23,1,0.0,1.4
133.53,2026-05-15,69,350.0,211.85,221.2,216.52,0,3,0.793,4.3
133.53,2026-05-15,69,355.0,216.85,226.2,221.52,0,2,0.8047,4.2
133.53,2026-05-15,69,360.0,221.85,231.2,226.52,0,78,0.8125,4.1
133.53,2026-05-15,69,365.0,204.25,209.0,206.62,91,4,0.0,2.3
133.53,2026-05-15,69,370.0,231.85,241.2,236.52,0,43,0.832,4.0
133.53,2026-05-15,69,375.0,243.6,254.65,249.12,0,2,1.8136,4.4
133.53,2026-05-15,69,380.0,241.85,251.2,246.52,0,1,0.8516,3.8
133.53,2026-05-15,69,385.0,223.25,228.25,225.75,7,2,0.0,2.2
133.53,2026-05-15,69,390.0,251.85,261.2,256.52,0,4,0.8711,3.6
133.53,2026-05-15,69,395.0,244.25,247.5,245.88,0,1,0.0,1.3
133.53,2026-05-15,69,400.0,261.85,271.25,266.55,0,40,0.918,3.5
133.53,2026-05-15,69,405.0,266.85,276.25,271.55,0,40,0.9258,3.5
133.53,2026-05-15,69,410.0,259.3,262.4,260.85,0,40,0.0,1.2
133.53,2026-05-15,69,415.0,255.95,257.55,256.75,0,1,0.0,0.6
133.53,2026-05-15,69,420.0,269.2,272.2,270.7,0,960,0.0,1.1
133.53,2026-05-15,69,425.0,265.75,268.9,267.32,0,1,0.0,1.2
133.53,2026-05-15,69,430.0,279.5,282.5,281.0,0,20,0.0,1.1
133.53,2026-05-15,69,435.0,274.55,278.4,276.48,0,0,0.0,1.4
133.53,2026-05-15,69,440.0,289.5,292.65,291.07,0,1,0.0,1.1
133.53,2026-05-15,69,470.0,230.05,236.4,233.23,2,4,0.0,2.7
133.53,2026-05-15,69,475.0,312.85,318.45,315.65,0,9,0.0,1.8
133.53,2026-05-15,69,480.0,329.25,332.3,330.77,0,2,0.0,0.9
133.53,2026-05-15,69,485.0,325.15,328.1,326.62,0,0,0.0,0.9
133.53,2026-05-15,69,505.0,342.85,348.5,345.68,0,1,0.0,1.6
133.53,2026-05-15,69,510.0,350.1,353.1,351.6,0,7,0.0,0.9
133.53,2026-05-15,69,535.0,375.75,378.9,377.32,0,0,0.0,0.8
133.53,2026-05-15,69,590.0,429.15,433.45,431.3,0,21,0.0,1.0
133.53,2026-05-15,69,600.0,437.9,443.45,440.67,0,21,0.0,1.3
133.53,2026-05-15,69,620.0,460.75,463.95,462.35,0,0,0.0,0.7
133.53,2026-06-18,103,5.0,0.04,0.09,0.07,21926,31,2.5,76.9
133.53,2026-06-18,103,6.0,0.02,0.12,0.07,2196,103,2.3672,142.9
133.53,2026-06-18,103,7.0,0.02,0.15,0.08,5029,3,2.293,152.9
133.53,2026-06-18,103,8.0,0.02,0.17,0.1,1452,134,2.2109,157.9
133.53,2026-06-18,103,9.0,0.02,0.2,0.11,1567,2,2.1484,163.6
133.53,2026-06-18,103,10.0,0.05,0.15,0.1,11338,194,2.0352,100.0
133.53,2026-06-18,103,11.0,0.02,0.24,0.13,755,2,2.0234,169.2
133.53,2026-06-18,103,12.0,0.06,0.26,0.16,1638,34,2.0039,125.0
133.53,2026-06-18,103,13.0,0.02,0.34,0.18,407,18,1.9648,177.8
133.53,2026-06-18,103,14.0,0.06,0.49,0.28,231,20,2.0195,156.4
133.53,2026-06-18,103,15.0,0.07,0.35,0.21,418,8,1.8789,133.3
133.53,2026-06-18,103,16.0,0.01,0.46,0.24,797,1,1.8516,191.5
133.53,2026-06-18,103,17.0,0.07,0.54,0.31,455,4,1.8682,154.1
133.53,2026-06-18,103,18.0,0.16,0.4,0.28,199,1,1.791,85.7
133.53,2026-06-18,103,19.0,0.13,0.58,0.35,306,8,1.8066,126.8
133.53,2026-06-18,103,20.0,0.15,0.49,0.32,880,1,1.7305,106.2
133.53,2026-06-18,103,21.0,0.11,0.53,0.32,138,1,1.6855,131.2
133.53,2026-06-18,103,22.0,0.16,1.22,0.69,462,3,1.8691,153.6
133.53,2026-06-18,103,23.0,0.15,1.15,0.65,133,6,1.8027,153.8
133.53,2026-06-18,103,24.0,0.17,1.0,0.58,219,2,1.7266,141.9
133.53,2026-06-18,103,25.0,0.24,0.79,0.52,205,1,1.6484,106.8
133.53,2026-06-18,103,26.0,0.16,0.78,0.47,115,1,1.585,131.9
133.53,2026-06-18,103,27.0,0.25,0.7,0.47,362,5,1.5508,94.7
133.53,2026-06-18,103,28.0,0.27,0.73,0.5,388,112,1.5293,92.0
133.53,2026-06-18,103,29.0,0.34,0.83,0.58,200,1,1.5371,83.8
133.53,2026-06-18,103,30.0,0.38,0.75,0.56,14879,5,1.4941,65.5
133.53,2026-06-18,103,31.0,0.41,0.8,0.6,171,14,1.4805,64.5
133.53,2026-06-18,103,32.0,0.44,0.84,0.64,675,10,1.4639,62.5
133.53,2026-06-18,103,33.0,0.44,0.88,0.66,199,2,1.4414,66.7
133.53,2026-06-18,103,34.0,0.39,1.05,0.72,121,102,1.4346,91.7
133.53,2026-06-18,103,35.0,0.52,0.96,0.74,324,6,1.4121,59.5
133.53,2026-06-18,103,36.0,0.37,1.23,0.8,287,3,1.4043,107.5
133.53,2026-06-18,103,37.0,0.57,1.2,0.89,119,5,1.4033,71.2
133.53,2026-06-18,103,38.0,0.68,1.12,0.9,141,1,1.3804,48.9
133.53,2026-06-18,103,39.0,0.5,1.2,0.85,60,1,1.3384,82.4
133.53,2026-06-18,103,40.0,0.79,1.2,0.99,1730,2,1.354,41.2
133.53,2026-06-18,103,41.0,0.79,1.32,1.06,19,2,1.3442,50.2
133.53,2026-06-18,103,42.0,0.87,1.32,1.09,142,6,1.3286,41.1
133.53,2026-06-18,103,43.0,0.91,1.37,1.14,328,2,1.3145,40.4
133.53,2026-06-18,103,44.0,0.91,1.47,1.19,41,1,1.3018,47.1
133.53,2026-06-18,103,45.0,1.05,1.47,1.26,811,2,1.293,33.3
133.53,2026-06-18,103,46.0,1.1,1.48,1.29,117,2,1.2754,29.5
133.53,2026-06-18,103,47.0,1.13,1.6,1.36,340,119,1.2676,34.4
133.53,2026-06-18,103,48.0,1.13,1.65,1.39,51,2,1.2495,37.4
133.53,2026-06-18,103,49.0,1.26,1.65,1.46,80,2,1.2393,26.8
133.53,2026-06-18,103,50.0,1.37,1.65,1.51,14511,22,1.2271,18.5
133.53,2026-06-18,103,51.0,1.37,1.79,1.58,123,2,1.2175,26.6
133.53,2026-06-18,103,52.0,1.4,1.83,1.61,177,1,1.2017,26.6
133.53,2026-06-18,103,53.0,1.48,1.83,1.66,298,2,1.187,21.1
133.53,2026-06-18,103,54.0,1.53,1.83,1.68,465,2,1.1697,17.9
133.53,2026-06-18,103,55.0,1.63,1.83,1.73,297,31,1.1567,11.6
133.53,2026-06-18,103,56.0,1.73,2.13,1.93,330,2,1.167,20.7
133.53,2026-06-18,103,57.0,1.75,2.2,1.98,186,1,1.1528,22.8
133.53,2026-06-18,103,58.0,1.75,2.31,2.03,78,2,1.1401,27.6
133.53,2026-06-18,103,59.0,1.88,2.31,2.09,196,11,1.1289,20.5
133.53,2026-06-18,103,60.0,2.04,2.36,2.2,1672,3,1.1231,14.5
133.53,2026-06-18,103,61.0,2.11,2.45,2.28,115,1,1.1138,14.9
133.53,2026-06-18,103,62.0,2.11,2.53,2.32,105,7,1.0991,18.1
133.53,2026-06-18,103,63.0,2.22,2.64,2.43,509,2,1.093,17.3
133.53,2026-06-18,103,64.0,2.22,2.74,2.48,959,2,1.0798,21.0
133.53,2026-06-18,103,65.0,2.42,2.88,2.65,337,7,1.0803,17.4
133.53,2026-06-18,103,66.0,2.42,2.91,2.67,46,5,1.0627,18.4
133.53,2026-06-18,103,67.0,2.59,2.94,2.76,186,2,1.0549,12.7
133.53,2026-06-18,103,68.0,2.65,3.1,2.88,98,2,1.0481,15.7
133.53,2026-06-18,103,69.0,2.8,3.2,3.0,356,97,1.0422,13.3
133.53,2026-06-18,103,70.0,2.93,3.3,3.12,544,10,1.0354,11.9
133.53,2026-06-18,103,71.0,3.05,3.55,3.3,280,12,1.0349,15.2
133.53,2026-06-18,103,72.0,3.15,3.55,3.35,149,2,1.0212,11.9
133.53,2026-06-18,103,73.0,3.2,3.75,3.48,125,1,1.0144,15.8
133.53,2026-06-18,103,74.0,3.4,3.8,3.6,139,1,1.0076,11.1
133.53,2026-06-18,103,75.0,3.55,3.95,3.75,1781,1,1.0026,10.7
133.53,2026-06-18,103,76.0,3.55,4.15,3.85,205,2,0.993,15.6
133.53,2026-06-18,103,77.0,3.7,4.4,4.05,148,2,0.9917,17.3
133.53,2026-06-18,103,78.0,3.8,4.4,4.1,80,36,0.9779,14.6
133.53,2026-06-18,103,79.0,4.1,4.55,4.32,133,2,0.9779,10.4
133.53,2026-06-18,103,80.0,4.3,4.7,4.5,1866,33,0.9736,8.9
133.53,2026-06-18,103,81.0,4.4,4.85,4.62,142,34,0.9652,9.7
133.53,2026-06-18,103,82.0,4.45,5.15,4.8,227,200,0.9603,14.6
133.53,2026-06-18,103,83.0,4.45,5.4,4.93,69,1,0.9517,19.3
133.53,2026-06-18,103,84.0,4.7,5.4,5.05,113,1,0.9429,13.9
133.53,2026-06-18,103,85.0,5.15,5.55,5.35,652,3,0.9458,7.5
133.53,2026-06-18,103,86.0,5.2,5.9,5.55,68,1,0.9417,12.6
133.53,2026-06-18,103,87.0,5.35,6.1,5.72,125,6,0.9354,13.1
133.53,2026-06-18,103,88.0,5.55,6.2,5.88,247,2,0.9275,11.1
133.53,2026-06-18,103,89.0,5.9,6.35,6.12,249,2,0.9257,7.3
133.53,2026-06-18,103,90.0,6.1,6.55,6.32,1040,71,0.9204,7.1
133.53,2026-06-18,103,91.0,6.3,6.75,6.53,269,1,0.9148,6.9
133.53,2026-06-18,103,92.0,6.55,7.0,6.78,1205,1,0.912,6.6
133.53,2026-06-18,103,93.0,6.55,7.5,7.03,31,6,0.9089,13.5
133.53,2026-06-18,103,94.0,7.0,7.5,7.25,607,2,0.9041,6.9
133.53,2026-06-18,103,95.0,7.3,7.7,7.5,1172,1,0.9004,5.3
133.53,2026-06-18,103,96.0,7.45,7.95,7.7,321,2,0.8937,6.5
133.53,2026-06-18,103,97.0,7.55,8.4,7.97,186,2,0.8907,10.7
133.53,2026-06-18,103,98.0,8.0,8.45,8.22,180,2,0.8862,5.5
133.53,2026-06-18,103,99.0,8.25,8.75,8.5,232,1,0.8828,5.9
133.53,2026-06-18,103,100.0,8.6,9.0,8.8,7108,65,0.8804,4.5
133.53,2026-06-18,103,101.0,8.8,9.3,9.05,63,2,0.8751,5.5
133.53,2026-06-18,103,102.0,9.1,9.6,9.35,210,2,0.8721,5.3
133.53,2026-06-18,103,103.0,9.3,9.9,9.6,173,1,0.8664,6.2
133.53,2026-06-18,103,104.0,9.7,10.15,9.93,174,1,0.864,4.5
133.53,2026-06-18,103,105.0,9.9,10.45,10.18,514,15,0.8579,5.4
133.53,2026-06-18,103,106.0,10.3,10.8,10.55,785,4,0.8573,4.7
133.53,2026-06-18,103,107.0,10.6,11.15,10.88,243,1,0.8541,5.1
133.53,2026-06-18,103,108.0,10.95,11.5,11.22,119,2,0.8518,4.9
133.53,2026-06-18,103,109.0,11.3,11.8,11.55,295,20,0.8481,4.3
133.53,2026-06-18,103,110.0,11.65,12.15,11.9,1492,17,0.8452,4.2
133.53,2026-06-18,103,111.0,11.85,12.5,12.18,169,2,0.8388,5.3
133.53,2026-06-18,103,112.0,12.15,12.9,12.53,339,1,0.8355,6.0
133.53,2026-06-18,103,113.0,12.65,13.25,12.95,204,34,0.835,4.6
133.53,2026-06-18,103,114.0,12.9,13.85,13.38,23,2,0.8342,7.1
133.53,2026-06-18,103,115.0,13.25,14.0,13.62,1105,40,0.8259,5.5
133.53,2026-06-18,103,116.0,13.65,14.4,14.03,236,101,0.8237,5.3
133.53,2026-06-18,103,117.0,14.05,14.8,14.43,169,7,0.821,5.2
133.53,2026-06-18,103,118.0,14.5,15.2,14.85,466,1,0.8192,4.7
133.53,2026-06-18,103,119.0,14.95,15.85,15.4,86,5,0.8221,5.8
133.53,2026-06-18,103,120.0,15.45,16.05,15.75,3154,46,0.8167,3.8
133.53,2026-06-18,103,121.0,15.7,16.7,16.2,105,1,0.8151,6.2
133.53,2026-06-18,103,122.0,16.15,17.1,16.62,158,19,0.8121,5.7
133.53,2026-06-18,103,123.0,17.0,17.5,17.25,430,9,0.8167,2.9
133.53,2026-06-18,103,124.0,17.45,17.8,17.62,145,103,0.8113,2.0
133.53,2026-06-18,103,125.0,17.9,18.35,18.12,482,33,0.8105,2.5
133.53,2026-06-18,103,126.0,18.35,19.0,18.68,289,12,0.8113,3.5
133.53,2026-06-18,103,127.0,18.85,19.25,19.05,263,20,0.8053,2.1
133.53,2026-06-18,103,128.0,18.9,19.95,19.42,119,2,0.7991,5.4
133.53,2026-06-18,103,129.0,19.8,20.4,20.1,154,1,0.8037,3.0
133.53,2026-06-18,103,130.0,20.3,20.8,20.55,1299,73,0.7998,2.4
133.53,2026-06-18,103,131.0,20.8,21.6,21.2,206,2,0.803,3.8
133.53,2026-06-18,103,132.0,21.05,21.9,21.48,216,16,0.7923,4.0
133.53,2026-06-18,103,133.0,21.3,22.4,21.85,316,4,0.785,5.0
133.53,2026-06-18,103,134.0,22.35,23.05,22.7,309,2,0.7946,3.1
133.53,2026-06-18,103,135.0,22.9,23.5,23.2,357,4,0.7914,2.6
133.53,2026-06-18,103,136.0,23.0,24.1,23.55,185,1,0.7826,4.7
133.53,2026-06-18,103,137.0,23.5,24.65,24.07,81,3,0.7798,4.8
133.53,2026-06-18,103,138.0,24.15,25.2,24.67,142,2,0.7794,4.3
133.53,2026-06-18,103,139.0,24.6,25.8,25.2,100,5,0.7762,4.8
133.53,2026-06-18,103,140.0,25.1,26.25,25.68,1276,148,0.771,4.5
133.53,2026-06-18,103,141.0,25.8,26.85,26.33,72,20,0.7717,4.0
133.53,2026-06-18,103,142.0,26.4,27.4,26.9,242,2,0.7696,3.7
133.53,2026-06-18,103,143.0,27.05,28.1,27.58,127,2,0.7708,3.8
133.53,2026-06-18,103,144.0,27.6,28.65,28.12,129,3,0.7673,3.7
133.53,2026-06-18,103,145.0,28.25,29.25,28.75,628,12,0.7663,3.5
133.53,2026-06-18,103,146.0,28.7,29.9,29.3,454,5,0.7624,4.1
133.53,2026-06-18,103,147.0,29.45,30.55,30.0,203,4,0.7636,3.7
133.53,2026-06-18,103,148.0,30.1,31.3,30.7,106,1,0.7645,3.9
133.53,2026-06-18,103,149.0,30.65,31.8,31.23,148,4,0.7591,3.7
133.53,2026-06-18,103,150.0,31.4,32.45,31.93,2059,29,0.7596,3.3
133.53,2026-06-18,103,152.0,32.3,34.4,33.35,199,5,0.761,6.3
133.53,2026-06-18,103,154.0,33.75,35.85,34.8,243,1,0.7624,6.0
133.53,2026-06-18,103,155.0,34.3,36.65,35.47,806,1,0.761,6.6
133.53,2026-06-18,103,156.0,35.25,37.2,36.23,415,1,0.7622,5.4
133.53,2026-06-18,103,158.0,36.85,38.6,37.73,358,4,0.7639,4.6
133.53,2026-06-18,103,160.0,38.1,40.05,39.08,1771,71,0.7595,5.0
133.53,2026-06-18,103,162.0,39.3,41.5,40.4,326,11,0.7533,5.4
133.53,2026-06-18,103,164.0,40.6,43.0,41.8,139,1,0.7491,5.7
133.53,2026-06-18,103,165.0,41.55,43.75,42.65,1317,1,0.7523,5.2
133.53,2026-06-18,103,166.0,42.25,44.5,43.38,352,2,0.7506,5.2
133.53,2026-06-18,103,168.0,43.75,46.1,44.92,216,2,0.7506,5.2
133.53,2026-06-18,103,170.0,45.25,47.7,46.48,1290,1,0.7498,5.3
133.53,2026-06-18,103,172.0,46.25,49.3,47.77,85,1,0.7388,6.4
133.53,2026-06-18,103,174.0,46.45,51.05,48.75,92,3,0.7137,9.4
133.53,2026-06-18,103,175.0,48.65,52.15,50.4,1193,50,0.747,6.9
133.53,2026-06-18,103,176.0,49.25,52.8,51.02,207,2,0.7396,7.0
133.53,2026-06-18,103,178.0,50.9,54.4,52.65,174,1,0.739,6.6
133.53,2026-06-18,103,180.0,52.55,55.9,54.22,1294,30,0.7358,6.2
133.53,2026-06-18,103,182.0,52.95,57.55,55.25,109,2,0.7086,8.3
133.53,2026-06-18,103,184.0,53.7,59.85,56.78,103,1,0.7012,10.8
133.53,2026-06-18,103,185.0,56.65,60.0,58.33,306,1,0.7317,5.7
133.53,2026-06-18,103,186.0,56.85,61.35,59.1,74,100,0.7284,7.6
133.53,2026-06-18,103,188.0,58.75,62.5,60.62,137,2,0.7201,6.2
133.53,2026-06-18,103,190.0,61.0,64.4,62.7,1206,30,0.7359,5.4
133.53,2026-06-18,103,192.0,61.2,66.55,63.88,31,4,0.71,8.4
133.53,2026-06-18,103,194.0,64.3,68.0,66.15,586,2,0.7347,5.6
133.53,2026-06-18,103,195.0,65.4,68.65,67.03,301,40,0.7347,4.8
133.53,2026-06-18,103,196.0,65.45,70.05,67.75,207,10,0.7273,6.8
133.53,2026-06-18,103,198.0,67.9,71.2,69.55,453,10,0.7289,4.7
133.53,2026-06-18,103,200.0,69.7,73.0,71.35,2052,36,0.73,4.6
133.53,2026-06-18,103,205.0,73.3,77.4,75.35,588,1,0.7039,5.4
133.53,2026-06-18,103,210.0,78.8,81.75,80.28,1042,1,0.7246,3.7
133.53,2026-06-18,103,215.0,83.2,86.4,84.8,362,2,0.7206,3.8
133.53,2026-06-18,103,220.0,87.7,91.2,89.45,3880,17,0.7213,3.9
133.53,2026-06-18,103,225.0,92.6,95.85,94.22,243,10,0.7279,3.4
133.53,2026-06-18,103,230.0,95.7,100.55,98.12,790,118,0.6638,4.9
133.53,2026-06-18,103,235.0,101.9,105.3,103.6,198,1,0.7225,3.3
133.53,2026-06-18,103,240.0,106.2,110.1,108.15,1235,1,0.7034,3.6
133.53,2026-06-18,103,245.0,111.3,114.85,113.07,713,1,0.7142,3.1
133.53,2026-06-18,103,250.0,116.35,119.7,118.03,1800,6,0.7268,2.8
133.53,2026-06-18,103,255.0,121.15,124.55,122.85,268,1,0.7258,2.8
133.53,2026-06-18,103,260.0,125.8,129.4,127.6,401,68,0.7139,2.8
133.53,2026-06-18,103,265.0,130.85,134.3,132.57,318,1,0.7263,2.6
133.53,2026-06-18,103,270.0,135.75,139.2,137.47,507,12,0.7285,2.5
133.53,2026-06-18,103,275.0,139.95,144.1,142.02,495,9,0.6733,2.9
133.53,2026-06-18,103,280.0,145.4,149.0,147.2,645,4,0.7173,2.4
133.53,2026-06-18,103,285.0,150.45,153.95,152.2,839,302,0.7305,2.3
133.53,2026-06-18,103,290.0,154.85,158.85,156.85,731,1,0.6743,2.6
133.53,2026-06-18,103,295.0,158.35,163.95,161.15,510,1,0.9497,3.5
133.53,2026-06-18,103,300.0,164.5,168.75,166.62,3771,4,0.624,2.6
133.53,2026-06-18,103,305.0,170.45,173.75,172.1,525,1,0.7632,1.9
133.53,2026-06-18,103,310.0,175.45,178.65,177.05,502,1,0.7656,1.8
133.53,2026-06-18,103,315.0,180.15,183.65,181.9,327,1,0.7441,1.9
133.53,2026-06-18,103,320.0,183.75,189.55,186.65,891,5,0.6768,3.1
133.53,2026-06-18,103,325.0,185.85,197.35,191.6,1,1972,0.6621,6.0
133.53,2026-06-18,103,330.0,190.85,202.35,196.6,8,5,0.6719,5.8
133.53,2026-06-18,103,335.0,195.8,207.35,201.57,0,3,0.667,5.7
133.53,2026-06-18,103,340.0,200.8,212.3,206.55,2,2,0.6582,5.6
133.53,2026-06-18,103,345.0,205.8,217.3,211.55,0,470,0.668,5.4
133.53,2026-06-18,103,350.0,210.8,222.3,216.55,70,10,0.6758,5.3
133.53,2026-06-18,103,355.0,215.8,227.3,221.55,6,160,0.6846,5.2
133.53,2026-06-18,103,360.0,220.8,232.3,226.55,20,530,0.6934,5.1
133.53,2026-06-18,103,365.0,225.8,237.3,231.55,0,1,0.7012,5.0
133.53,2026-06-18,103,370.0,230.8,242.3,236.55,9,250,0.709,4.9
133.53,2026-06-18,103,375.0,235.8,247.3,241.55,0,1,0.7168,4.8
133.53,2026-06-18,103,380.0,240.8,252.3,246.55,9,5,0.7256,4.7
133.53,2026-06-18,103,390.0,250.8,262.3,256.55,0,14,0.7402,4.5
133.53,2026-06-18,103,400.0,260.8,272.3,266.55,4,4,0.7559,4.3
133.53,2026-06-18,103,410.0,270.8,282.3,276.55,1,1,0.7705,4.2
133.53,2026-06-18,103,420.0,280.8,292.3,286.55,0,1,0.7852,4.0
133.53,2026-06-18,103,430.0,296.95,311.05,304.0,0,2,1.6007,4.6
133.53,2026-06-18,103,440.0,300.8,312.3,306.55,0,4,0.8125,3.8
133.53,2026-06-18,103,450.0,310.8,322.3,316.55,0,1,0.8262,3.6
133.53,2026-06-18,103,460.0,300.1,302.45,301.27,0,3,0.0,0.8
133.53,2026-06-18,103,470.0,310.9,314.05,312.48,0,2,0.0,1.0
133.53,2026-06-18,103,480.0,329.2,332.2,330.7,0,8,0.0,0.9
133.53,2026-06-18,103,490.0,307.25,311.15,309.2,80,2,0.0,1.3
133.53,2026-06-18,103,500.0,360.8,372.3,366.55,0,1,0.8867,3.1
133.53,2026-06-18,103,510.0,347.7,353.65,350.67,0,7,0.0,1.7
133.53,2026-06-18,103,520.0,369.2,372.35,370.77,0,1,0.0,0.8
133.53,2026-06-18,103,530.0,229.75,233.05,231.4,266,6,0.0,1.4
133.53,2026-06-18,103,540.0,238.8,242.45,240.62,141,3,0.0,1.5
133.53,2026-06-18,103,550.0,389.4,392.5,390.95,0,1,0.0,0.8
133.53,2026-06-18,103,560.0,397.7,403.65,400.67,0,6,0.0,1.5
133.53,2026-06-18,103,570.0,266.65,270.0,268.32,25,1,0.0,1.2
133.53,2026-06-18,103,580.0,275.95,279.9,277.92,3,2,0.0,1.4
133.53,2026-06-18,103,600.0,437.75,443.65,440.7,0,25,0.0,1.3
133.53,2026-06-18,103,610.0,450.1,452.45,451.27,0,7,0.0,0.5
133.53,2026-06-18,103,620.0,459.45,463.9,461.67,0,2,0.0,1.0
133.53,2026-06-18,103,630.0,342.75,345.25,344.0,55,3,0.0,0.7
133.53,2026-06-18,103,640.0,333.05,336.75,334.9,51,1,0.0,1.1
133.53,2026-06-18,103,650.0,499.3,502.35,500.83,0,1,0.0,0.6
133.53,2026-06-18,103,660.0,370.95,374.05,372.5,80,1,0.0,0.8
133.53,2026-06-18,103,670.0,427.65,431.55,429.6,143,2,0.0,0.9
133.53,2026-06-18,103,680.0,371.85,375.2,373.52,268,1,0.0,0.9
133.53,2026-06-18,103,690.0,401.0,403.85,402.43,69,3,0.0,0.7
133.53,2026-06-18,103,700.0,538.55,542.85,540.7,0,1,0.0,0.8
133.53,2026-06-18,103,710.0,467.2,471.25,469.23,90,10,0.0,0.9
133.53,2026-06-18,103,720.0,429.95,433.8,431.88,101,10,0.0,0.9
133.53,2026-06-18,103,730.0,485.0,491.15,488.07,25,2,0.0,1.3
133.53,2026-06-18,103,740.0,389.7,393.85,391.77,10,2,0.0,1.1
133.53,2026-06-18,103,750.0,588.55,593.55,591.05,0,5,0.0,0.8
133.53,2026-06-18,103,760.0,469.75,473.1,471.43,143,1,0.0,0.7
133.53,2026-06-18,103,770.0,413.05,430.9,421.98,4,2,0.0,4.2
133.53,2026-06-18,103,780.0,620.55,623.85,622.2,0,1,0.0,0.5
133.53,2026-06-18,103,800.0,637.75,643.6,640.67,0,1,0.0,0.9
133.53,2026-06-18,103,810.0,524.05,539.55,531.8,1,2,0.0,2.9
133.53,2026-06-18,103,820.0,526.45,545.95,536.2,8,7,0.0,3.6
133.53,2026-06-18,103,830.0,516.7,523.5,520.1,1,2,0.0,1.3
133.53,2026-06-18,103,840.0,681.5,683.45,682.48,0,60,0.0,0.3
133.53,2026-06-18,103,850.0,690.65,693.85,692.25,0,30,0.0,0.5
133.53,2026-06-18,103,860.0,700.55,703.85,702.2,0,30,0.0,0.5
133.53,2026-06-18,103,870.0,503.7,507.15,505.42,2,1,0.0,0.7
133.53,2026-06-18,103,880.0,519.2,523.45,521.33,3,1,0.0,0.8
133.53,2026-06-18,103,890.0,706.65,710.6,708.62,0,3,0.0,0.6
133.53,2026-06-18,103,900.0,546.95,550.9,548.92,1,13,0.0,0.7
133.53,2026-06-18,103,910.0,750.05,753.85,751.95,0,40,0.0,0.5
133.53,2026-06-18,103,930.0,619.1,623.0,621.05,0,2,0.0,0.6
133.53,2026-06-18,103,940.0,627.05,634.85,630.95,8,16,0.0,1.2
133.53,2026-06-18,103,950.0,787.75,793.6,790.67,0,120,0.0,0.7
133.53,2026-06-18,103,960.0,799.45,803.25,801.35,0,70,0.0,0.5
133.53,2026-06-18,103,970.0,657.05,665.0,661.02,24,42,0.0,1.2
133.53,2026-06-18,103,980.0,669.1,673.0,671.05,1,4,0.0,0.6
133.53,2026-06-18,103,990.0,679.1,683.0,681.05,49,2,0.0,0.6
133.53,2026-06-18,103,1000.0,837.75,843.6,840.67,0,30,0.0,0.7
133.53,2026-06-18,103,1010.0,696.25,705.0,700.62,30,22,0.0,1.2
133.53,2026-06-18,103,1020.0,709.1,713.0,711.05,43,10,0.0,0.5
133.53,2026-06-18,103,1030.0,719.1,723.0,721.05,30,16,0.0,0.5
133.53,2026-06-18,103,1040.0,726.25,735.1,730.67,30,2,0.0,1.2
133.53,2026-06-18,103,1050.0,887.75,893.55,890.65,0,70,0.0,0.7
133.53,2026-06-18,103,1060.0,749.05,753.0,751.02,31,2,0.0,0.5
133.53,2026-06-18,103,1070.0,759.05,763.0,761.02,44,2,0.0,0.5
133.53,2026-06-18,103,1080.0,736.35,742.95,739.65,0,2,0.0,0.9
133.53,2026-06-18,103,1090.0,472.0,491.85,481.93,2,0,0.0,4.1
133.53,2026-06-18,103,1110.0,392.0,412.0,402.0,1,0,0.0,5.0
133.53,2026-06-18,103,1150.0,426.0,446.0,436.0,1,1,0.0,4.6
133.53,2026-06-18,103,1190.0,446.0,466.0,456.0,3,1,0.0,4.4
133.53,2026-06-18,103,1210.0,428.0,448.0,438.0,1,0,0.0,4.6
133.53,2026-06-18,103,1220.0,462.0,481.9,471.95,1,1,0.0,4.2
133.53,2026-06-18,103,1240.0,546.25,571.25,558.75,1,1,0.0,4.5
133.53,2026-06-18,103,1260.0,570.1,584.95,577.53,3,2,0.0,2.6
133.53,2026-06-18,103,1280.0,480.0,498.0,489.0,10,10,0.0,3.7
133.53,2026-06-18,103,1290.0,518.0,537.95,527.98,0,1,0.0,3.8
133.53,2026-06-18,103,1320.0,506.0,523.9,514.95,6,1,0.0,3.5
133.53,2026-06-18,103,1330.0,624.0,641.45,632.73,20,10,0.0,2.8
133.53,2026-06-18,103,1340.0,536.0,556.0,546.0,13,2,0.0,3.7
133.53,2026-06-18,103,1390.0,682.0,702.0,692.0,2,0,0.0,2.9
133.53,2026-06-18,103,1410.0,612.0,631.9,621.95,1,1,0.0,3.2
133.53,2026-06-18,103,1430.0,686.0,704.0,695.0,5,0,0.0,2.6
133.53,2026-06-18,103,1450.0,580.0,599.95,589.98,11,1,0.0,3.4
133.53,2026-06-18,103,1470.0,586.0,606.0,596.0,2,1,0.0,3.4
133.53,2026-06-18,103,1520.0,752.05,770.0,761.02,1,1,0.0,2.4
133.53,2026-06-18,103,1560.0,640.0,658.0,649.0,1,0,0.0,2.8
133.53,2026-06-18,103,1580.0,790.0,808.0,799.0,1,2,0.0,2.3
133.53,2026-06-18,103,1640.0,742.0,760.0,751.0,5,2,0.0,2.4
133.53,2026-06-18,103,1940.0,1071.9,1096.75,1084.33,2,1,0.0,2.3
133.53,2026-06-18,103,2000.0,1066.0,1086.0,1076.0,6,5,0.0,1.9
133.53,2026-06-18,103,2150.0,1272.0,1290.0,1281.0,4,0,0.0,1.4
133.53,2026-06-18,103,2500.0,1410.0,1430.0,1420.0,4,5,0.0,1.4
133.53,2026-06-18,103,2900.0,1948.0,1968.0,1958.0,4,2,0.0,1.0
133.53,2026-06-18,103,2950.0,1954.0,1972.0,1963.0,4,2,0.0,0.9
133.53,2026-06-18,103,3050.0,1882.0,1902.0,1892.0,4,5,0.0,1.1
133.53,2026-06-18,103,3100.0,2086.0,2106.0,2096.0,7,1,0.0,1.0
133.53,2026-06-18,103,3150.0,2138.0,2158.0,2148.0,24,2,0.0,0.9
133.53,2026-06-18,103,3500.0,2386.0,2404.0,2395.0,1,1,0.0,0.8
133.53,2026-06-18,103,3650.0,2682.0,2700.0,2691.0,1,0,0.0,0.7
133.53,2026-06-18,103,3800.0,2524.0,2544.0,2534.0,3,1,0.0,0.8
133.53,2026-07-17,132,5.0,0.01,0.14,0.08,1966,156,2.25,173.3
133.53,2026-07-17,132,10.0,0.06,0.35,0.2,1075,19,1.9844,141.5
133.53,2026-07-17,132,15.0,0.1,0.31,0.21,389,28,1.6563,102.4
133.53,2026-07-17,132,20.0,0.18,0.67,0.43,360,1,1.6006,115.3
133.53,2026-07-17,132,25.0,0.28,0.81,0.55,176,1,1.4717,97.2
133.53,2026-07-17,132,30.0,0.47,0.85,0.66,627,1,1.3589,57.6
133.53,2026-07-17,132,35.0,0.77,1.22,0.99,245,3,1.3228,45.2
133.53,2026-07-17,132,40.0,0.97,1.48,1.23,379,2,1.2505,41.6
133.53,2026-07-17,132,45.0,1.15,1.8,1.48,929,1,1.1841,44.1
133.53,2026-07-17,132,50.0,1.64,2.29,1.96,415,23,1.1555,33.1
133.53,2026-07-17,132,55.0,2.06,2.58,2.32,190,4,1.1013,22.4
133.53,2026-07-17,132,60.0,2.57,2.85,2.71,317,1,1.0508,10.3
133.53,2026-07-17,132,65.0,3.1,3.7,3.4,2034,1,1.0275,17.6
133.53,2026-07-17,132,70.0,3.75,4.1,3.92,461,538,0.9839,8.9
133.53,2026-07-17,132,75.0,4.5,4.95,4.72,333,6,0.9585,9.5
133.53,2026-07-17,132,80.0,5.55,5.85,5.7,1207,3,0.939,5.3
133.53,2026-07-17,132,85.0,6.3,6.9,6.6,205,4,0.9093,9.1
133.53,2026-07-17,132,90.0,7.6,8.15,7.88,766,3,0.8953,7.0
133.53,2026-07-17,132,95.0,8.85,9.5,9.18,588,5,0.8762,7.1
133.53,2026-07-17,132,100.0,10.25,11.0,10.62,1168,12,0.8588,7.1
133.53,2026-07-17,132,105.0,11.8,12.7,12.25,831,1,0.8434,7.3
133.53,2026-07-17,132,110.0,13.65,14.5,14.07,914,2,0.8307,6.0
133.53,2026-07-17,132,115.0,15.45,16.55,16.0,617,3,0.8165,6.9
133.53,2026-07-17,132,120.0,17.85,18.6,18.23,858,2,0.8079,4.1
133.53,2026-07-17,132,125.0,19.9,21.3,20.6,342,6,0.7993,6.8
133.53,2026-07-17,132,130.0,22.5,23.3,22.9,1514,31,0.7834,3.5
133.53,2026-07-17,132,135.0,25.0,26.05,25.52,308,25,0.7736,4.1
133.53,2026-07-17,132,140.0,27.9,29.45,28.67,359,29,0.7757,5.4
133.53,2026-07-17,132,145.0,30.8,31.9,31.35,403,3,0.7585,3.5
133.53,2026-07-17,132,150.0,33.85,35.05,34.45,861,1,0.7504,3.5
133.53,2026-07-17,132,155.0,37.25,38.4,37.83,446,1,0.7468,3.0
133.53,2026-07-17,132,160.0,40.35,42.5,41.42,231,7,0.7463,5.2
133.53,2026-07-17,132,165.0,43.9,46.15,45.02,142,5,0.7422,5.0
133.53,2026-07-17,132,170.0,47.6,49.9,48.75,134,9,0.7386,4.7
133.53,2026-07-17,132,175.0,51.35,53.8,52.58,123,1,0.7349,4.7
133.53,2026-07-17,132,180.0,55.05,58.0,56.52,145,1,0.7321,5.2
133.53,2026-07-17,132,185.0,56.8,63.45,60.12,110,3,0.7137,11.1
133.53,2026-07-17,132,190.0,61.9,66.2,64.05,248,2,0.703,6.7
133.53,2026-07-17,132,195.0,66.25,70.6,68.42,160,1,0.7062,6.4
133.53,2026-07-17,132,200.0,69.25,75.6,72.42,355,1,0.6917,8.8
133.53,2026-07-17,132,205.0,74.35,79.8,77.07,5,4,0.7011,7.1
133.53,2026-07-17,132,210.0,79.5,83.6,81.55,263,13,0.7012,5.0
133.53,2026-07-17,132,215.0,83.25,88.4,85.83,64,1,0.6893,6.0
133.53,2026-07-17,132,220.0,87.0,93.1,90.05,91,43,0.6709,6.8
133.53,2026-07-17,132,225.0,91.6,98.2,94.9,37,10,0.6824,7.0
133.53,2026-07-17,132,230.0,94.7,104.3,99.5,51,7,0.6786,9.6
133.53,2026-07-17,132,235.0,101.15,106.7,103.93,108,105,0.661,5.3
133.53,2026-07-17,132,240.0,105.0,112.5,108.75,34,1,0.6663,6.9
133.53,2026-07-17,132,245.0,109.75,117.5,113.62,70,69,0.6738,6.8
133.53,2026-07-17,132,250.0,115.1,122.2,118.65,28,13,0.6915,6.0
133.53,2026-07-17,132,255.0,120.95,125.35,123.15,201,6,0.6682,3.6
133.53,2026-07-17,132,260.0,124.05,131.15,127.6,481,68,0.6316,5.6
133.53,2026-07-17,132,265.0,126.6,140.4,133.5,13,7,0.7253,10.3
133.53,2026-07-17,132,270.0,133.7,142.0,137.85,16,1,0.6836,6.0
133.53,2026-07-17,132,275.0,138.35,148.0,143.18,3,4,0.7266,6.7
133.53,2026-07-17,132,280.0,143.45,151.2,147.32,25,21,0.6514,5.3
133.53,2026-07-17,132,285.0,153.6,167.55,160.57,1,0,1.1517,8.7
133.53,2026-07-17,132,290.0,153.2,160.2,156.7,9,3,0.5586,4.5
133.53,2026-07-17,132,295.0,140.1,140.45,140.27,1,1,0.0,0.2
133.53,2026-07-17,132,300.0,162.0,171.0,166.5,36,1,0.9816,5.4
133.53,2026-07-17,132,305.0,155.3,159.2,157.25,2,2,0.0,2.5
133.53,2026-07-17,132,310.0,169.05,184.4,176.73,14,3,0.606,8.7
133.53,2026-08-21,167,5.0,0.03,0.14,0.09,5952,21,2.0352,129.4
133.53,2026-08-21,167,10.0,0.06,0.35,0.2,328,181,1.7656,141.5
133.53,2026-08-21,167,15.0,0.03,0.83,0.43,11,2,1.6523,186.0
133.53,2026-08-21,167,20.0,0.13,0.71,0.42,49,2,1.4219,138.1
133.53,2026-08-21,167,25.0,0.47,0.85,0.66,333,3,1.3545,57.6
133.53,2026-08-21,167,30.0,0.62,1.25,0.94,120,1,1.2915,67.4
133.53,2026-08-21,167,35.0,0.92,1.53,1.23,392,82,1.229,49.8
133.53,2026-08-21,167,40.0,1.27,1.88,1.57,92,1,1.1763,38.7
133.53,2026-08-21,167,45.0,1.79,2.22,2.0,339,2,1.1328,21.4
133.53,2026-08-21,167,50.0,2.26,2.69,2.47,513,1,1.0908,17.4
133.53,2026-08-21,167,55.0,2.81,3.1,2.96,463,1,1.0468,9.8
133.53,2026-08-21,167,60.0,3.4,3.9,3.65,633,6,1.0199,13.7
133.53,2026-08-21,167,65.0,4.15,4.45,4.3,732,5,0.9844,7.0
133.53,2026-08-21,167,70.0,4.85,5.3,5.07,380,2,0.9548,8.9
133.53,2026-08-21,167,75.0,5.9,6.25,6.08,498,1,0.9349,5.8
133.53,2026-08-21,167,80.0,6.95,7.4,7.18,557,10,0.9155,6.3
133.53,2026-08-21,167,85.0,8.15,8.6,8.38,361,45,0.8962,5.4
133.53,2026-08-21,167,90.0,9.5,9.95,9.72,343,16,0.8792,4.6
133.53,2026-08-21,167,95.0,10.95,11.45,11.2,391,3,0.8629,4.5
133.53,2026-08-21,167,100.0,12.6,13.1,12.85,1406,23,0.8491,3.9
133.53,2026-08-21,167,105.0,14.35,14.95,14.65,631,1,0.8363,4.1
133.53,2026-08-21,167,110.0,16.2,16.85,16.52,266,1,0.8219,3.9
133.53,2026-08-21,167,115.0,18.35,19.15,18.75,203,12,0.8149,4.3
133.53,2026-08-21,167,120.0,20.45,21.45,20.95,1045,6,0.8029,4.8
133.53,2026-08-21,167,125.0,23.0,23.8,23.4,388,4,0.7946,3.4
133.53,2026-08-21,167,130.0,25.5,26.45,25.98,352,3,0.7862,3.7
133.53,2026-08-21,167,135.0,28.25,29.0,28.62,366,1,0.7763,2.6
133.53,2026-08-21,167,140.0,31.0,32.05,31.52,454,4,0.77,3.3
133.53,2026-08-21,167,145.0,34.1,35.1,34.6,493,25,0.7651,2.9
133.53,2026-08-21,167,150.0,37.25,38.1,37.67,359,1,0.757,2.3
133.53,2026-08-21,167,155.0,40.4,41.4,40.9,239,1,0.7498,2.4
133.53,2026-08-21,167,160.0,43.7,44.8,44.25,666,35,0.743,2.5
133.53,2026-08-21,167,165.0,46.65,49.0,47.83,450,8,0.7396,4.9
133.53,2026-08-21,167,170.0,50.3,52.7,51.5,183,104,0.7363,4.7
133.53,2026-08-21,167,175.0,54.0,56.5,55.25,1031,3,0.7324,4.5
133.53,2026-08-21,167,180.0,57.8,60.35,59.08,158,15,0.7281,4.3
133.53,2026-08-21,167,185.0,61.7,64.35,63.02,51,1,0.725,4.2
133.53,2026-08-21,167,190.0,65.7,68.4,67.05,264,31,0.7219,4.0
133.53,2026-08-21,167,195.0,68.25,72.7,70.47,117,4,0.6971,6.3
133.53,2026-08-21,167,200.0,73.75,77.0,75.38,986,1,0.7176,4.3
133.53,2026-08-21,167,205.0,76.2,82.15,79.18,33,6,0.6998,7.5
133.53,2026-08-21,167,210.0,82.2,85.6,83.9,231,30,0.7117,4.1
133.53,2026-08-21,167,215.0,86.15,90.5,88.33,76,1,0.7116,4.9
133.53,2026-08-21,167,220.0,91.2,94.3,92.75,182,100,0.7098,3.3
133.53,2026-08-21,167,225.0,93.4,100.0,96.7,61,3,0.687,6.8
133.53,2026-08-21,167,230.0,98.95,103.95,101.45,76,6,0.6943,4.9
133.53,2026-08-21,167,235.0,103.65,110.0,106.83,86,1,0.7272,5.9
133.53,2026-08-21,167,240.0,107.85,113.15,110.5,392,52,0.6854,4.8
133.53,2026-08-21,167,245.0,112.65,119.1,115.88,36,35,0.7185,5.6
133.53,2026-08-21,167,250.0,118.5,121.55,120.03,376,40,0.6929,2.5
133.53,2026-08-21,167,255.0,121.8,127.1,124.45,12,6,0.6769,4.3
133.53,2026-08-21,167,260.0,127.8,131.1,129.45,318,40,0.6908,2.5
133.53,2026-08-21,167,265.0,132.6,135.8,134.2,170,5,0.6898,2.4
133.53,2026-08-21,167,270.0,135.2,141.6,138.4,30,2,0.6511,4.6
133.53,2026-08-21,167,275.0,140.0,147.65,143.82,3,1,0.6923,5.3
133.53,2026-08-21,167,280.0,142.7,153.7,148.2,75,5,0.6603,7.4
133.53,2026-08-21,167,285.0,149.6,155.55,152.57,27,3,0.6174,3.9
133.53,2026-08-21,167,290.0,154.45,162.0,158.22,69,1,0.6851,4.8
133.53,2026-08-21,167,295.0,159.1,166.95,163.02,11,1,0.6798,4.8
133.53,2026-08-21,167,300.0,163.45,171.25,167.35,68,2,0.6243,4.7
133.53,2026-08-21,167,305.0,168.85,176.45,172.65,3,1,0.6665,4.4
133.53,2026-08-21,167,310.0,175.9,179.25,177.57,154,1,0.6687,1.9
133.53,2026-08-21,167,315.0,178.65,186.45,182.55,7,5,0.6758,4.3
133.53,2026-08-21,167,320.0,185.6,189.1,187.35,222,1,0.6624,1.9
133.53,2026-08-21,167,325.0,188.5,196.2,192.35,13,2,0.6714,4.0
133.53,2026-08-21,167,330.0,194.2,199.75,196.97,394,1,0.626,2.8
133.53,2026-08-21,167,335.0,197.35,207.45,202.4,43,20,0.6951,5.0
133.53,2026-08-21,167,340.0,204.1,209.65,206.88,695,2,0.6235,2.7
133.53,2026-08-21,167,345.0,206.25,217.35,211.8,2,2,0.6147,5.2
133.53,2026-08-21,167,350.0,214.0,219.55,216.78,802,10,0.6162,2.6
133.53,2026-08-21,167,355.0,216.2,227.3,221.75,2,1,0.6172,5.0
133.53,2026-08-21,167,360.0,223.9,229.5,226.7,941,10,0.6104,2.5
133.53,2026-08-21,167,365.0,226.15,237.2,231.68,1,1,0.6094,4.8
133.53,2026-08-21,167,370.0,233.85,239.45,236.65,429,50,0.6079,2.4
133.53,2026-08-21,167,375.0,225.05,228.3,226.68,1,2,0.0,1.4
133.53,2026-08-21,167,380.0,243.8,249.4,246.6,463,50,0.6006,2.3
133.53,2026-08-21,167,390.0,251.1,262.05,256.57,0,1,0.6016,4.3
133.53,2026-08-21,167,395.0,256.05,267.05,261.55,0,2,0.5938,4.2
133.53,2026-08-21,167,400.0,261.05,272.05,266.55,0,1,0.5996,4.1
133.53,2026-08-21,167,410.0,259.6,262.7,261.15,91,40,0.0,1.2
133.53,2026-08-21,167,415.0,276.05,287.05,281.55,0,2,0.6172,3.9
133.53,2026-08-21,167,420.0,281.05,292.05,286.55,0,12,0.6221,3.8
133.53,2026-08-21,167,425.0,264.0,267.85,265.93,1,20,0.0,1.4
133.53,2026-08-21,167,430.0,270.2,273.25,271.73,1,0,0.0,1.1
133.53,2026-08-21,167,440.0,289.35,292.4,290.88,0,1,0.0,1.0
133.53,2026-08-21,167,450.0,311.05,322.05,316.55,0,1,0.6543,3.5
133.53,2026-08-21,167,480.0,319.05,323.95,321.5,0,1,0.0,1.5
133.53,2026-08-21,167,500.0,361.05,372.05,366.55,0,1,0.7041,3.0
133.53,2026-09-18,195,5.0,0.06,0.2,0.13,6138,73,1.9961,107.7
133.53,2026-09-18,195,10.0,0.06,0.46,0.26,229,22,1.6934,153.8
133.53,2026-09-18,195,15.0,0.1,0.81,0.46,19,2,1.5449,156.0
133.53,2026-09-18,195,20.0,0.36,0.69,0.52,4095,15,1.3667,62.9
133.53,2026-09-18,195,25.0,0.6,1.03,0.81,211,2,1.3047,52.8
133.53,2026-09-18,195,30.0,0.9,1.36,1.13,459,64,1.2432,40.7
133.53,2026-09-18,195,35.0,1.16,1.83,1.5,448,3,1.1885,44.8
133.53,2026-09-18,195,40.0,1.64,2.15,1.9,439,21,1.1375,26.9
133.53,2026-09-18,195,45.0,2.1,2.62,2.36,879,3,1.093,22.0
133.53,2026-09-18,195,50.0,2.7,3.0,2.85,1077,3,1.0491,10.5
133.53,2026-09-18,195,55.0,3.3,3.65,3.47,382,300,1.0159,10.1
133.53,2026-09-18,195,60.0,4.05,4.4,4.22,905,71,0.9885,8.3
133.53,2026-09-18,195,65.0,4.9,5.25,5.08,449,1,0.9637,6.9
133.53,2026-09-18,195,70.0,5.8,6.2,6.0,460,45,0.9392,6.7
133.53,2026-09-18,195,75.0,6.9,7.3,7.1,480,1,0.9202,5.6
133.53,2026-09-18,195,80.0,8.05,8.55,8.3,3442,7,0.9016,6.0
133.53,2026-09-18,195,85.0,9.4,9.9,9.65,997,3,0.8854,5.2
133.53,2026-09-18,195,90.0,10.85,11.4,11.12,429,1,0.8702,4.9
133.53,2026-09-18,195,95.0,12.45,13.0,12.72,158,1,0.8557,4.3
133.53,2026-09-18,195,100.0,14.2,14.75,14.47,1472,22,0.8427,3.8
133.53,2026-09-18,195,105.0,15.95,16.7,16.32,221,1,0.8292,4.6
133.53,2026-09-18,195,110.0,18.1,18.75,18.43,578,17,0.8201,3.5
133.53,2026-09-18,195,115.0,20.2,20.95,20.57,1572,14,0.8088,3.6
133.53,2026-09-18,195,120.0,22.55,23.35,22.95,1110,8,0.8006,3.5
133.53,2026-09-18,195,125.0,25.0,25.75,25.38,262,5,0.7905,3.0
133.53,2026-09-18,195,130.0,27.55,28.35,27.95,385,1,0.7813,2.9
133.53,2026-09-18,195,135.0,30.15,31.3,30.73,417,8,0.7743,3.7
133.53,2026-09-18,195,140.0,33.25,34.25,33.75,2414,13,0.7709,3.0
133.53,2026-09-18,195,145.0,36.0,37.2,36.6,731,6,0.76,3.3
133.53,2026-09-18,195,150.0,39.25,40.45,39.85,2470,19,0.7566,3.0
133.53,2026-09-18,195,155.0,42.5,43.65,43.08,225,23,0.7499,2.7
133.53,2026-09-18,195,160.0,45.8,47.0,46.4,166,8,0.7432,2.6
133.53,2026-09-18,195,165.0,49.1,50.55,49.83,834,10,0.7366,2.9
133.53,2026-09-18,195,170.0,52.1,54.75,53.42,132,3,0.7321,5.0
133.53,2026-09-18,195,175.0,55.75,58.45,57.1,193,2,0.7272,4.7
133.53,2026-09-18,195,180.0,59.55,62.3,60.92,671,3,0.7241,4.5
133.53,2026-09-18,195,185.0,63.4,66.25,64.83,168,1,0.7209,4.4
133.53,2026-09-18,195,190.0,67.3,70.2,68.75,153,11,0.7164,4.2
133.53,2026-09-18,195,195.0,71.3,74.25,72.78,202,1,0.7126,4.1
133.53,2026-09-18,195,200.0,75.65,78.65,77.15,374,1,0.7172,3.9
133.53,2026-09-18,195,210.0,83.6,87.3,85.45,313,2,0.7081,4.3
133.53,2026-09-18,195,220.0,92.2,95.75,93.97,199,11,0.699,3.8
133.53,2026-09-18,195,230.0,99.1,105.65,102.38,480,1,0.6779,6.4
133.53,2026-09-18,195,240.0,110.15,114.0,112.08,1258,3,0.6984,3.4
133.53,2026-09-18,195,250.0,119.3,123.05,121.17,859,10,0.6921,3.1
133.53,2026-09-18,195,260.0,128.7,131.95,130.32,975,1,0.6823,2.5
133.53,2026-09-18,195,270.0,137.95,141.7,139.82,319,4,0.6836,2.7
133.53,2026-09-18,195,280.0,145.15,153.0,149.07,1335,1,0.667,5.3
133.53,2026-09-18,195,290.0,157.0,160.45,158.72,365,50,0.6679,2.2
133.53,2026-09-18,195,300.0,166.7,170.35,168.52,1258,1,0.6755,2.2
133.53,2026-09-18,195,310.0,176.4,180.0,178.2,253,1,0.672,2.0
133.53,2026-09-18,195,320.0,184.45,189.9,187.18,165,3,0.5925,2.9
133.53,2026-09-18,195,330.0,195.9,199.55,197.73,302,2,0.6685,1.8
133.53,2026-09-18,195,340.0,203.75,209.7,206.72,312,53,0.5454,2.9
133.53,2026-09-18,195,350.0,215.6,219.25,217.43,456,1,0.6702,1.7
133.53,2026-09-18,195,360.0,225.3,229.1,227.2,215,50,0.6577,1.7
133.53,2026-09-18,195,370.0,233.8,240.0,236.9,155,30,0.6245,2.6
133.53,2026-09-18,195,380.0,245.15,248.95,247.05,184,1,0.6636,1.5
133.53,2026-09-18,195,390.0,250.35,262.9,256.62,52,100,0.5791,4.9
133.53,2026-09-18,195,400.0,260.35,269.65,265.0,22,2,0.9169,3.5
133.53,2026-09-18,195,410.0,270.35,282.8,276.58,0,3,0.5801,4.5
133.53,2026-09-18,195,420.0,280.35,292.8,286.58,10,1,0.5908,4.3
133.53,2026-09-18,195,430.0,290.35,302.8,296.58,0,1,0.6016,4.2
133.53,2026-09-18,195,440.0,300.35,312.8,306.58,0,2,0.6123,4.1
133.53,2026-09-18,195,450.0,310.35,322.8,316.58,8,1,0.6221,3.9
133.53,2026-09-18,195,460.0,300.05,303.2,301.62,7,3,0.0,1.0
133.53,2026-09-18,195,470.0,235.65,242.0,238.82,8,1,0.0,2.7
133.53,2026-09-18,195,480.0,340.35,352.8,346.58,0,2,0.6504,3.6
133.53,2026-09-18,195,490.0,350.35,362.8,356.58,0,5,0.6592,3.5
133.53,2026-09-18,195,500.0,360.35,372.8,366.58,0,5,0.668,3.4
133.53,2026-09-18,195,510.0,370.35,382.8,376.58,0,3,0.6768,3.3
133.53,2026-09-18,195,520.0,380.3,392.8,386.55,0,3,0.6709,3.2
133.53,2026-09-18,195,530.0,390.3,402.75,396.52,0,3,0.6621,3.1
133.53,2026-09-18,195,540.0,400.3,412.75,406.52,0,3,0.6699,3.1
133.53,2026-09-18,195,550.0,410.3,422.8,416.55,0,3,0.6953,3.0
133.53,2026-09-18,195,560.0,425.9,441.6,433.75,0,3,1.3152,3.6
133.53,2026-09-18,195,570.0,435.85,449.85,442.85,0,3,1.286,3.2
133.53,2026-09-18,195,580.0,429.2,432.25,430.73,0,3,0.0,0.7
133.53,2026-09-18,195,590.0,439.2,442.25,440.73,0,3,0.0,0.7
133.53,2026-09-18,195,600.0,449.2,452.55,450.88,0,3,0.0,0.7
133.53,2026-09-18,195,610.0,448.9,454.0,451.45,0,0,0.0,1.1
133.53,2026-09-18,195,620.0,458.9,463.65,461.27,0,1,0.0,1.0
133.53,2026-09-18,195,630.0,468.9,473.95,471.42,0,1,0.0,1.1
133.53,2026-09-18,195,640.0,478.9,483.8,481.35,0,1,0.0,1.0
133.53,2026-09-18,195,660.0,372.65,375.85,374.25,1,1,0.0,0.9
133.53,2026-09-18,195,670.0,508.9,512.6,510.75,0,1,0.0,0.7
133.53,2026-09-18,195,720.0,474.45,484.4,479.42,10,0,0.0,2.1
133.53,2026-09-18,195,740.0,388.2,401.55,394.88,7,0,0.0,3.4
133.53,2026-09-18,195,750.0,444.1,453.5,448.8,1,1,0.0,2.1
133.53,2026-09-18,195,760.0,510.0,528.0,519.0,0,0,0.0,3.5
133.53,2026-09-18,195,780.0,468.0,486.0,477.0,1,1,0.0,3.8
133.53,2026-09-18,195,790.0,478.05,495.9,486.98,1,1,0.0,3.7
133.53,2026-09-18,195,840.0,678.9,683.8,681.35,0,0,0.0,0.7
133.53,2026-09-18,195,860.0,609.0,628.0,618.5,4,4,0.0,3.1
133.53,2026-09-18,195,870.0,619.0,638.0,628.5,0,0,0.0,3.0
133.53,2026-09-18,195,890.0,714.25,721.45,717.85,0,1,0.0,1.0
133.53,2026-09-18,195,900.0,583.35,599.4,591.38,4,0,0.0,2.7
133.53,2026-09-18,195,910.0,776.0,791.65,783.83,0,1,1.5883,2.0
133.53,2026-10-16,223,30.0,0.86,1.7,1.28,7,2,1.1939,65.6
133.53,2026-10-16,223,35.0,1.16,2.21,1.69,81,5,1.1428,62.3
133.53,2026-10-16,223,40.0,1.11,3.35,2.23,3,3,1.1079,100.4
133.53,2026-10-16,223,45.0,2.19,3.6,2.9,30,4,1.0801,48.7
133.53,2026-10-16,223,55.0,3.7,4.3,4.0,70,1,0.9918,15.0
133.53,2026-10-16,223,60.0,4.5,5.15,4.83,25,1,0.9658,13.5
133.53,2026-10-16,223,65.0,5.4,6.2,5.8,55,2,0.9451,13.8
133.53,2026-10-16,223,70.0,6.1,7.5,6.8,76,1,0.9214,20.6
133.53,2026-10-16,223,75.0,7.8,8.3,8.05,65,1,0.9064,6.2
133.53,2026-10-16,223,80.0,9.0,9.7,9.35,78,1,0.8892,7.5
133.53,2026-10-16,223,85.0,10.35,11.1,10.72,1,3,0.8712,7.0
133.53,2026-10-16,223,90.0,11.9,12.7,12.3,285,6,0.8574,6.5
133.53,2026-10-16,223,95.0,13.55,14.45,14.0,129,11,0.8444,6.4
133.53,2026-10-16,223,100.0,15.4,16.35,15.88,296,7,0.8335,6.0
133.53,2026-10-16,223,105.0,17.35,18.3,17.83,34,5,0.8215,5.3
133.53,2026-10-16,223,110.0,19.45,20.55,20.0,21,2,0.8129,5.5
133.53,2026-10-16,223,115.0,21.45,22.85,22.15,43,7,0.8005,6.3
133.53,2026-10-16,223,120.0,24.0,25.3,24.65,45,4,0.7946,5.3
133.53,2026-10-16,223,125.0,26.45,27.9,27.17,17,5,0.7863,5.3
133.53,2026-10-16,223,130.0,28.8,30.6,29.7,5,6,0.7752,6.1
133.53,2026-10-16,223,135.0,31.4,33.45,32.42,9,3,0.7666,6.3
133.53,2026-10-16,223,140.0,34.6,36.4,35.5,24,7,0.764,5.1
133.53,2026-10-16,223,145.0,37.2,39.55,38.38,2,4,0.7538,6.1
133.53,2026-10-16,223,150.0,40.3,42.75,41.52,120,60,0.748,5.9
133.53,2026-10-16,223,170.0,53.7,56.75,55.23,11,13,0.7285,5.5
133.53,2026-10-16,223,175.0,57.35,60.3,58.83,16,0,0.7226,5.0
133.53,2026-10-16,223,180.0,61.15,64.1,62.62,2,1,0.7196,4.7
133.53,2026-10-16,223,185.0,64.9,68.15,66.53,24,2,0.7173,4.9
133.53,2026-10-16,223,190.0,68.8,71.9,70.35,1,2,0.7114,4.4
133.53,2026-10-16,223,200.0,76.8,80.1,78.45,16,2,0.7059,4.2
133.53,2026-10-16,223,210.0,84.8,91.0,87.9,2,2,0.731,7.1
133.53,2026-10-16,223,220.0,91.65,97.7,94.68,1,2,0.6753,6.4
133.53,2026-10-16,223,225.0,96.0,102.15,99.08,15,15,0.6736,6.2
133.53,2026-10-16,223,230.0,100.1,108.0,104.05,2,2,0.689,7.6
133.53,2026-12-18,286,5.0,0.07,0.15,0.11,16483,11,1.6094,72.7
133.53,2026-12-18,286,10.0,0.23,0.48,0.35,555,1,1.4707,70.4
133.53,2026-12-18,286,15.0,0.44,0.75,0.59,828,23,1.3379,52.1
133.53,2026-12-18,286,20.0,0.84,1.14,0.99,1313,23,1.273,30.3
133.53,2026-12-18,286,25.0,1.17,1.58,1.38,2723,2,1.2017,29.8
133.53,2026-12-18,286,30.0,1.63,2.0,1.81,1311,20,1.1421,20.4
133.53,2026-12-18,286,35.0,2.12,2.66,2.39,505,6,1.1003,22.6
133.53,2026-12-18,286,40.0,2.72,3.2,2.96,563,3,1.0552,16.2
133.53,2026-12-18,286,45.0,3.45,3.85,3.65,328,330,1.0198,11.0
133.53,2026-12-18,286,50.0,4.3,4.6,4.45,1698,4,0.9901,6.7
133.53,2026-12-18,286,55.0,5.1,5.55,5.32,712,2,0.9622,8.5
133.53,2026-12-18,286,60.0,6.15,6.6,6.38,501,3,0.9413,7.1
133.53,2026-12-18,286,65.0,7.3,7.75,7.53,327,2,0.9216,6.0
133.53,2026-12-18,286,70.0,8.55,9.05,8.8,529,3,0.9042,5.7
133.53,2026-12-18,286,75.0,9.9,10.5,10.2,274,7,0.8885,5.9
133.53,2026-12-18,286,80.0,11.4,12.0,11.7,4460,2,0.8732,5.1
133.53,2026-12-18,286,85.0,13.05,13.7,13.38,346,2,0.861,4.9
133.53,2026-12-18,286,90.0,14.95,15.45,15.2,370,2,0.8505,3.3
133.53,2026-12-18,286,95.0,16.7,17.4,17.05,519,2,0.8376,4.1
133.53,2026-12-18,286,100.0,18.6,19.4,19.0,2428,8,0.825,4.2
133.53,2026-12-18,286,105.0,20.75,21.55,21.15,1496,35,0.8153,3.8
133.53,2026-12-18,286,110.0,22.8,23.85,23.33,352,7,0.8038,4.5
133.53,2026-12-18,286,115.0,25.2,26.25,25.73,1211,1,0.7956,4.1
133.53,2026-12-18,286,120.0,27.95,28.8,28.38,589,1,0.791,3.0
133.53,2026-12-18,286,125.0,30.65,31.4,31.02,394,3,0.7841,2.4
133.53,2026-12-18,286,130.0,33.4,34.2,33.8,2185,7,0.7777,2.4
133.53,2026-12-18,286,135.0,36.2,37.05,36.62,438,6,0.7704,2.3
133.53,2026-12-18,286,140.0,38.85,40.55,39.7,341,4,0.7666,4.3
133.53,2026-12-18,286,145.0,41.85,43.1,42.48,224,1,0.7543,2.9
133.53,2026-12-18,286,150.0,45.1,46.0,45.55,1476,5,0.7468,2.0
133.53,2026-12-18,286,155.0,48.6,49.55,49.08,753,8,0.7471,1.9
133.53,2026-12-18,286,160.0,51.95,52.95,52.45,10987,39,0.7424,1.9
133.53,2026-12-18,286,165.0,55.3,56.45,55.88,785,2,0.7371,2.1
133.53,2026-12-18,286,170.0,58.85,60.0,59.42,544,2,0.7329,1.9
133.53,2026-12-18,286,175.0,62.45,63.9,63.17,274,30,0.7315,2.3
133.53,2026-12-18,286,180.0,66.05,67.45,66.75,6857,1,0.7248,2.1
133.53,2026-12-18,286,185.0,68.2,71.85,70.03,295,2,0.7103,5.2
133.53,2026-12-18,286,190.0,72.0,76.95,74.47,1603,2,0.7197,6.6
133.53,2026-12-18,286,195.0,76.2,79.8,78.0,1492,1,0.7077,4.6
133.53,2026-12-18,286,200.0,80.2,83.95,82.08,1010,3,0.7065,4.6
133.53,2026-12-18,286,210.0,88.25,91.8,90.03,201,1,0.696,3.9
133.53,2026-12-18,286,220.0,96.45,100.3,98.38,184,1,0.6901,3.9
133.53,2026-12-18,286,230.0,104.65,109.2,106.93,339,1,0.6846,4.3
133.53,2026-12-18,286,240.0,113.35,118.9,116.12,243,4,0.6921,4.8
133.53,2026-12-18,286,250.0,122.2,126.85,124.53,778,2,0.6749,3.7
133.53,2026-12-18,286,260.0,131.15,136.6,133.88,232,2,0.6805,4.1
133.53,2026-12-18,286,270.0,140.95,145.65,143.3,335,6,0.6859,3.3
133.53,2026-12-18,286,280.0,149.05,154.75,151.9,333,1,0.6622,3.8
133.53,2026-12-18,286,290.0,157.7,163.8,160.75,136,1,0.6407,3.8
133.53,2026-12-18,286,300.0,166.15,173.6,169.88,695,11,0.6237,4.4
133.53,2026-12-18,286,310.0,177.7,181.9,179.8,330,1,0.6376,2.3
133.53,2026-12-18,286,320.0,187.2,192.0,189.6,722,1,0.645,2.5
133.53,2026-12-18,286,330.0,194.85,201.4,198.12,201,1,0.5811,3.3
133.53,2026-12-18,286,340.0,206.4,210.65,208.53,253,2,0.6199,2.0
133.53,2026-12-18,286,350.0,216.25,220.9,218.57,786,1,0.6367,2.1
133.53,2026-12-18,286,360.0,225.95,230.6,228.27,236,1,0.6317,2.0
133.53,2026-12-18,286,370.0,235.7,240.4,238.05,134,2,0.6294,2.0
133.53,2026-12-18,286,380.0,243.3,253.35,248.32,153,3,0.6602,4.0
133.53,2026-12-18,286,390.0,253.25,263.15,258.2,62,12,0.6638,3.8
133.53,2026-12-18,286,400.0,263.45,273.0,268.23,143,1,0.6771,3.6
133.53,2026-12-18,286,410.0,272.95,282.9,277.92,36,35,0.6666,3.6
133.53,2026-12-18,286,420.0,282.9,292.8,287.85,47,29,0.6715,3.4
133.53,2026-12-18,286,430.0,292.9,302.7,297.8,21,2,0.6777,3.3
133.53,2026-12-18,286,440.0,299.35,314.05,306.7,37,1,0.5479,4.8
133.53,2026-12-18,286,450.0,309.3,324.0,316.65,98,1,0.543,4.6
133.53,2026-12-18,286,460.0,319.3,333.9,326.6,23,1,0.5356,4.5
133.53,2026-12-18,286,470.0,329.3,343.9,336.6,6,4,0.5439,4.3
133.53,2026-12-18,286,480.0,339.3,353.9,346.6,0,5,0.5518,4.2
133.53,2026-12-18,286,490.0,330.0,333.65,331.82,20,1,0.0,1.1
133.53,2026-12-18,286,500.0,359.3,373.9,366.6,20,3,0.5664,4.0
133.53,2026-12-18,286,510.0,278.0,282.0,280.0,11,2,0.0,1.4
133.53,2026-12-18,286,520.0,229.55,233.4,231.48,12,4,0.0,1.7
133.53,2026-12-18,286,530.0,389.3,403.9,396.6,0,2,0.5879,3.7
133.53,2026-12-18,286,540.0,399.3,413.9,406.6,0,2,0.5947,3.6
133.53,2026-12-18,286,550.0,409.35,423.9,416.62,3,3,0.6104,3.5
133.53,2026-12-18,286,560.0,419.35,433.9,426.62,0,2,0.6172,3.4
133.53,2026-12-18,286,570.0,429.35,443.95,436.65,0,2,0.6318,3.3
133.53,2026-12-18,286,580.0,439.35,453.95,446.65,0,2,0.6377,3.3
133.53,2026-12-18,286,590.0,449.35,463.95,456.65,0,2,0.6445,3.2
133.53,2026-12-18,286,600.0,459.35,473.95,466.65,0,2,0.6504,3.1
133.53,2026-12-18,286,610.0,459.0,462.55,460.77,0,3,0.0,0.8
133.53,2026-12-18,286,620.0,469.45,472.9,471.17,0,3,0.0,0.7
133.53,2026-12-18,286,630.0,466.45,474.95,470.7,0,3,0.0,1.8
133.53,2026-12-18,286,640.0,499.3,513.9,506.6,0,1,0.6572,2.9
133.53,2026-12-18,286,670.0,425.45,434.0,429.73,2,2,0.0,2.0
133.53,2026-12-18,286,680.0,464.15,472.8,468.48,1,1,0.0,1.8
133.53,2026-12-18,286,690.0,527.75,534.1,530.92,0,8,0.0,1.2
133.53,2026-12-18,286,700.0,549.4,552.8,551.1,0,1,0.0,0.6
133.53,2026-12-18,286,710.0,431.3,447.6,439.45,1,0,0.0,3.7
133.53,2026-12-18,286,730.0,320.55,327.7,324.12,1,2,0.0,2.2
133.53,2026-12-18,286,740.0,577.7,583.15,580.42,0,4,0.0,0.9
133.53,2026-12-18,286,750.0,566.65,570.6,568.62,0,3,0.0,0.7
133.53,2026-12-18,286,760.0,452.35,455.9,454.12,8,12,0.0,0.8
133.53,2026-12-18,286,770.0,354.15,362.05,358.1,2,4,0.0,2.2
133.53,2026-12-18,286,780.0,616.35,624.85,620.6,0,1,0.0,1.4
133.53,2026-12-18,286,800.0,636.35,644.0,640.17,0,16,0.0,1.2
133.53,2026-12-18,286,820.0,510.85,514.8,512.83,10,1,0.0,0.8
133.53,2026-12-18,286,840.0,487.0,500.0,493.5,16,3,0.0,2.6
133.53,2026-12-18,286,860.0,696.3,704.05,700.17,0,1,0.0,1.1
133.53,2026-12-18,286,880.0,569.95,573.85,571.9,6,1,0.0,0.7
133.53,2026-12-18,286,900.0,650.0,668.0,659.0,33,1,0.0,2.7
133.53,2026-12-18,286,940.0,688.85,708.0,698.42,0,6,0.0,2.7
133.53,2026-12-18,286,960.0,710.45,727.5,718.98,0,2,0.0,2.4
133.53,2026-12-18,286,980.0,669.15,673.05,671.1,0,2,0.0,0.6
133.53,2026-12-18,286,1000.0,686.0,697.55,691.77,7,2,0.0,1.7
133.53,2026-12-18,286,1020.0,709.1,713.05,711.08,8,6,0.0,0.6
133.53,2026-12-18,286,1040.0,729.15,733.0,731.08,27,4,0.0,0.5
133.53,2026-12-18,286,1060.0,749.1,753.0,751.05,32,2,0.0,0.5
133.53,2026-12-18,286,1080.0,769.1,773.0,771.05,106,20,0.0,0.5
133.53,2027-01-15,314,5.0,0.12,0.13,0.12,26037,13,1.5664,8.0
133.53,2027-01-15,314,10.0,0.25,0.5,0.38,6674,11,1.417,66.7
133.53,2027-01-15,314,15.0,0.54,0.85,0.7,1019,1,1.3149,44.6
133.53,2027-01-15,314,20.0,1.0,1.25,1.12,1987,12,1.2481,22.2
133.53,2027-01-15,314,25.0,1.37,1.7,1.54,3805,1,1.1758,21.5
133.53,2027-01-15,314,30.0,1.92,2.23,2.08,2824,6,1.1262,14.9
133.53,2027-01-15,314,35.0,2.41,2.89,2.65,3551,2,1.0794,18.1
133.53,2027-01-15,314,40.0,3.0,3.6,3.3,2759,1,1.0386,18.2
133.53,2027-01-15,314,45.0,3.8,4.2,4.0,1443,1,1.0007,10.0
133.53,2027-01-15,314,50.0,4.7,5.05,4.88,12244,43,0.9735,7.2
133.53,2027-01-15,314,55.0,5.65,6.1,5.88,435,2,0.9504,7.7
133.53,2027-01-15,314,60.0,6.75,7.2,6.97,657,1,0.9293,6.5
133.53,2027-01-15,314,65.0,7.95,8.45,8.2,565,216,0.9108,6.1
133.53,2027-01-15,314,70.0,9.3,9.8,9.55,702,101,0.8942,5.2
133.53,2027-01-15,314,75.0,10.75,11.2,10.97,1274,400,0.8774,4.1
133.53,2027-01-15,314,80.0,12.35,12.9,12.62,1243,2,0.8658,4.4
133.53,2027-01-15,314,85.0,14.05,14.65,14.35,264,1,0.8534,4.2
133.53,2027-01-15,314,90.0,15.85,16.5,16.18,1784,9,0.8412,4.0
133.53,2027-01-15,314,95.0,17.65,18.45,18.05,533,91,0.828,4.4
133.53,2027-01-15,314,100.0,19.9,20.5,20.2,4673,15,0.8199,3.0
133.53,2027-01-15,314,105.0,21.9,22.75,22.32,765,3,0.8085,3.8
133.53,2027-01-15,314,110.0,24.35,25.1,24.73,459,103,0.8018,3.0
133.53,2027-01-15,314,115.0,26.75,27.8,27.27,1598,3,0.7963,3.8
133.53,2027-01-15,314,120.0,29.4,30.1,29.75,2372,17,0.7867,2.4
133.53,2027-01-15,314,125.0,32.0,33.1,32.55,550,9,0.7825,3.4
133.53,2027-01-15,314,130.0,34.65,35.55,35.1,815,11,0.7707,2.6
133.53,2027-01-15,314,135.0,37.65,38.45,38.05,683,16,0.7658,2.1
133.53,2027-01-15,314,140.0,40.5,41.45,40.98,1932,10,0.7585,2.3
133.53,2027-01-15,314,145.0,43.55,44.85,44.2,367,17,0.7558,2.9
133.53,2027-01-15,314,150.0,46.85,47.75,47.3,3066,3,0.7487,1.9
133.53,2027-01-15,314,155.0,50.1,51.3,50.7,601,20,0.7462,2.4
133.53,2027-01-15,314,160.0,53.15,54.7,53.92,847,73,0.7385,2.9
133.53,2027-01-15,314,165.0,56.85,58.1,57.48,743,1,0.736,2.2
133.53,2027-01-15,314,170.0,60.35,61.45,60.9,2381,6,0.7294,1.8
133.53,2027-01-15,314,175.0,64.0,65.5,64.75,279,1,0.7302,2.3
133.53,2027-01-15,314,180.0,67.5,69.2,68.35,382,1,0.7245,2.5
133.53,2027-01-15,314,185.0,70.8,73.55,72.17,435,2,0.7221,3.8
133.53,2027-01-15,314,190.0,74.45,77.3,75.88,972,2,0.7159,3.8
133.53,2027-01-15,314,195.0,78.4,81.0,79.7,1198,7,0.7112,3.3
133.53,2027-01-15,314,200.0,81.75,85.05,83.4,3004,2,0.7025,4.0
133.53,2027-01-15,314,210.0,89.75,93.3,91.53,506,2,0.6972,3.9
133.53,2027-01-15,314,220.0,98.05,101.4,99.72,1227,1,0.6894,3.4
133.53,2027-01-15,314,230.0,106.3,110.05,108.17,575,45,0.6832,3.5
133.53,2027-01-15,314,240.0,114.95,119.4,117.18,946,10,0.6865,3.8
133.53,2027-01-15,314,250.0,123.7,128.35,126.03,902,1,0.6832,3.7
133.53,2027-01-15,314,260.0,130.85,137.0,133.93,216,1,0.6509,4.6
133.53,2027-01-15,314,270.0,141.65,145.35,143.5,524,13,0.6606,2.6
133.53,2027-01-15,314,280.0,150.75,154.65,152.7,557,2,0.6572,2.6
133.53,2027-01-15,314,290.0,160.0,163.8,161.9,273,2,0.6511,2.3
133.53,2027-01-15,314,300.0,169.0,173.55,171.28,1979,3,0.648,2.7
133.53,2027-01-15,314,310.0,176.75,185.8,181.28,242,10,0.665,5.0
133.53,2027-01-15,314,320.0,188.25,192.25,190.25,286,4,0.6428,2.1
133.53,2027-01-15,314,330.0,197.3,201.6,199.45,271,4,0.624,2.2
133.53,2027-01-15,314,340.0,207.35,210.9,209.12,248,1,0.6231,1.7
133.53,2027-01-15,314,350.0,217.05,220.85,218.95,342,10,0.6279,1.7
133.53,2027-01-15,314,360.0,225.0,230.25,227.62,219,1,0.5582,2.3
133.53,2027-01-15,314,370.0,234.7,240.5,237.6,181,2,0.5679,2.4
133.53,2027-01-15,314,380.0,246.15,250.05,248.1,799,3,0.616,1.6
133.53,2027-01-15,314,390.0,255.9,259.55,257.73,572,12,0.6002,1.4
133.53,2027-01-15,314,400.0,264.0,269.65,266.82,268,7,0.5127,2.1
133.53,2027-01-15,314,410.0,273.3,281.75,277.52,120,35,0.6046,3.0
133.53,2027-01-15,314,420.0,282.7,290.5,286.6,106,29,0.784,2.7
133.53,2027-01-15,314,430.0,292.7,301.95,297.32,103,36,0.6052,3.1
133.53,2027-01-15,314,440.0,303.65,309.4,306.52,185,2,0.755,1.9
133.53,2027-01-15,314,450.0,314.05,319.05,316.55,433,2,0.7467,1.6
133.53,2027-01-15,314,460.0,320.25,333.05,326.65,147,2,0.5273,3.9
133.53,2027-01-15,314,470.0,330.25,342.95,336.6,47,9,0.52,3.8
133.53,2027-01-15,314,480.0,340.25,352.9,346.57,0,1,0.5186,3.7
133.53,2027-01-15,314,490.0,326.7,335.5,331.1,14,1,0.0,2.7
133.53,2027-01-15,314,500.0,360.25,372.9,366.57,0,2,0.5332,3.5
133.53,2027-01-15,314,510.0,370.3,382.9,376.6,0,2,0.5488,3.3
133.53,2027-01-15,314,520.0,385.9,401.2,393.55,0,3,0.9969,3.9
133.53,2027-01-15,314,530.0,367.05,371.25,369.15,11,1,0.0,1.1
133.53,2027-01-15,314,540.0,248.05,252.0,250.03,44,2,0.0,1.6
133.53,2027-01-15,314,550.0,410.3,422.9,416.6,0,18,0.5757,3.0
133.53,2027-01-15,314,560.0,409.2,413.2,411.2,2,1,0.0,1.0
133.53,2027-01-15,314,570.0,406.4,414.9,410.65,0,9,0.0,2.1
133.53,2027-01-15,314,580.0,283.6,286.9,285.25,39,2,0.0,1.2
133.53,2027-01-15,314,590.0,310.6,313.35,311.98,41,11,0.0,0.9
133.53,2027-01-15,314,600.0,460.35,472.95,466.65,0,3,0.6221,2.7
133.53,2027-01-15,314,620.0,376.0,384.0,380.0,46,25,0.0,2.1
133.53,2027-01-15,314,630.0,466.4,475.1,470.75,0,9,0.0,1.8
133.53,2027-01-15,314,650.0,510.3,522.9,516.6,0,1,0.6343,2.4
133.53,2027-01-15,314,660.0,382.8,399.0,390.9,9,3,0.0,4.1
133.53,2027-01-15,314,670.0,366.6,370.45,368.52,54,3,0.0,1.0
133.53,2027-01-15,314,680.0,351.25,357.7,354.48,41,1,0.0,1.8
133.53,2027-01-15,314,690.0,526.35,535.05,530.7,0,1,0.0,1.6
133.53,2027-01-15,314,700.0,560.25,572.9,566.58,0,1,0.6509,2.2
133.53,2027-01-15,314,710.0,404.55,408.4,406.48,172,5,0.0,0.9
133.53,2027-01-15,314,720.0,556.35,565.0,560.67,0,10,0.0,1.5
133.53,2027-01-15,314,730.0,488.8,492.85,490.83,66,10,0.0,0.8
133.53,2027-01-15,314,740.0,576.35,585.0,580.67,0,5,0.0,1.5
133.53,2027-01-15,314,750.0,599.2,602.9,601.05,0,2,0.0,0.6
133.53,2027-01-15,314,760.0,511.6,529.1,520.35,149,6,0.0,3.4
133.53,2027-01-15,314,770.0,606.35,615.0,610.67,0,1,0.0,1.4
133.53,2027-01-15,314,780.0,616.35,625.0,620.67,0,5,0.0,1.4
133.53,2027-01-15,314,790.0,444.0,455.5,449.75,18,12,0.0,2.6
133.53,2027-01-15,314,800.0,636.35,645.0,640.67,0,6,0.0,1.4
133.53,2027-01-15,314,810.0,646.35,655.0,650.67,0,2,0.0,1.3
133.53,2027-01-15,314,820.0,531.05,534.2,532.62,41,10,0.0,0.6
133.53,2027-01-15,314,830.0,536.55,554.0,545.27,14,0,0.0,3.2
133.53,2027-01-15,314,840.0,676.35,685.0,680.67,0,4,0.0,1.3
133.53,2027-01-15,314,850.0,686.3,695.0,690.65,0,1,0.0,1.3
133.53,2027-01-15,314,860.0,696.3,705.0,700.65,0,7,0.0,1.2
133.53,2027-01-15,314,890.0,726.3,735.0,730.65,0,1,0.0,1.2
133.53,2027-01-15,314,900.0,648.0,668.0,658.0,0,2,0.0,3.0
133.53,2027-01-15,314,920.0,669.75,687.75,678.75,6,2,0.0,2.7
133.53,2027-01-15,314,930.0,678.0,697.95,687.98,0,2,0.0,2.9
133.53,2027-01-15,314,940.0,629.35,633.3,631.33,5,1,0.0,0.6
133.53,2027-01-15,314,950.0,644.0,647.9,645.95,1,1,0.0,0.6
133.53,2027-01-15,314,960.0,668.9,672.8,670.85,1,2,0.0,0.6
133.53,2027-01-15,314,970.0,659.15,663.05,661.1,0,11,0.0,0.6
133.53,2027-01-15,314,990.0,698.65,702.5,700.58,10,1,0.0,0.5
133.53,2027-01-15,314,1000.0,860.2,872.95,866.58,0,4,0.7749,1.5
133.53,2027-01-15,314,1010.0,703.35,706.7,705.03,8,8,0.0,0.5
133.53,2027-01-15,314,1020.0,768.0,788.0,778.0,0,2,0.0,2.6
133.53,2027-01-15,314,1030.0,715.6,727.3,721.45,1,2,0.0,1.6
133.53,2027-01-15,314,1040.0,599.2,609.15,604.17,34,2,0.0,1.6
133.53,2027-01-15,314,1050.0,798.0,818.0,808.0,0,2,0.0,2.5
133.53,2027-01-15,314,1060.0,745.55,757.25,751.4,3,8,0.0,1.6
133.53,2027-01-15,314,1070.0,759.1,763.0,761.05,0,118,0.0,0.5
133.53,2027-01-15,314,1080.0,940.15,953.0,946.58,0,1,0.8018,1.4
133.53,2027-06-17,467,5.0,0.22,0.33,0.28,2840,2,1.4492,40.0
133.53,2027-06-17,467,10.0,0.65,0.75,0.7,1204,6,1.3037,14.3
133.53,2027-06-17,467,15.0,0.52,1.39,0.95,891,2,1.1494,91.1
133.53,2027-06-17,467,20.0,1.59,2.37,1.98,14034,1,1.1675,39.4
133.53,2027-06-17,467,25.0,2.04,3.05,2.54,548,2,1.0938,39.7
133.53,2027-06-17,467,30.0,2.84,3.85,3.34,146,1,1.051,30.2
133.53,2027-06-17,467,35.0,2.63,4.9,3.77,72,2,0.9784,60.3
133.53,2027-06-17,467,40.0,4.6,5.75,5.17,222,6,0.9801,22.2
133.53,2027-06-17,467,45.0,6.0,6.7,6.35,67,6,0.958,11.0
133.53,2027-06-17,467,50.0,7.05,8.25,7.65,7623,15,0.9388,15.7
133.53,2027-06-17,467,55.0,8.35,9.6,8.97,262,1,0.9178,13.9
133.53,2027-06-17,467,60.0,9.55,11.1,10.32,173,1,0.8958,15.0
133.53,2027-06-17,467,65.0,10.65,13.15,11.9,230,2,0.8802,21.0
133.53,2027-06-17,467,70.0,11.2,15.6,13.4,142,1,0.86,32.8
133.53,2027-06-17,467,75.0,14.7,16.45,15.57,108,5,0.8586,11.2
133.53,2027-06-17,467,80.0,16.65,18.35,17.5,2380,3,0.8468,9.7
133.53,2027-06-17,467,85.0,18.5,20.25,19.38,186,2,0.8317,9.0
133.53,2027-06-17,467,90.0,21.1,23.95,22.52,164,8,0.8467,12.7
133.53,2027-06-17,467,95.0,23.2,24.8,24.0,1335,5,0.8182,6.7
133.53,2027-06-17,467,100.0,25.6,27.15,26.38,2705,24,0.8099,5.9
133.53,2027-06-17,467,105.0,28.1,29.25,28.68,344,2,0.7983,4.0
133.53,2027-06-17,467,110.0,30.6,32.5,31.55,138,1,0.7974,6.0
133.53,2027-06-17,467,115.0,33.1,34.9,34.0,90,2,0.7861,5.3
133.53,2027-06-17,467,120.0,36.05,37.85,36.95,389,3,0.7834,4.9
133.53,2027-06-17,467,125.0,38.8,40.65,39.72,1055,2,0.7758,4.7
133.53,2027-06-17,467,130.0,40.5,43.0,41.75,108,14,0.7531,6.0
133.53,2027-06-17,467,135.0,45.5,46.7,46.1,109,4,0.772,2.6
133.53,2027-06-17,467,140.0,48.25,49.95,49.1,103,5,0.7648,3.5
133.53,2027-06-17,467,145.0,51.15,53.0,52.08,851,503,0.7561,3.6
133.53,2027-06-17,467,150.0,54.3,56.35,55.33,415,2,0.7512,3.7
133.53,2027-06-17,467,155.0,57.55,61.95,59.75,157,2,0.7654,7.4
133.53,2027-06-17,467,160.0,60.65,63.15,61.9,124,32,0.7396,4.0
133.53,2027-06-17,467,165.0,64.1,66.7,65.4,76,9,0.736,4.0
133.53,2027-06-17,467,170.0,67.75,70.3,69.03,323,2,0.7336,3.7
133.53,2027-06-17,467,175.0,71.3,74.0,72.65,99,18,0.7302,3.7
133.53,2027-06-17,467,180.0,74.8,78.65,76.72,226,72,0.7335,5.0
133.53,2027-06-17,467,185.0,78.35,81.5,79.92,232,1,0.7214,3.9
133.53,2027-06-17,467,190.0,82.0,88.7,85.35,255,24,0.7455,7.9
133.53,2027-06-17,467,195.0,85.95,92.4,89.18,553,40,0.7423,7.2
133.53,2027-06-17,467,200.0,89.8,91.9,90.85,740,8,0.7026,2.3
133.53,2027-06-17,467,210.0,97.8,102.35,100.07,244,1,0.7189,4.5
133.53,2027-06-17,467,220.0,105.55,109.3,107.42,118,1,0.7012,3.5
133.53,2027-06-17,467,230.0,113.15,117.55,115.35,48,2,0.6906,3.8
133.53,2027-06-17,467,240.0,121.7,125.7,123.7,343,1,0.6849,3.2
133.53,2027-06-17,467,250.0,130.05,133.95,132.0,383,2,0.676,3.0
133.53,2027-06-17,467,260.0,136.85,142.75,139.8,105,2,0.6553,4.2
133.53,2027-06-17,467,270.0,147.05,153.55,150.3,70,2,0.6838,4.3
133.53,2027-06-17,467,280.0,155.7,162.7,159.2,136,30,0.6806,4.4
133.53,2027-06-17,467,290.0,164.45,172.5,168.47,108,1,0.6832,4.8
133.53,2027-06-17,467,300.0,172.05,179.0,175.53,196,5,0.6372,4.0
133.53,2027-06-17,467,310.0,182.2,188.7,185.45,57,3,0.6505,3.5
133.53,2027-06-17,467,320.0,191.15,199.3,195.23,52,4,0.6597,4.2
133.53,2027-06-17,467,330.0,200.2,208.45,204.32,73,5,0.6524,4.0
133.53,2027-06-17,467,340.0,209.2,216.9,213.05,103,1,0.6337,3.6
133.53,2027-06-17,467,350.0,214.0,230.0,222.0,270,1,0.6176,7.2
133.53,2027-06-17,467,360.0,227.7,236.4,232.05,52,1,0.6306,3.7
133.53,2027-06-17,467,370.0,237.0,245.8,241.4,56,3,0.6229,3.6
133.53,2027-06-17,467,380.0,246.25,255.3,250.78,54,1,0.614,3.6
133.53,2027-06-17,467,390.0,255.85,265.35,260.6,112,3,0.6185,3.6
133.53,2027-06-17,467,400.0,265.05,273.95,269.5,327,18,0.5886,3.3
133.53,2027-06-17,467,410.0,274.45,284.3,279.38,41,4,0.5929,3.5
133.53,2027-06-17,467,420.0,280.0,294.95,287.48,29,1,0.5018,5.2
133.53,2027-06-17,467,430.0,293.3,304.3,298.8,6,2,0.5856,3.7
133.53,2027-06-17,467,440.0,302.2,313.1,307.65,36,1,0.53,3.5
133.53,2027-06-17,467,450.0,310.0,323.15,316.57,20,1,0.7512,4.2
133.53,2027-06-17,467,460.0,302.75,305.75,304.25,114,7,0.0,1.0
133.53,2027-06-17,467,470.0,331.55,347.45,339.5,83,1,0.6483,4.7
133.53,2027-06-17,467,480.0,330.75,334.85,332.8,40,1,0.0,1.2
133.53,2027-06-17,467,490.0,212.4,215.85,214.12,5,2,0.0,1.6
133.53,2027-06-17,467,500.0,358.0,376.0,367.0,53,1,0.5151,4.9
133.53,2027-06-17,467,510.0,360.0,364.05,362.02,13,3,0.0,1.1
133.53,2027-06-17,467,520.0,386.25,402.15,394.2,29,3,0.836,4.0
133.53,2027-06-17,467,530.0,396.0,414.0,405.0,18,1,0.864,4.4
133.53,2027-06-17,467,540.0,389.5,393.45,391.48,11,4,0.0,1.0
133.53,2027-06-17,467,560.0,416.0,436.0,426.0,85,1,0.9102,4.7
133.53,2027-06-17,467,570.0,406.45,415.65,411.05,98,1,0.0,2.2
133.53,2027-06-17,467,580.0,436.0,456.0,446.0,1,6,0.9237,4.5
133.53,2027-06-17,467,590.0,455.85,471.85,463.85,9,1,0.8746,3.4
133.53,2027-06-17,467,600.0,456.0,476.0,466.0,0,1,0.9367,4.3
133.53,2027-06-17,467,610.0,315.7,319.65,317.67,11,1,0.0,1.2
133.53,2027-06-17,467,620.0,476.0,496.0,486.0,0,3,0.9492,4.1
133.53,2027-06-17,467,630.0,333.75,337.7,335.73,13,15,0.0,1.2
133.53,2027-06-17,467,640.0,488.95,492.9,490.92,0,1,0.0,0.8
133.53,2027-06-17,467,650.0,382.45,386.35,384.4,14,2,0.0,1.0
133.53,2027-06-17,467,670.0,526.0,546.0,536.0,0,3,0.9783,3.7
133.53,2027-06-17,467,680.0,536.0,556.0,546.0,0,2,0.9838,3.7
133.53,2027-06-17,467,690.0,546.0,566.0,556.0,3,9,0.9893,3.6
133.53,2027-06-17,467,700.0,536.15,545.0,540.58,0,8,0.0,1.6
133.53,2027-06-17,467,710.0,566.0,586.0,576.0,1,1,0.9998,3.5
133.53,2027-06-17,467,720.0,576.0,596.0,586.0,2,2,1.0049,3.4
133.53,2027-06-17,467,730.0,566.15,575.05,570.6,0,1,0.0,1.6
133.53,2027-06-17,467,740.0,596.0,616.0,606.0,1,2,1.015,3.3
133.53,2027-06-17,467,750.0,586.2,595.05,590.62,0,2,0.0,1.5
133.53,2027-06-17,467,760.0,596.2,605.05,600.62,0,6,0.0,1.5
133.53,2027-06-17,467,770.0,606.2,615.05,610.62,0,1,0.0,1.4
133.53,2027-06-17,467,780.0,616.2,625.05,620.62,0,9,0.0,1.4
133.53,2027-06-17,467,790.0,626.2,635.05,630.62,0,7,0.0,1.4
133.53,2027-06-17,467,800.0,636.2,645.05,640.62,0,10,0.0,1.4
133.53,2027-06-17,467,810.0,561.2,572.8,567.0,20,14,0.0,2.0
133.53,2027-06-17,467,820.0,570.95,582.6,576.78,20,20,0.0,2.0
133.53,2027-06-17,467,830.0,652.95,663.1,658.03,0,1,0.0,1.5
133.53,2027-06-17,467,840.0,662.95,673.1,668.03,0,0,0.0,1.5
133.53,2027-06-17,467,860.0,716.0,736.0,726.0,0,1,1.0692,2.8
133.53,2027-09-17,559,5.0,0.28,0.45,0.36,1387,10,1.3926,46.6
133.53,2027-09-17,559,10.0,0.15,0.8,0.48,1080,11,1.1074,136.8
133.53,2027-09-17,559,15.0,0.0,1.55,0.78,526,1,1.0073,200.0
133.53,2027-09-17,559,20.0,1.62,11.2,6.41,203,2,1.5569,149.5
133.53,2027-09-17,559,25.0,2.13,3.55,2.84,49,2,1.0305,50.0
133.53,2027-09-17,559,30.0,3.25,4.6,3.92,648,1,1.0081,34.4
133.53,2027-09-17,559,35.0,4.5,6.55,5.53,195,154,1.0127,37.1
133.53,2027-09-17,559,40.0,5.25,7.3,6.28,230,2,0.9584,32.7
133.53,2027-09-17,559,60.0,10.4,14.5,12.45,9,2,0.8925,32.9
133.53,2027-09-17,559,65.0,12.45,17.2,14.82,2,0,0.8969,32.0
133.53,2027-09-17,559,70.0,12.55,19.3,15.93,6,1,0.8598,42.4
133.53,2027-09-17,559,75.0,16.9,18.4,17.65,16,2,0.8411,8.5
133.53,2027-09-17,559,80.0,19.2,21.0,20.1,19,14,0.84,9.0
133.53,2027-09-17,559,85.0,21.35,22.95,22.15,31,2,0.8265,7.2
133.53,2027-09-17,559,90.0,23.7,25.95,24.82,102,2,0.826,9.1
133.53,2027-09-17,559,95.0,23.35,30.65,27.0,5,2,0.8124,27.0
133.53,2027-09-17,559,100.0,28.8,30.75,29.77,314,2,0.8103,6.5
133.53,2027-09-17,559,105.0,30.0,35.75,32.88,139,18,0.8129,17.5
133.53,2027-09-17,559,110.0,33.0,36.35,34.67,44,26,0.7885,9.7
133.53,2027-09-17,559,115.0,36.5,38.95,37.73,116,20,0.7874,6.5
133.53,2027-09-17,559,120.0,39.45,41.5,40.48,209,2,0.7793,5.1
133.53,2027-09-17,559,125.0,42.35,44.4,43.38,110,18,0.7729,4.7
133.53,2027-09-17,559,130.0,45.6,47.45,46.53,156,3,0.7698,4.0
133.53,2027-09-17,559,135.0,48.2,51.0,49.6,43,1,0.7643,5.6
133.53,2027-09-17,559,140.0,48.15,56.35,52.25,58,4,0.7508,15.7
133.53,2027-09-17,559,145.0,55.0,57.0,56.0,25,22,0.7546,3.6
133.53,2027-09-17,559,150.0,57.9,60.4,59.15,122,4,0.7477,4.2
133.53,2027-09-17,559,155.0,60.95,63.7,62.33,6,2,0.7403,4.4
133.53,2027-09-17,559,160.0,64.6,67.7,66.15,309,1,0.7424,4.7
133.53,2027-09-17,559,165.0,68.0,70.7,69.35,91,2,0.7339,3.9
133.53,2027-09-17,559,170.0,71.5,74.4,72.95,33,2,0.7309,4.0
133.53,2027-09-17,559,175.0,74.85,78.1,76.47,67,2,0.726,4.2
133.53,2027-09-17,559,180.0,78.65,83.3,80.97,358,2,0.7353,5.7
133.53,2027-09-17,559,185.0,82.65,85.55,84.1,200,2,0.7229,3.4
133.53,2027-09-17,559,190.0,86.0,89.4,87.7,693,500,0.7172,3.9
133.53,2027-09-17,559,195.0,88.7,93.25,90.97,23,6,0.7059,5.0
133.53,2027-09-17,559,200.0,93.45,97.15,95.3,221,1,0.71,3.9
133.53,2027-09-17,559,210.0,97.15,107.15,102.15,10,2,0.689,9.8
133.53,2027-09-17,559,220.0,108.8,116.4,112.6,32,1,0.7207,6.7
133.53,2027-09-17,559,230.0,116.75,121.2,118.97,22,1,0.6882,3.7
133.53,2027-09-17,559,240.0,125.25,129.65,127.45,42,1,0.6859,3.5
133.53,2027-09-17,559,250.0,133.0,140.95,136.97,51,10,0.6986,5.8
133.53,2027-09-17,559,260.0,141.35,146.3,143.82,50,2,0.6669,3.4
133.53,2027-09-17,559,270.0,149.75,155.4,152.57,40,3,0.6639,3.7
133.53,2027-09-17,559,280.0,159.0,163.7,161.35,66,30,0.6599,2.9
133.53,2027-09-17,559,290.0,166.95,172.4,169.68,47,1,0.6464,3.2
133.53,2027-09-17,559,300.0,175.55,181.85,178.7,49,1,0.6436,3.5
133.53,2027-09-17,559,310.0,184.35,191.75,188.05,19,10,0.6456,3.9
133.53,2027-09-17,559,320.0,193.2,201.05,197.12,16,8,0.6414,4.0
133.53,2027-09-17,559,330.0,202.1,210.4,206.25,24,5,0.6368,4.0
133.53,2027-09-17,559,340.0,210.6,219.05,214.82,54,2,0.6194,3.9
133.53,2027-09-17,559,350.0,215.95,234.0,224.97,32,1,0.6341,8.0
133.53,2027-09-17,559,360.0,225.95,242.8,234.38,28,2,0.6321,7.2
133.53,2027-09-17,559,370.0,243.25,259.85,251.55,199,3,0.7835,6.6
133.53,2027-09-17,559,380.0,242.0,260.2,251.1,161,2,0.571,7.2
133.53,2027-09-17,559,390.0,253.45,270.6,262.02,54,1,0.6059,6.5
133.53,2027-09-17,559,400.0,262.0,281.6,271.8,7,1,0.6092,7.2
133.53,2027-09-17,559,410.0,259.2,262.4,260.8,13,7,0.0,1.2
133.53,2027-09-17,559,420.0,267.4,270.4,268.9,8,7,0.0,1.1
133.53,2027-09-17,559,440.0,277.0,279.95,278.48,3,2,0.0,1.1
133.53,2027-09-17,559,450.0,296.5,298.0,297.25,1,1,0.0,0.5
133.53,2027-09-17,559,460.0,312.25,319.0,315.62,27,1,0.0,2.1
133.53,2027-09-17,559,480.0,205.95,214.05,210.0,4,0,0.0,3.9
133.53,2027-09-17,559,500.0,334.0,346.35,340.18,1,0,0.0,3.6
133.53,2027-09-17,559,520.0,218.8,230.05,224.43,2,4,0.0,5.0
133.53,2027-09-17,559,540.0,224.1,238.4,231.25,1,1,0.0,6.2
133.53,2027-09-17,559,560.0,381.75,385.65,383.7,26,2,0.0,1.0
133.53,2027-09-17,559,580.0,289.65,297.4,293.52,1,0,0.0,2.6
133.53,2027-09-17,559,640.0,482.0,500.0,491.0,2,2,0.0,3.7
133.53,2027-09-17,559,850.0,658.0,678.0,668.0,0,2,0.0,3.0
133.53,2027-09-17,559,870.0,622.0,640.0,631.0,1,2,0.0,2.9
133.53,2027-09-17,559,880.0,698.0,718.0,708.0,0,2,0.0,2.8
133.53,2027-09-17,559,890.0,698.0,718.0,708.0,0,2,0.0,2.8
133.53,2027-09-17,559,900.0,718.0,738.0,728.0,0,2,0.0,2.7
133.53,2027-09-17,559,910.0,718.0,738.0,728.0,0,3,0.0,2.7
133.53,2027-12-17,650,5.0,0.32,0.48,0.4,4502,1,1.3135,40.0
133.53,2027-12-17,650,10.0,0.79,1.0,0.9,1992,2,1.1631,23.5
133.53,2027-12-17,650,15.0,1.61,1.8,1.71,8798,4,1.1123,11.1
133.53,2027-12-17,650,20.0,2.12,3.2,2.66,1519,1,1.071,40.6
133.53,2027-12-17,650,25.0,2.21,4.1,3.15,470,12,0.9849,59.9
133.53,2027-12-17,650,30.0,3.35,12.0,7.67,721,1,1.1862,112.7
133.53,2027-12-17,650,35.0,5.5,6.8,6.15,4970,36,0.9757,21.1
133.53,2027-12-17,650,40.0,5.35,8.8,7.08,477,1,0.9293,48.8
133.53,2027-12-17,650,45.0,6.3,13.95,10.12,84,2,0.9783,75.6
133.53,2027-12-17,650,50.0,9.8,10.55,10.18,10736,33,0.8955,7.4
133.53,2027-12-17,650,55.0,7.45,16.2,11.82,639,12,0.8787,74.0
133.53,2027-12-17,650,60.0,13.1,14.9,14.0,201,4,0.8767,12.9
133.53,2027-12-17,650,65.0,12.35,21.3,16.82,195,20,0.8898,53.2
133.53,2027-12-17,650,70.0,12.95,18.9,15.92,214,14,0.7975,37.4
133.53,2027-12-17,650,75.0,18.75,21.4,20.07,482,3,0.8409,13.2
133.53,2027-12-17,650,80.0,21.1,23.3,22.2,500,1,0.8284,9.9
133.53,2027-12-17,650,85.0,23.3,26.1,24.7,91,1,0.8232,11.3
133.53,2027-12-17,650,90.0,24.75,31.25,28.0,258,3,0.8333,23.2
133.53,2027-12-17,650,95.0,25.35,34.0,29.68,2358,1,0.8074,29.1
133.53,2027-12-17,650,100.0,30.95,33.4,32.17,2695,1,0.7979,7.6
133.53,2027-12-17,650,105.0,33.85,36.15,35.0,323,9,0.7936,6.6
133.53,2027-12-17,650,110.0,36.65,39.15,37.9,957,1,0.7893,6.6
133.53,2027-12-17,650,115.0,39.8,42.15,40.97,194,4,0.7869,5.7
133.53,2027-12-17,650,120.0,42.05,45.2,43.62,393,2,0.7761,7.2
133.53,2027-12-17,650,125.0,45.6,48.15,46.88,371,6,0.7746,5.4
133.53,2027-12-17,650,130.0,48.25,50.75,49.5,251,2,0.7619,5.1
133.53,2027-12-17,650,135.0,51.6,56.7,54.15,380,1,0.7809,9.4
133.53,2027-12-17,650,140.0,54.45,57.7,56.08,180,2,0.7555,5.8
133.53,2027-12-17,650,145.0,57.45,62.95,60.2,76,10,0.764,9.1
133.53,2027-12-17,650,150.0,61.05,65.9,63.48,558,3,0.7585,7.6
133.53,2027-12-17,650,155.0,64.4,67.8,66.1,151,2,0.7425,5.1
133.53,2027-12-17,650,160.0,67.45,71.3,69.38,117,4,0.7358,5.5
133.53,2027-12-17,650,165.0,70.9,77.1,74.0,115,2,0.7482,8.4
133.53,2027-12-17,650,170.0,66.0,81.8,73.9,190,10,0.6915,21.4
133.53,2027-12-17,650,175.0,75.7,90.0,82.85,184,2,0.7648,17.3
133.53,2027-12-17,650,180.0,78.65,90.95,84.8,78,3,0.7365,14.5
133.53,2027-12-17,650,185.0,84.9,90.05,87.47,224,4,0.7183,5.9
133.53,2027-12-17,650,190.0,88.75,93.85,91.3,156,2,0.716,5.6
133.53,2027-12-17,650,195.0,92.3,97.25,94.78,140,2,0.7083,5.2
133.53,2027-12-17,650,200.0,97.05,102.0,99.53,705,21,0.7179,5.0
133.53,2027-12-17,650,210.0,103.95,109.6,106.78,247,1,0.7042,5.3
133.53,2027-12-17,650,220.0,112.25,119.25,115.75,229,4,0.713,6.0
133.53,2027-12-17,650,230.0,119.85,131.7,125.77,894,2,0.7349,9.4
133.53,2027-12-17,650,240.0,128.1,139.75,133.93,97,5,0.729,8.7
133.53,2027-12-17,650,250.0,136.45,147.75,142.1,307,1,0.722,8.0
133.53,2027-12-17,650,260.0,144.25,152.8,148.53,137,8,0.6884,5.8
133.53,2027-12-17,650,270.0,150.7,161.25,155.97,139,1,0.6675,6.8
133.53,2027-12-17,650,280.0,154.0,174.0,164.0,79,2,0.6534,12.2
133.53,2027-12-17,650,290.0,166.35,181.75,174.05,52,1,0.6691,8.8
133.53,2027-12-17,650,300.0,175.55,190.0,182.78,234,1,0.6634,7.9
133.53,2027-12-17,650,310.0,186.9,196.3,191.6,81,1,0.6581,4.9
133.53,2027-12-17,650,320.0,195.25,204.1,199.68,295,2,0.6393,4.4
133.53,2027-12-17,650,330.0,204.05,213.7,208.88,138,1,0.6377,4.6
133.53,2027-12-17,650,340.0,212.9,222.95,217.93,73,9,0.6327,4.6
133.53,2027-12-17,650,350.0,221.8,232.45,227.12,184,15,0.6292,4.7
133.53,2027-12-17,650,360.0,230.75,241.9,236.32,212,1,0.6249,4.7
133.53,2027-12-17,650,370.0,240.25,251.2,245.72,211,2,0.6234,4.5
133.53,2027-12-17,650,380.0,248.85,260.3,254.57,135,2,0.6101,4.5
133.53,2027-12-17,650,390.0,257.95,269.85,263.9,42,1,0.605,4.5
133.53,2027-12-17,650,400.0,264.0,278.25,271.12,480,2,0.5478,5.3
133.53,2027-12-17,650,410.0,274.0,292.0,283.0,58,5,0.6024,6.4
133.53,2027-12-17,650,420.0,282.0,302.0,292.0,47,2,0.5867,6.8
133.53,2027-12-17,650,430.0,292.0,312.0,302.0,24,3,0.5945,6.6
133.53,2027-12-17,650,440.0,302.0,320.0,311.0,38,2,0.5758,5.8
133.53,2027-12-17,650,450.0,310.0,330.0,320.0,181,2,0.5535,6.2
133.53,2027-12-17,650,460.0,291.0,294.05,292.52,13,8,0.0,1.0
133.53,2027-12-17,650,470.0,301.4,304.25,302.82,4,1,0.0,0.9
133.53,2027-12-17,650,480.0,333.25,337.85,335.55,18,6,0.0,1.4
133.53,2027-12-17,650,490.0,350.0,368.0,359.0,98,20,0.545,5.0
133.53,2027-12-17,650,500.0,358.0,378.0,368.0,168,1,0.5067,5.4
133.53,2027-12-17,650,510.0,368.0,388.0,378.0,29,1,0.5125,5.3
133.53,2027-12-17,650,520.0,371.2,378.15,374.67,23,5,0.0,1.9
133.53,2027-12-17,650,530.0,388.0,408.0,398.0,16,6,0.5236,5.0
133.53,2027-12-17,650,540.0,381.15,385.4,383.27,3,2,0.0,1.1
133.53,2027-12-17,650,550.0,408.0,428.0,418.0,92,2,0.5341,4.8
133.53,2027-12-17,650,560.0,418.0,436.85,427.43,39,6,0.5045,4.4
133.53,2027-12-17,650,570.0,419.7,426.85,423.27,19,1,0.0,1.7
133.53,2027-12-17,650,580.0,438.0,456.0,447.0,53,1,0.7838,4.0
133.53,2027-12-17,650,590.0,439.2,446.4,442.8,43,4,0.0,1.6
133.53,2027-12-17,650,600.0,462.35,476.05,469.2,1,1,0.613,2.9
133.53,2027-12-17,650,610.0,468.0,486.0,477.0,41,1,0.8001,3.8
133.53,2027-12-17,650,620.0,476.0,496.0,486.0,5,1,0.8054,4.1
133.53,2027-12-17,650,630.0,486.0,506.0,496.0,15,1,0.8105,4.0
133.53,2027-12-17,650,640.0,496.0,516.0,506.0,13,2,0.8156,4.0
133.53,2027-12-17,650,650.0,506.0,526.0,516.0,129,1,0.8205,3.9
133.53,2027-12-17,650,660.0,362.55,373.55,368.05,13,2,0.0,3.0
133.53,2027-12-17,650,670.0,512.0,530.0,521.0,28,5,0.0,3.5
133.53,2027-12-17,650,680.0,522.0,540.7,531.35,70,9,0.0,3.5
133.53,2027-12-17,650,690.0,554.0,574.0,564.0,0,761,0.7949,3.5
133.53,2027-12-17,650,700.0,556.0,576.0,566.0,0,1,0.844,3.5
133.53,2027-12-17,650,710.0,574.0,594.0,584.0,0,520,0.8037,3.4
133.53,2027-12-17,650,720.0,562.0,580.0,571.0,0,10,0.0,3.2
133.53,2027-12-17,650,730.0,594.0,614.0,604.0,0,1,0.8123,3.3
133.53,2027-12-17,650,740.0,572.0,590.4,581.2,0,4,0.0,3.2
133.53,2027-12-17,650,750.0,582.0,599.95,590.98,0,7,0.0,3.0
133.53,2027-12-17,650,760.0,593.15,609.25,601.2,0,35,0.0,2.7
133.53,2027-12-17,650,770.0,601.2,620.0,610.6,0,10,0.0,3.1
133.53,2027-12-17,650,780.0,612.0,629.6,620.8,0,9,0.0,2.8
133.53,2027-12-17,650,790.0,621.3,639.5,630.4,0,7,0.0,2.9
133.53,2027-12-17,650,800.0,641.1,660.0,650.55,0,1,0.0,2.9
133.53,2027-12-17,650,810.0,666.0,686.0,676.0,0,1,0.8893,3.0
133.53,2027-12-17,650,820.0,650.0,672.0,661.0,0,10,0.0,3.3
133.53,2027-12-17,650,830.0,662.0,680.0,671.0,0,8,0.0,2.7
133.53,2027-12-17,650,840.0,672.0,692.0,682.0,0,6,0.0,2.9
133.53,2027-12-17,650,850.0,682.0,702.0,692.0,0,1,0.0,2.9
133.53,2027-12-17,650,860.0,696.0,710.0,703.0,0,1,0.0,2.0
133.53,2027-12-17,650,870.0,702.0,720.0,711.0,0,4,0.0,2.5
133.53,2027-12-17,650,880.0,636.6,643.35,639.98,14,15,0.0,1.1
133.53,2027-12-17,650,890.0,642.0,658.0,650.0,31,15,0.0,2.5
133.53,2027-12-17,650,900.0,756.0,776.0,766.0,0,26,0.9212,2.6
133.53,2027-12-17,650,910.0,750.0,770.0,760.0,0,1,0.0,2.6
133.53,2028-01-21,685,5.0,0.35,0.48,0.41,10383,1,1.2881,31.3
133.53,2028-01-21,685,10.0,0.81,1.1,0.96,2235,7,1.1489,30.4
133.53,2028-01-21,685,15.0,1.27,1.9,1.58,1115,1,1.064,39.7
133.53,2028-01-21,685,20.0,2.15,3.3,2.72,732,3,1.0505,42.2
133.53,2028-01-21,685,25.0,3.1,4.35,3.72,4557,2,1.0085,33.6
133.53,2028-01-21,685,30.0,3.15,6.0,4.58,438,1,0.9564,62.3
133.53,2028-01-21,685,35.0,6.0,9.0,7.5,2201,3,1.0246,40.0
133.53,2028-01-21,685,40.0,7.2,8.2,7.7,2391,100,0.9354,13.0
133.53,2028-01-21,685,45.0,8.95,11.8,10.38,53,1,0.9633,27.5
133.53,2028-01-21,685,50.0,10.35,11.2,10.77,2536,3,0.8948,7.9
133.53,2028-01-21,685,60.0,13.65,15.1,14.38,1047,198,0.8655,10.1
133.53,2028-01-21,685,65.0,15.05,19.35,17.2,123,176,0.8773,25.0
133.53,2028-01-21,685,70.0,17.9,19.1,18.5,382,1,0.8442,6.5
133.53,2028-01-21,685,75.0,20.0,23.05,21.52,1004,5,0.8546,14.2
133.53,2028-01-21,685,80.0,22.1,24.15,23.12,1232,3,0.8283,8.9
133.53,2028-01-21,685,85.0,24.85,26.1,25.48,29,21,0.8188,4.9
133.53,2028-01-21,685,90.0,26.45,29.5,27.98,368,2,0.8112,10.9
133.53,2028-01-21,685,95.0,29.0,31.7,30.35,305,170,0.7999,8.9
133.53,2028-01-21,685,100.0,32.65,33.95,33.3,3032,11,0.7987,3.9
133.53,2028-01-21,685,105.0,34.55,37.05,35.8,150,9,0.7877,7.0
133.53,2028-01-21,685,110.0,37.75,39.6,38.67,274,1,0.7826,4.8
133.53,2028-01-21,685,115.0,40.7,42.55,41.62,78,1,0.7777,4.4
133.53,2028-01-21,685,120.0,43.75,45.55,44.65,882,3,0.7731,4.0
133.53,2028-01-21,685,125.0,46.55,48.9,47.72,96,7,0.7684,4.9
133.53,2028-01-21,685,130.0,47.2,51.8,49.5,455,2,0.7422,9.3
133.53,2028-01-21,685,135.0,52.4,54.7,53.55,533,1003,0.7514,4.3
133.53,2028-01-21,685,140.0,56.05,60.6,58.33,179,7,0.7704,7.8
133.53,2028-01-21,685,145.0,59.75,62.05,60.9,79,2,0.7548,3.8
133.53,2028-01-21,685,150.0,62.95,67.15,65.05,1000,2,0.7622,6.5
133.53,2028-01-21,685,155.0,65.5,68.65,67.08,129,7,0.7376,4.7
133.53,2028-01-21,685,160.0,68.75,76.6,72.67,343,1,0.7645,10.8
133.53,2028-01-21,685,165.0,72.85,75.55,74.2,485,1,0.7318,3.6
133.53,2028-01-21,685,170.0,76.25,79.3,77.78,611,1,0.7282,3.9
133.53,2028-01-21,685,175.0,80.0,83.0,81.5,302,1,0.726,3.7
133.53,2028-01-21,685,180.0,83.6,87.75,85.67,665,1,0.7297,4.8
133.53,2028-01-21,685,185.0,86.95,90.4,88.68,195,1,0.7164,3.9
133.53,2028-01-21,685,190.0,90.6,95.45,93.03,204,2,0.7213,5.2
133.53,2028-01-21,685,195.0,92.3,98.7,95.5,87,1,0.6999,6.7
133.53,2028-01-21,685,200.0,97.95,102.75,100.35,695,1,0.7107,4.8
133.53,2028-01-21,685,210.0,105.65,110.65,108.15,63,9,0.7049,4.6
133.53,2028-01-21,685,220.0,113.45,118.75,116.1,233,2,0.6993,4.6
133.53,2028-01-21,685,230.0,121.45,127.35,124.4,217,2,0.6971,4.7
133.53,2028-01-21,685,240.0,129.35,137.1,133.22,102,4,0.7005,5.8
133.53,2028-01-21,685,250.0,137.2,143.75,140.47,1249,1,0.6808,4.7
133.53,2028-01-21,685,260.0,145.8,151.15,148.48,224,2,0.6699,3.6
133.53,2028-01-21,685,270.0,154.05,161.7,157.88,170,2,0.6777,4.8
133.53,2028-01-21,685,280.0,162.4,170.6,166.5,113,2,0.6733,4.9
133.53,2028-01-21,685,290.0,170.5,179.55,175.03,62,2,0.6663,5.2
133.53,2028-01-21,685,300.0,180.55,188.75,184.65,136,2,0.6746,4.4
133.53,2028-01-21,685,310.0,184.0,196.85,190.43,48,1,0.6226,6.7
133.53,2028-01-21,685,320.0,196.65,205.9,201.28,245,4,0.6485,4.6
133.53,2028-01-21,685,330.0,205.25,214.55,209.9,253,5,0.6383,4.4
133.53,2028-01-21,685,340.0,214.2,223.8,219.0,57,8,0.6347,4.4
133.53,2028-01-21,685,350.0,220.0,233.1,226.55,156,1,0.6027,5.8
133.53,2028-01-21,685,360.0,228.0,241.65,234.82,135,1,0.5803,5.8
133.53,2028-01-21,685,370.0,240.3,251.0,245.65,8,1,0.606,4.4
133.53,2028-01-21,685,380.0,249.4,260.2,254.8,157,2,0.5988,4.2
133.53,2028-01-21,685,390.0,258.4,268.75,263.57,6,2,0.5826,3.9
133.53,2028-01-21,685,400.0,267.3,277.95,272.62,296,1,0.5702,3.9
133.53,2028-01-21,685,410.0,267.8,273.3,270.55,7,3,0.0,2.0
133.53,2028-01-21,685,420.0,285.6,301.65,293.62,25,39,0.6087,5.5
133.53,2028-01-21,685,430.0,294.0,308.3,301.15,4,1,0.5577,4.7
133.53,2028-01-21,685,440.0,304.0,316.65,310.32,2,39,0.5421,4.1
133.53,2028-01-21,685,450.0,312.0,330.0,321.0,9,2,0.5681,5.6
133.53,2028-01-21,685,460.0,322.0,340.0,331.0,1,0,0.5751,5.4
133.53,2028-01-21,685,470.0,332.0,344.95,338.48,39,39,0.6741,3.8
133.53,2028-01-21,685,480.0,342.0,354.95,348.48,26,20,0.5041,3.7
133.53,2028-01-21,685,490.0,336.55,339.05,337.8,2,1,0.0,0.7
133.53,2028-01-21,685,500.0,362.25,373.95,368.1,173,2,0.6731,3.2
133.53,2028-01-21,685,510.0,370.3,383.6,376.95,101,23,0.6717,3.5
133.53,2028-01-21,685,520.0,380.0,396.45,388.23,0,2,0.5159,4.2
133.53,2028-01-21,685,530.0,390.55,407.7,399.12,2,1,0.5587,4.3
133.53,2028-01-21,685,550.0,410.0,428.0,419.0,203,1,0.5647,4.3
133.53,2028-01-21,685,560.0,401.2,404.95,403.07,0,1,0.0,0.9
133.53,2028-01-21,685,570.0,412.05,414.3,413.18,1,1,0.0,0.5
133.53,2028-01-21,685,580.0,429.05,435.95,432.5,0,46,0.0,1.6
133.53,2028-01-21,685,600.0,458.0,476.0,467.0,229,1,0.7744,3.9
133.53,2028-01-21,685,620.0,484.0,504.0,494.0,38,3,0.7419,4.0
133.53,2028-01-21,685,630.0,488.0,506.0,497.0,0,1,0.7897,3.6
133.53,2028-01-21,685,640.0,504.0,524.0,514.0,39,1,0.7517,3.9
133.53,2028-01-21,685,650.0,506.0,526.0,516.0,4,1,0.7994,3.9
133.53,2028-01-21,685,660.0,497.35,509.05,503.2,28,120,0.0,2.3
133.53,2028-01-21,685,670.0,502.9,519.3,511.1,0,5,0.0,3.2
133.53,2028-01-21,685,680.0,536.0,556.0,546.0,53,1,0.8134,3.7
133.53,2028-01-21,685,690.0,546.0,566.0,556.0,0,113,0.8179,3.6
133.53,2028-01-21,685,700.0,556.0,576.0,566.0,3,2,0.8223,3.5
133.53,2028-06-16,832,50.0,12.5,13.2,12.85,583,9,0.8815,5.4
133.53,2028-06-16,832,55.0,14.3,15.95,15.12,177,2,0.8769,10.9
133.53,2028-06-16,832,60.0,16.1,17.7,16.9,36,2,0.8554,9.5
133.53,2028-06-16,832,65.0,18.25,22.3,20.27,14,2,0.8749,20.0
133.53,2028-06-16,832,70.0,20.85,22.55,21.7,21,5,0.8422,7.8
133.53,2028-06-16,832,75.0,23.2,24.85,24.02,74,1,0.8314,6.9
133.53,2028-06-16,832,80.0,25.75,27.5,26.62,256,1,0.8253,6.6
133.53,2028-06-16,832,85.0,28.15,30.75,29.45,15,6,0.8225,8.8
133.53,2028-06-16,832,90.0,29.9,31.9,30.9,188,1,0.7917,6.5
133.53,2028-06-16,832,95.0,33.4,35.45,34.42,45,7,0.8,6.0
133.53,2028-06-16,832,100.0,35.95,38.4,37.17,1260,8,0.7925,6.6
133.53,2028-06-16,832,105.0,39.15,43.2,41.17,888,1,0.8057,9.8
133.53,2028-06-16,832,110.0,41.75,44.75,43.25,43,1,0.7848,6.9
133.53,2028-06-16,832,115.0,44.8,48.05,46.42,172,3,0.7818,7.0
133.53,2028-06-16,832,120.0,45.15,50.5,47.83,226,1,0.7502,11.2
133.53,2028-06-16,832,125.0,42.0,54.55,48.27,82,2,0.7055,26.0
133.53,2028-06-16,832,130.0,51.3,58.4,54.85,74,15,0.7515,12.9
133.53,2028-06-16,832,135.0,57.45,60.35,58.9,154,1,0.7586,4.9
133.53,2028-06-16,832,140.0,58.95,65.1,62.02,83,3,0.7514,9.9
133.53,2028-06-16,832,145.0,63.95,67.0,65.47,111,5,0.7484,4.7
133.53,2028-06-16,832,150.0,66.2,71.85,69.03,264,2,0.7461,8.2
133.53,2028-06-16,832,155.0,70.75,76.0,73.38,37,4,0.7542,7.2
133.53,2028-06-16,832,160.0,72.95,78.85,75.9,169,1,0.7368,7.8
133.53,2028-06-16,832,165.0,76.4,81.75,79.08,259,1,0.728,6.8
133.53,2028-06-16,832,170.0,80.3,87.65,83.97,80,10,0.7415,8.8
133.53,2028-06-16,832,175.0,84.65,88.75,86.7,9,2,0.7259,4.7
133.53,2028-06-16,832,180.0,86.1,92.55,89.32,312,3,0.7088,7.2
133.53,2028-06-16,832,185.0,91.15,95.9,93.53,23,4,0.7116,5.1
133.53,2028-06-16,832,190.0,94.8,101.95,98.38,615,599,0.7223,7.3
133.53,2028-06-16,832,195.0,98.45,103.4,100.93,62,1,0.7033,4.9
133.53,2028-06-16,832,200.0,101.7,108.15,104.93,169,1,0.7023,6.1
133.53,2028-06-16,832,210.0,109.7,116.25,112.97,38,6,0.6998,5.8
133.53,2028-06-16,832,220.0,117.3,124.7,121.0,38,6,0.6957,6.1
133.53,2028-06-16,832,230.0,125.05,132.35,128.7,52,1,0.6862,5.7
133.53,2028-06-16,832,240.0,132.9,142.0,137.45,12,1,0.6885,6.6
133.53,2028-06-16,832,250.0,140.8,149.75,145.28,79,5,0.6783,6.2
133.53,2028-06-16,832,260.0,144.15,157.55,150.85,27,4,0.6384,8.9
133.53,2028-06-16,832,270.0,157.15,166.4,161.78,34,1,0.6651,5.7
133.53,2028-06-16,832,280.0,160.0,180.0,170.0,54,1,0.6566,11.8
133.53,2028-06-16,832,290.0,173.6,184.9,179.25,78,3,0.6603,6.3
133.53,2028-06-16,832,300.0,182.05,192.25,187.15,456,8,0.6457,5.5
133.53,2028-12-15,1014,5.0,0.57,0.7,0.64,496,8,1.1548,20.5
133.53,2028-12-15,1014,10.0,1.15,1.7,1.42,187,2,1.0378,38.6
133.53,2028-12-15,1014,15.0,0.0,11.5,5.75,4,0,1.3232,200.0
133.53,2028-12-15,1014,20.0,0.0,12.15,6.08,38,20,1.1314,200.0
133.53,2028-12-15,1014,25.0,3.8,8.85,6.32,30,2,0.9957,79.8
133.53,2028-12-15,1014,30.0,7.1,7.9,7.5,34,2,0.9412,10.7
133.53,2028-12-15,1014,35.0,4.0,14.65,9.32,2,1,0.9221,114.2
133.53,2028-12-15,1014,50.0,14.35,15.7,15.02,10,1,0.8641,9.0
133.53,2028-12-15,1014,60.0,17.95,20.6,19.27,2,1,0.8347,13.7
133.53,2028-12-15,1014,65.0,18.75,25.4,22.07,4,1,0.8347,30.1
133.53,2028-12-15,1014,70.0,23.85,25.95,24.9,8,2,0.8329,8.4
133.53,2028-12-15,1014,75.0,24.75,28.55,26.65,4,3,0.807,14.3
133.53,2028-12-15,1014,80.0,29.05,30.6,29.83,6,2,0.8099,5.2
133.53,2028-12-15,1014,85.0,29.1,33.8,31.45,1,0,0.7819,14.9
133.53,2028-12-15,1014,90.0,33.95,37.35,35.65,1,1,0.8008,9.5
133.53,2028-12-15,1014,95.0,37.15,38.95,38.05,10,2,0.786,4.7
133.53,2028-12-15,1014,100.0,39.75,42.05,40.9,34,3,0.7785,5.6
133.53,2028-12-15,1014,105.0,42.45,45.35,43.9,12,12,0.7728,6.6
133.53,2028-12-15,1014,110.0,45.6,48.85,47.23,20,6,0.7715,6.9
133.53,2028-12-15,1014,115.0,48.4,51.7,50.05,16,2,0.7617,6.6
133.53,2028-12-15,1014,120.0,51.35,55.35,53.35,26,1,0.7586,7.5
133.53,2028-12-15,1014,125.0,55.05,58.7,56.88,15,2,0.758,6.4
133.53,2028-12-15,1014,130.0,58.45,62.1,60.28,4,5,0.7549,6.1
133.53,2028-12-15,1014,135.0,59.65,64.55,62.1,11,4,0.73,7.9
133.53,2028-12-15,1014,140.0,64.15,69.3,66.72,82,5,0.7425,7.7
133.53,2028-12-15,1014,145.0,67.35,72.65,70.0,5,2,0.7364,7.6
133.53,2028-12-15,1014,150.0,71.7,76.1,73.9,7,7,0.7379,6.0
133.53,2028-12-15,1014,155.0,73.05,79.85,76.45,10,1,0.7217,8.9
133.53,2028-12-15,1014,160.0,79.3,83.15,81.22,1,1,0.7333,4.7
133.53,2028-12-15,1014,170.0,84.5,89.5,87.0,4,10,0.7082,5.7
133.53,2028-12-15,1014,180.0,91.55,98.35,94.95,4,3,0.7084,7.2
133.53,2028-12-15,1014,190.0,98.8,106.1,102.45,4,1,0.7018,7.1
133.53,2028-12-15,1014,195.0,102.45,108.8,105.62,1,0,0.6913,6.0
133.53,2028-12-15,1014,200.0,107.3,113.25,110.28,11,22,0.6977,5.4
133.53,2028-12-15,1014,210.0,113.6,122.0,117.8,3,2,0.689,7.1
133.53,2028-12-15,1014,215.0,117.35,126.4,121.88,27,20,0.6878,7.4
133.53,2028-12-15,1014,220.0,116.0,132.5,124.25,1,1,0.667,13.3
133.53,2028-12-15,1014,230.0,124.0,144.0,134.0,4,3,0.6815,14.9
133.53,2028-12-15,1014,240.0,137.9,145.8,141.85,1,1,0.6734,5.6
133.53,2028-12-15,1014,260.0,152.4,162.6,157.5,11,1,0.6541,6.5
