date,log_return,fetch_date
1998-06-12,-0.011904902506318314,2026-03-09
1998-06-15,-0.021180822079447024,2026-03-09
1998-06-16,0.015174798019235132,2026-03-09
1998-06-17,0.09749836448487766,2026-03-09
1998-06-18,0.12805192685989697,2026-03-09
1998-06-19,0.07856232250310209,2026-03-09
1998-06-22,-0.004454350349380309,2026-03-09
1998-06-23,-0.07410797215372185,2026-03-09
1998-06-24,-0.02433210065953067,2026-03-09
1998-06-25,0.01951281422358172,2026-03-09
1998-06-26,0.05635293655113178,2026-03-09
1998-06-29,0.0402738991379399,2026-03-09
1998-06-30,-0.00881062968215492,2026-03-09
1998-07-01,-0.01785761740000646,2026-03-09
1998-07-02,-0.055569851154810765,2026-03-09
1998-07-06,0.07342746855481715,2026-03-09
1998-07-07,-0.029182766757059827,2026-03-09
1998-07-08,0.01581953894489281,2026-03-09
1998-07-09,0.006703935722190134,2026-03-09
1998-07-10,0.10758521067993743,2026-03-09
1998-07-13,0.22793206804600694,2026-03-09
1998-07-14,-0.00638979809877101,2026-03-09
1998-07-15,-0.059423420470800764,2026-03-09
1998-07-16,-0.08886838773684248,2026-03-09
1998-07-17,-0.0037243990909824397,2026-03-09
1998-07-20,0.11778303565638346,2026-03-09
1998-07-21,0.014815085785140682,2026-03-09
1998-07-22,-0.03322564762832039,2026-03-09
1998-07-23,0.05264373348542188,2026-03-09
1998-07-24,-0.025975486403260677,2026-03-09
1998-07-27,-0.05406722127027582,2026-03-09
1998-07-28,0.006920442844573757,2026-03-09
1998-07-29,-0.03509131981127006,2026-03-09
1998-07-30,0.10178269430994238,2026-03-09
1998-07-31,-0.07361181734324596,2026-03-09
1998-08-03,-0.010471299867295366,2026-03-09
1998-08-04,-0.043017385083690816,2026-03-09
1998-08-05,0.0,2026-03-09
1998-08-06,0.09097177820572679,2026-03-09
1998-08-07,-0.010084119066626047,2026-03-09
1998-08-10,0.03974032864951412,2026-03-09
1998-08-11,-0.04652001563489282,2026-03-09
1998-08-12,0.06581321856957183,2026-03-09
1998-08-13,-0.009600073729019231,2026-03-09
1998-08-14,0.012779726646399021,2026-03-09
1998-08-17,-0.038839833316263894,2026-03-09
1998-08-18,0.042009408077542935,2026-03-09
1998-08-19,-0.0031695747612790672,2026-03-09
1998-08-20,0.03738753207162041,2026-03-09
1998-08-21,-0.021639175103481182,2026-03-09
1998-08-24,0.06062462181643484,2026-03-09
1998-08-25,0.04598511324182344,2026-03-09
1998-08-26,-0.0548478004996687,2026-03-09
1998-08-27,-0.08189902897882827,2026-03-09
1998-08-28,-0.10697211955216783,2026-03-09
1998-08-31,-0.17802970471241367,2026-03-09
1998-09-01,0.019088596562522618,2026-03-09
1998-09-02,-0.03201981123477148,2026-03-09
1998-09-03,-0.1075320691713341,2026-03-09
1998-09-04,-0.07002860436048348,2026-03-09
1998-09-08,0.1710318146493541,2026-03-09
1998-09-09,-0.031044621681960163,2026-03-09
1998-09-10,-0.055569851154810765,2026-03-09
1998-09-11,0.07563741420561998,2026-03-09
1998-09-14,0.168242035587768,2026-03-09
1998-09-15,0.0823362866606358,2026-03-09
1998-09-16,0.010256500167189061,2026-03-09
1998-09-17,-0.01025650016718911,2026-03-09
1998-09-18,0.04862651144015754,2026-03-09
1998-09-21,0.001635323340730838,2026-03-09
1998-09-22,0.04473589384139152,2026-03-09
1998-09-23,-0.05129329438755058,2026-03-09
1998-09-24,0.011447385840350967,2026-03-09
1998-09-25,0.03984590854719978,2026-03-09
1998-09-28,-0.048009219186360606,2026-03-09
1998-09-29,0.02269141120207067,2026-03-09
1998-09-30,-0.03922071315328127,2026-03-09
1998-10-01,-0.10166365377650018,2026-03-09
1998-10-02,-0.05694137640013845,2026-03-09
1998-10-05,-0.08985632912186105,2026-03-09
1998-10-06,-0.12018977568694848,2026-03-09
1998-10-07,-0.0986893768408038,2026-03-09
1998-10-08,-0.11247798342669033,2026-03-09
1998-10-09,0.1941560144409574,2026-03-09
1998-10-12,0.09352605801082355,2026-03-09
1998-10-13,-0.13098362054572388,2026-03-09
1998-10-14,-0.023167059281534418,2026-03-09
1998-10-15,0.0703807967617996,2026-03-09
1998-10-16,-0.049761509559063825,2026-03-09
1998-10-19,-0.09914405031504671,2026-03-09
1998-10-20,0.09914405031504682,2026-03-09
1998-10-21,0.02020270731751947,2026-03-09
1998-10-22,-0.020202707317519466,2026-03-09
1998-10-23,0.005089069507471228,2026-03-09
1998-10-26,-0.005089069507471293,2026-03-09
1998-10-27,-0.005115100666770377,2026-03-09
1998-10-28,-0.02072613051711697,2026-03-09
1998-10-29,0.1526536735596651,2026-03-09
1998-10-30,-0.13192754304254806,2026-03-09
1998-11-02,-0.015504186535965199,2026-03-09
1998-11-03,-0.04528070453315662,2026-03-09
1998-11-04,0.06589999173589227,2026-03-09
1998-11-05,-0.01025650016718911,2026-03-09
1998-11-06,0.0502618347808883,2026-03-09
1998-11-09,0.05484091569958611,2026-03-09
1998-11-10,0.004629637898741976,2026-03-09
1998-11-11,-0.0069525193148817525,2026-03-09
1998-11-12,-0.06237033072645808,2026-03-09
1998-11-13,-0.020000666706669543,2026-03-09
1998-11-16,-0.005063301956546762,2026-03-09
1998-11-17,-0.020513539833102903,2026-03-09
1998-11-18,0.007741974153615459,2026-03-09
1998-11-19,-0.03399020022855177,2026-03-09
1998-11-20,-0.049056156989194195,2026-03-09
1998-11-23,0.04905615698919421,2026-03-09
1998-11-24,-0.04348511193973878,2026-03-09
1998-11-25,0.021978906718775167,2026-03-09
1998-11-27,0.0,2026-03-09
1998-11-30,-0.02197890671877523,2026-03-09
1998-12-01,-0.04546237407675729,2026-03-09
1998-12-02,-0.03550668845690976,2026-03-09
1998-12-03,0.03550668845690982,2026-03-09
1998-12-04,0.05100255445237279,2026-03-09
1998-12-07,-0.011111225425070722,2026-03-09
1998-12-08,-0.036988569369340536,2026-03-09
1998-12-09,0.036988569369340626,2026-03-09
1998-12-10,0.04905615698919421,2026-03-09
1998-12-11,-0.01608613775162438,2026-03-09
1998-12-14,-0.005420067469339145,2026-03-09
1998-12-15,0.1031842362352308,2026-03-09
1998-12-16,-0.009852296443011594,2026-03-09
1998-12-17,0.0,2026-03-09
1998-12-18,-0.08252102368800347,2026-03-09
1998-12-21,0.03174869831458027,2026-03-09
1998-12-22,-0.0052219439811517126,2026-03-09
1998-12-23,0.06584656579758653,2026-03-09
1998-12-24,0.19126834278376073,2026-03-09
1998-12-28,0.0551320706947163,2026-03-09
1998-12-29,0.01142869582362285,2026-03-09
1998-12-30,-0.1400460736457164,2026-03-09
1998-12-31,0.09352605801082355,2026-03-09
1999-01-04,-0.04255961441879589,2026-03-09
1999-01-05,0.038583466039156404,2026-03-09
1999-01-06,0.0,2026-03-09
1999-01-07,-0.008000042667076265,2026-03-09
1999-01-08,0.1029479692524424,2026-03-09
1999-01-11,-0.014598799421152636,2026-03-09
1999-01-12,-0.048974004596459626,2026-03-09
1999-01-13,-0.03137512256775391,2026-03-09
1999-01-14,-0.02828471383858199,2026-03-09
1999-01-15,0.004089985251525066,2026-03-09
1999-01-19,0.014184634991956381,2026-03-09
1999-01-20,0.0020100509280241,2026-03-09
1999-01-21,0.01197619104671562,2026-03-09
1999-01-22,0.04272494466634131,2026-03-09
1999-01-25,-0.07293872326283783,2026-03-09
1999-01-26,-0.05247793724861676,2026-03-09
1999-01-27,0.04220035449037647,2026-03-09
1999-01-28,-0.02935221201252745,2026-03-09
1999-01-29,-0.012848142477849024,2026-03-09
1999-02-01,0.021322769468821244,2026-03-09
1999-02-02,-0.029980832211935784,2026-03-09
1999-02-03,0.025752496102414764,2026-03-09
1999-02-04,-0.00851068966790862,2026-03-09
1999-02-05,0.0,2026-03-09
1999-02-08,-0.06853510082205658,2026-03-09
1999-02-09,-0.009195467093100275,2026-03-09
1999-02-10,-0.0023121397583795024,2026-03-09
1999-02-11,-0.01398624197473984,2026-03-09
1999-02-12,-0.004705891037412617,2026-03-09
1999-02-16,-0.05826890812397576,2026-03-09
1999-02-17,-0.002503130218118477,2026-03-09
1999-02-18,0.0,2026-03-09
1999-02-19,0.0025031302181184748,2026-03-09
1999-02-22,0.03922071315328133,2026-03-09
1999-02-23,-0.03922071315328127,2026-03-09
1999-02-24,-0.015113637810048184,2026-03-09
1999-02-25,0.020101179321087303,2026-03-09
1999-02-26,-0.01000008333458331,2026-03-09
1999-03-01,0.0,2026-03-09
1999-03-02,0.058553308751574135,2026-03-09
1999-03-03,-0.03865215443427911,2026-03-09
1999-03-04,-0.024938948347252066,2026-03-09
1999-03-05,0.012547216052088556,2026-03-09
1999-03-08,-0.01254721605208864,2026-03-09
1999-03-09,-0.0025284463533586377,2026-03-09
1999-03-10,-0.005076153031860661,2026-03-09
1999-03-11,-0.07665574423252063,2026-03-09
1999-03-12,-0.011049836186584935,2026-03-09
1999-03-15,-0.05715841383994864,2026-03-09
1999-03-16,0.028987536873252187,2026-03-09
1999-03-17,-0.008608374536600164,2026-03-09
1999-03-18,-0.07477323440245093,2026-03-09
1999-03-19,-0.0774580590390039,2026-03-09
1999-03-22,0.00668898815079671,2026-03-09
1999-03-23,-0.040821994520255166,2026-03-09
1999-03-24,0.05406722127027579,2026-03-09
1999-03-25,0.10008345855698263,2026-03-09
1999-03-26,0.0,2026-03-09
1999-03-29,-0.02409755157906053,2026-03-09
1999-03-30,-0.05001042057466142,2026-03-09
1999-03-31,-0.012903404835907841,2026-03-09
1999-04-01,-0.06713930283762856,2026-03-09
1999-04-05,0.027398974188114347,2026-03-09
1999-04-06,0.01342302033214077,2026-03-09
1999-04-07,-0.06187540371808753,2026-03-09
1999-04-08,-0.05465841253786408,2026-03-09
1999-04-09,0.011173300598125255,2026-03-09
1999-04-12,-0.037740327982847086,2026-03-09
1999-04-13,-0.019418085857101627,2026-03-09
1999-04-14,-0.00392927813988955,2026-03-09
1999-04-15,0.07579383936953372,2026-03-09
1999-04-16,0.010889399799268317,2026-03-09
1999-04-19,-0.11058876002235637,2026-03-09
1999-04-20,0.0849932128333925,2026-03-09
1999-04-21,0.05055227916283125,2026-03-09
1999-04-22,0.05480823649499495,2026-03-09
1999-04-23,-0.040821994520255166,2026-03-09
1999-04-26,0.006920442844573757,2026-03-09
1999-04-27,-0.03509131981127006,2026-03-09
1999-04-28,-0.04754094476900002,2026-03-09
1999-04-29,0.03315220731690055,2026-03-09
1999-04-30,0.0,2026-03-09
1999-05-03,-0.02197890671877523,2026-03-09
1999-05-04,0.021978906718775167,2026-03-09
1999-05-05,0.017953803616595845,2026-03-09
1999-05-06,-0.01795380361659582,2026-03-09
1999-05-07,0.010810916104215676,2026-03-09
1999-05-10,-0.010810916104215617,2026-03-09
1999-05-11,0.01438873745209967,2026-03-09
1999-05-12,0.014184634991956381,2026-03-09
1999-05-13,0.05480823649499495,2026-03-09
1999-05-14,0.026317308317373358,2026-03-09
1999-05-17,0.00647251450561752,2026-03-09
1999-05-18,0.03174869831458027,2026-03-09
1999-05-19,0.10660973505825827,2026-03-09
1999-05-20,0.022223136784710256,2026-03-09
1999-05-21,0.04826674096983457,2026-03-09
1999-05-24,0.01041676085825558,2026-03-09
1999-05-25,0.0,2026-03-09
1999-05-26,0.0331240474250325,2026-03-09
1999-05-27,-0.07006756261671696,2026-03-09
1999-05-28,0.07257069283483537,2026-03-09
1999-06-01,-0.03562717764315116,2026-03-09
1999-06-02,-0.015666116744399463,2026-03-09
1999-06-03,-0.01324522675002068,2026-03-09
1999-06-04,0.013245226750020723,2026-03-09
1999-06-07,-0.03208831455150051,2026-03-09
1999-06-08,0.005420067469339113,2026-03-09
1999-06-09,0.005390848634876373,2026-03-09
1999-06-10,0.0,2026-03-09
1999-06-11,-0.005390848634876423,2026-03-09
1999-06-14,0.016086137751624444,2026-03-09
1999-06-15,0.02624822607493641,2026-03-09
1999-06-16,0.035627177643151035,2026-03-09
1999-06-17,-0.002503130218118477,2026-03-09
1999-06-18,0.03690455693545098,2026-03-09
1999-06-21,0.0789272585896707,2026-03-09
1999-06-22,0.02860481058166342,2026-03-09
1999-06-23,0.04038806090528803,2026-03-09
1999-06-24,0.04879016416943204,2026-03-09
1999-06-25,0.061557892999433365,2026-03-09
1999-06-28,-0.05365271349232014,2026-03-09
1999-06-29,0.02718614030415678,2026-03-09
1999-06-30,0.14921239818667575,2026-03-09
1999-07-01,0.019608471388376337,2026-03-09
1999-07-02,-0.03960913809504583,2026-03-09
1999-07-06,-0.050053588216204044,2026-03-09
1999-07-07,0.017544309650909525,2026-03-09
1999-07-08,0.0425596144187959,2026-03-09
1999-07-09,0.06765864847381486,2026-03-09
1999-07-12,0.033693845786472575,2026-03-09
1999-07-13,0.026747508367028144,2026-03-09
1999-07-14,-0.014771317320312543,2026-03-09
1999-07-15,0.023530497410194036,2026-03-09
1999-07-16,-0.06920053424338249,2026-03-09
1999-07-19,-0.05770831762064673,2026-03-09
1999-07-20,-0.006622540760493382,2026-03-09
1999-07-21,0.021364822497696806,2026-03-09
1999-07-22,0.05842229412013499,2026-03-09
1999-07-23,-0.0030721990369701403,2026-03-09
1999-07-26,-0.08338160893905101,2026-03-09
1999-07-27,0.0016708441648177223,2026-03-09
1999-07-28,-0.03223349457498431,2026-03-09
1999-07-29,-0.08076135664445847,2026-03-09
1999-07-30,0.02765153133050995,2026-03-09
1999-08-02,-0.056089466651043585,2026-03-09
1999-08-03,-0.03323864147573383,2026-03-09
1999-08-04,-0.05307367921139798,2026-03-09
1999-08-05,0.03299268315434881,2026-03-09
1999-08-06,-0.006103782938017799,2026-03-09
1999-08-09,-0.14703321205839429,2026-03-09
1999-08-10,0.01175101653551873,2026-03-09
1999-08-11,0.06992701447874845,2026-03-09
1999-08-12,0.019418085857101516,2026-03-09
1999-08-13,0.029475818132953465,2026-03-09
1999-08-16,-0.029475818132953576,2026-03-09
1999-08-17,0.06213178110700618,2026-03-09
1999-08-18,-0.028515170308021233,2026-03-09
1999-08-19,-0.004140792666031388,2026-03-09
1999-08-20,0.036663984371591525,2026-03-09
1999-08-23,0.04688358589885046,2026-03-09
1999-08-24,0.09808218435133531,2026-03-09
1999-08-25,0.03735578654376882,2026-03-09
1999-08-26,0.026317308317373358,2026-03-09
1999-08-27,-0.06713930283762856,2026-03-09
1999-08-30,-0.0052219439811517126,2026-03-09
1999-08-31,0.10431284662538264,2026-03-09
1999-09-01,0.027908788117076658,2026-03-09
1999-09-02,-0.06311242331005629,2026-03-09
1999-09-03,0.07527062778986578,2026-03-09
1999-09-07,-0.018293193047325376,2026-03-09
1999-09-08,-0.009273636785329215,2026-03-09
1999-09-09,-0.009360442759563695,2026-03-09
1999-09-10,-0.015798116876591176,2026-03-09
1999-09-13,0.01892800988551886,2026-03-09
1999-09-14,0.030771658666753687,2026-03-09
1999-09-15,-0.04810857832003073,2026-03-09
1999-09-16,0.004758137446416798,2026-03-09
1999-09-17,0.04637616179015082,2026-03-09
1999-09-20,0.0,2026-03-09
1999-09-21,-0.016755913728438997,2026-03-09
1999-09-22,0.07826871394947321,2026-03-09
1999-09-23,0.04987183004017294,2026-03-09
1999-09-24,-0.04561952030164267,2026-03-09
1999-09-27,0.03747836271794292,2026-03-09
1999-09-28,0.013532006218576373,2026-03-09
1999-09-29,0.06125693293456206,2026-03-09
1999-09-30,0.12575789429114217,2026-03-09
1999-10-01,0.027489361497797765,2026-03-09
1999-10-04,0.04454607105395186,2026-03-09
1999-10-05,0.10432263284540629,2026-03-09
1999-10-06,0.05632733130717641,2026-03-09
1999-10-07,-0.05259598369431828,2026-03-09
1999-10-08,0.02573671464404988,2026-03-09
1999-10-11,0.039150907561825064,2026-03-09
1999-10-12,-0.02294893298554465,2026-03-09
1999-10-13,-0.0035778213478839666,2026-03-09
1999-10-14,0.06588170468403891,2026-03-09
1999-10-15,0.03300629646817008,2026-03-09
1999-10-18,-0.08642123238707879,2026-03-09
1999-10-19,0.15843982479056723,2026-03-09
1999-10-20,0.11946004426675269,2026-03-09
1999-10-21,-0.034086462918811795,2026-03-09
1999-10-22,0.005532517569725698,2026-03-09
1999-10-25,-0.04803183108700493,2026-03-09
1999-10-26,-0.03685015322728076,2026-03-09
1999-10-27,0.02958795718549608,2026-03-09
1999-10-28,0.007262196041784696,2026-03-09
1999-10-29,0.11213922481975214,2026-03-09
1999-11-01,0.01285364740338109,2026-03-09
1999-11-02,0.002551021791605426,2026-03-09
1999-11-03,0.017677227983866232,2026-03-09
1999-11-04,-0.005018831111942735,2026-03-09
1999-11-05,-0.0358553132870757,2026-03-09
1999-11-08,-0.014445425187723201,2026-03-09
1999-11-09,-0.009302392662313561,2026-03-09
1999-11-10,0.0066533844907366736,2026-03-09
1999-11-11,-0.058719938204715175,2026-03-09
1999-11-12,-0.07291858995155455,2026-03-09
1999-11-15,0.037123787874198864,2026-03-09
1999-11-16,0.08384797247787569,2026-03-09
1999-11-17,-0.01962837974358181,2026-03-09
1999-11-18,0.0460849492804124,2026-03-09
1999-11-19,0.028315920117287858,2026-03-09
1999-11-22,0.03246227614466111,2026-03-09
1999-11-23,-0.021733236652437135,2026-03-09
1999-11-24,0.09342516510855346,2026-03-09
1999-11-26,0.09692019339576433,2026-03-09
1999-11-29,0.11968401263945971,2026-03-09
1999-11-30,-0.10270392882926312,2026-03-09
1999-12-01,0.02866678572964882,2026-03-09
1999-12-02,0.03841950748672103,2026-03-09
1999-12-03,0.10840929850718496,2026-03-09
1999-12-06,0.28360699978836645,2026-03-09
1999-12-07,-0.07886808081807038,2026-03-09
1999-12-08,0.07951261838469556,2026-03-09
1999-12-09,0.10103416015431153,2026-03-09
1999-12-10,0.07487729092873521,2026-03-09
1999-12-13,-0.02323461087408888,2026-03-09
1999-12-14,-0.1659736146792919,2026-03-09
1999-12-15,-0.10761211451726252,2026-03-09
1999-12-16,-0.03045358527999839,2026-03-09
1999-12-17,0.04220035449037647,2026-03-09
1999-12-20,-0.025843112465604542,2026-03-09
1999-12-21,0.04893062347158013,2026-03-09
1999-12-22,-0.008462673918733654,2026-03-09
1999-12-23,-0.008534902449837444,2026-03-09
1999-12-27,-0.0649195460993156,2026-03-09
1999-12-28,0.1858721565169782,2026-03-09
1999-12-29,0.0274673947006107,2026-03-09
1999-12-30,0.004914014802429163,2026-03-09
1999-12-31,0.028987536873252187,2026-03-09
2000-01-03,-0.007168489478612516,2026-03-09
2000-01-04,-0.06182438200833887,2026-03-09
2000-01-05,0.06182438200833885,2026-03-09
2000-01-06,-0.040372455290387514,2026-03-09
2000-01-07,0.04932506656250149,2026-03-09
2000-01-10,0.17755680686231545,2026-03-09
2000-01-11,-0.05207914904488957,2026-03-09
2000-01-12,-0.03195159980660236,2026-03-09
2000-01-13,-0.017467693040390832,2026-03-09
2000-01-14,0.0041214510874963564,2026-03-09
2000-01-18,0.05728027217977948,2026-03-09
2000-01-19,0.0933780852375437,2026-03-09
2000-01-20,0.08263368780632313,2026-03-09
2000-01-21,0.004495606759057857,2026-03-09
2000-01-24,-0.021412222908365666,2026-03-09
2000-01-25,0.020979790469194466,2026-03-09
2000-01-26,0.02054866822738776,2026-03-09
2000-01-27,0.013886189888717598,2026-03-09
2000-01-28,0.035710751250654565,2026-03-09
2000-01-31,-0.10985086895945252,2026-03-09
2000-02-01,-0.04510658783774582,2026-03-09
2000-02-02,0.08826608229852625,2026-03-09
2000-02-03,0.027212563524884794,2026-03-09
2000-02-04,-0.04833934298578241,2026-03-09
2000-02-07,-0.005960940489850645,2026-03-09
2000-02-08,0.11571417131567618,2026-03-09
2000-02-09,-0.007125920889967661,2026-03-09
2000-02-10,0.04581546584014673,2026-03-09
2000-02-11,0.019169916107720123,2026-03-09
2000-02-14,0.011843217627906187,2026-03-09
2000-02-15,0.010977058631150994,2026-03-09
2000-02-16,0.017316450011460958,2026-03-09
2000-02-17,-0.012959144642505228,2026-03-09
2000-02-18,-0.07210329390134394,2026-03-09
2000-02-22,-0.06391566219498045,2026-03-09
2000-02-23,0.026624550337561878,2026-03-09
2000-02-24,0.018422627553035857,2026-03-09
2000-02-25,-0.048790164169432056,2026-03-09
2000-02-28,0.0,2026-03-09
2000-02-29,-0.07571182173569636,2026-03-09
2000-03-01,0.240873090511559,2026-03-09
2000-03-02,0.017507449972628788,2026-03-09
2000-03-03,0.04313794998520189,2026-03-09
2000-03-06,0.179658439374471,2026-03-09
2000-03-07,0.08923113372794261,2026-03-09
2000-03-08,-0.008675736989087548,2026-03-09
2000-03-09,0.14945342348408164,2026-03-09
2000-03-10,0.10009396811279621,2026-03-09
2000-03-13,-0.061401805734450754,2026-03-09
2000-03-14,-0.008047582537420767,2026-03-09
2000-03-15,-0.08343744730560716,2026-03-09
2000-03-16,-0.07737061778853828,2026-03-09
2000-03-17,-0.09209764817889031,2026-03-09
2000-03-20,-0.9608176701682775,2026-03-09
2000-03-21,-0.1820334138730732,2026-03-09
2000-03-22,0.20465035156386543,2026-03-09
2000-03-23,0.2827836711831633,2026-03-09
2000-03-24,0.09138137666074823,2026-03-09
2000-03-27,-0.13242458564933154,2026-03-09
2000-03-28,-0.13733127053429733,2026-03-09
2000-03-29,-0.023107575010149605,2026-03-09
2000-03-30,-0.0026007817000573675,2026-03-09
2000-03-31,-0.09772193992781182,2026-03-09
2000-04-03,-0.12119876931447256,2026-03-09
2000-04-04,-0.07923266307679196,2026-03-09
2000-04-05,-0.08605489676367298,2026-03-09
2000-04-06,-0.06926605821177569,2026-03-09
2000-04-07,0.05385149481058895,2026-03-09
2000-04-10,-0.1107688576670876,2026-03-09
2000-04-11,-0.14443662610678512,2026-03-09
2000-04-12,-0.16001579927965645,2026-03-09
2000-04-13,-0.08434114843375093,2026-03-09
2000-04-14,-0.15175355522753686,2026-03-09
2000-04-17,-0.09159270340419236,2026-03-09
2000-04-18,0.14595391262307986,2026-03-09
2000-04-19,-0.0017652255245691922,2026-03-09
2000-04-20,-0.04887850729418579,2026-03-09
2000-04-24,-0.1327365853234417,2026-03-09
2000-04-25,0.06162113410617387,2026-03-09
2000-04-26,-0.055285315657087934,2026-03-09
2000-04-27,-0.18696389473670733,2026-03-09
2000-04-28,0.0495150645273805,2026-03-09
2000-05-01,0.028573372444055948,2026-03-09
2000-05-02,-0.0407241902265687,2026-03-09
2000-05-03,-0.03230094478832118,2026-03-09
2000-05-04,0.05406722127027579,2026-03-09
2000-05-05,-0.04401688541677433,2026-03-09
2000-05-08,-0.08338160893905101,2026-03-09
2000-05-09,-0.06744128079553253,2026-03-09
2000-05-10,-0.07232066157962613,2026-03-09
2000-05-11,-0.0023465008811235366,2026-03-09
2000-05-12,0.1794461136939264,2026-03-09
2000-05-15,-0.026526754333428597,2026-03-09
2000-05-16,0.03174869831458027,2026-03-09
2000-05-17,0.06062462181643484,2026-03-09
2000-05-18,-0.06323218522351572,2026-03-09
2000-05-19,-0.0901018346971866,2026-03-09
2000-05-22,-0.040821994520255166,2026-03-09
2000-05-23,0.011834457647002798,2026-03-09
2000-05-24,-0.12183535286133139,2026-03-09
2000-05-25,-0.0830927585615372,2026-03-09
2000-05-26,0.03546470957228268,2026-03-09
2000-05-30,0.05754548564660055,2026-03-09
2000-05-31,0.0032840752011900187,2026-03-09
2000-06-01,0.013029500290333897,2026-03-09
2000-06-02,0.15830293492802566,2026-03-09
2000-06-05,0.06678048120401074,2026-03-09
2000-06-06,0.14636853938520328,2026-03-09
2000-06-07,0.2954642128938359,2026-03-09
2000-06-08,0.15935779218442106,2026-03-09
2000-06-09,0.3441320200913562,2026-03-09
2000-06-12,-0.4692007387971451,2026-03-09
2000-06-13,0.09487231947477208,2026-03-09
2000-06-14,-0.01322576221926125,2026-03-09
2000-06-15,-0.07206181934252354,2026-03-09
2000-06-16,-0.01926223279505275,2026-03-09
2000-06-19,0.09575210365330834,2026-03-09
2000-06-20,-0.034460338614607074,2026-03-09
2000-06-21,-0.04362062247589041,2026-03-09
2000-06-22,-0.09690380563960282,2026-03-09
2000-06-23,-0.05777780066681137,2026-03-09
2000-06-26,0.12887372235054176,2026-03-09
2000-06-27,-0.13633644355213123,2026-03-09
2000-06-28,0.0,2026-03-09
2000-06-29,-0.022728251077556175,2026-03-09
2000-06-30,-0.08388148398070212,2026-03-09
2000-07-03,-0.0317486983145803,2026-03-09
2000-07-05,-0.05981849521091022,2026-03-09
2000-07-06,0.13638120931528305,2026-03-09
2000-07-07,0.035228691883743814,2026-03-09
2000-07-10,-0.11394425934921772,2026-03-09
2000-07-11,-0.006486509229606773,2026-03-09
2000-07-12,0.12043076857882447,2026-03-09
2000-07-13,-0.019418085857101627,2026-03-09
2000-07-14,0.03089048701933851,2026-03-09
2000-07-17,0.08383777864208801,2026-03-09
2000-07-18,-0.028370697129215576,2026-03-09
2000-07-19,-0.036634133179780384,2026-03-09
2000-07-20,-0.034158918811318974,2026-03-09
2000-07-21,-0.07618913835754641,2026-03-09
2000-07-24,-0.06231876439925827,2026-03-09
2000-07-25,0.027878274418966592,2026-03-09
2000-07-26,0.03444048998029177,2026-03-09
2000-07-27,-0.2336148511815052,2026-03-09
2000-07-28,-0.059638266319731105,2026-03-09
2000-07-31,-0.008415196925284472,2026-03-09
2000-08-01,-0.08829260714567831,2026-03-09
2000-08-02,0.06837729744473678,2026-03-09
2000-08-03,-0.026202372394024072,2026-03-09
2000-08-04,0.046117682094965536,2026-03-09
2000-08-07,0.0,2026-03-09
2000-08-08,-0.019915309700941432,2026-03-09
2000-08-09,0.002869442427952739,2026-03-09
2000-08-10,-0.046929432221983355,2026-03-09
2000-08-11,-0.027398974188114388,2026-03-09
2000-08-14,0.024391453124159267,2026-03-09
2000-08-15,0.01197619104671562,2026-03-09
2000-08-16,-0.008968669982760375,2026-03-09
2000-08-17,-0.027398974188114388,2026-03-09
2000-08-18,0.03636764417087479,2026-03-09
2000-08-21,0.3419842285287288,2026-03-09
2000-08-22,-0.14599166628046986,2026-03-09
2000-08-23,0.02237771031329315,2026-03-09
2000-08-24,0.04673747785168984,2026-03-09
2000-08-25,-0.01843370168883802,2026-03-09
2000-08-28,0.02298951822469878,2026-03-09
2000-08-29,0.022472855852058576,2026-03-09
2000-08-30,0.00221975673831281,2026-03-09
2000-08-31,-0.0111483874826143,2026-03-09
2000-09-01,0.11828116767166505,2026-03-09
2000-09-05,0.1071020262360494,2026-03-09
2000-09-06,-0.062303883336154865,2026-03-09
2000-09-07,0.013245226750020723,2026-03-09
2000-09-08,0.014925650216675792,2026-03-09
2000-09-11,-0.059121123007797385,2026-03-09
2000-09-12,-0.07546903096496736,2026-03-09
2000-09-13,0.049596941139372186,2026-03-09
2000-09-14,-0.04536860502985095,2026-03-09
2000-09-15,-0.010604553248797112,2026-03-09
2000-09-18,-0.10559745441026752,2026-03-09
2000-09-19,0.05306896813022847,2026-03-09
2000-09-20,-0.029648693922129907,2026-03-09
2000-09-21,-0.004640379556502225,2026-03-09
2000-09-22,-0.01877989465159636,2026-03-09
2000-09-25,-0.011919092237210311,2026-03-09
2000-09-26,-0.09819202617921373,2026-03-09
2000-09-27,0.026111144003685804,2026-03-09
2000-09-28,0.13481922280895126,2026-03-09
2000-09-29,-0.015891367336634554,2026-03-09
2000-10-02,-0.0022909517465558244,2026-03-09
2000-10-03,-0.049363723118336006,2026-03-09
2000-10-04,0.058496206681608626,2026-03-09
2000-10-05,0.018018505502678212,2026-03-09
2000-10-06,-0.09598004697239013,2026-03-09
2000-10-09,0.004901970600206688,2026-03-09
2000-10-10,-0.06047182175501757,2026-03-09
2000-10-11,-0.11260167691438591,2026-03-09
2000-10-12,-0.07859027459322154,2026-03-09
2000-10-13,0.09873484068568905,2026-03-09
2000-10-16,-0.020144566092467463,2026-03-09
2000-10-17,0.11260167691438586,2026-03-09
2000-10-18,-0.0953101798043249,2026-03-09
2000-10-19,0.15088003095913557,2026-03-09
2000-10-20,-0.050388492412813145,2026-03-09
2000-10-23,0.015384918839479456,2026-03-09
2000-10-24,0.0076045993852192125,2026-03-09
2000-10-25,-0.007604599385219304,2026-03-09
2000-10-26,-0.06572667370033027,2026-03-09
2000-10-27,0.058063800954761116,2026-03-09
2000-10-30,-0.03655759573379758,2026-03-09
2000-10-31,0.018445845790751432,2026-03-09
2000-11-01,-0.03927293383790639,2026-03-09
2000-11-02,0.039272933837906275,2026-03-09
2000-11-03,0.012970350442627405,2026-03-09
2000-11-06,-0.04211148535012685,2026-03-09
2000-11-07,0.03174869831458027,2026-03-09
2000-11-08,-0.06453852113757118,2026-03-09
2000-11-09,-0.02247285585205863,2026-03-09
2000-11-10,-0.02882043853549197,2026-03-09
2000-11-13,-0.002928259779088334,2026-03-09
2000-11-14,0.07347937077105342,2026-03-09
2000-11-15,-0.053159368280095924,2026-03-09
2000-11-16,-0.08388148398070212,2026-03-09
2000-11-17,-0.012578782206860073,2026-03-09
2000-11-20,-0.0858612906063924,2026-03-09
2000-11-21,-0.0863846141988207,2026-03-09
2000-11-22,-0.07006756261671696,2026-03-09
2000-11-24,0.0849932128333925,2026-03-09
2000-11-27,-0.07696104113612832,2026-03-09
2000-11-28,-0.11878353598996698,2026-03-09
2000-11-29,-0.08578362975130735,2026-03-09
2000-11-30,-0.319681478356857,2026-03-09
2000-12-01,0.2654779151407704,2026-03-09
2000-12-04,-0.09220619386673375,2026-03-09
2000-12-05,0.20479441264601322,2026-03-09
2000-12-06,-0.030554668321972546,2026-03-09
2000-12-07,-0.15733793352143746,2026-03-09
2000-12-08,0.16920046883125753,2026-03-09
2000-12-11,0.16886666445977136,2026-03-09
2000-12-12,0.003976148379639417,2026-03-09
2000-12-13,-0.07410797215372185,2026-03-09
2000-12-14,0.050010420574661416,2026-03-09
2000-12-15,-0.093685484077323,2026-03-09
2000-12-18,-0.14895586295015426,2026-03-09
2000-12-19,-0.09220619386673375,2026-03-09
2000-12-20,-0.0953101798043249,2026-03-09
2000-12-21,-0.01892800988551891,2026-03-09
2000-12-22,0.06771817405495086,2026-03-09
2000-12-26,-0.07410797215372185,2026-03-09
2000-12-27,-0.0064308903302904025,2026-03-09
2000-12-28,0.03174869831458027,2026-03-09
2000-12-29,-0.05129329438755058,2026-03-09
2001-01-02,0.0,2026-03-09
2001-01-03,0.14090545307723773,2026-03-09
2001-01-04,-0.03488725900044055,2026-03-09
2001-01-05,-0.09946079353063805,2026-03-09
2001-01-08,-0.006557400546159052,2026-03-09
2001-01-09,0.03871451218069043,2026-03-09
2001-01-10,0.1631516406862345,2026-03-09
2001-01-11,0.19035372849121893,2026-03-09
2001-01-12,0.06453852113757116,2026-03-09
2001-01-16,-0.08247622182423854,2026-03-09
2001-01-17,0.07410797215372183,2026-03-09
2001-01-18,-0.012685159527315687,2026-03-09
2001-01-19,-0.008547060578458408,2026-03-09
2001-01-22,0.08235103516181963,2026-03-09
2001-01-23,0.011787955752042173,2026-03-09
2001-01-24,-0.01178795575204224,2026-03-09
2001-01-25,-0.03622126343431838,2026-03-09
2001-01-26,0.016260520871780326,2026-03-09
2001-01-29,-0.008097210232619362,2026-03-09
2001-01-30,0.08937984366947631,2026-03-09
2001-01-31,0.0,2026-03-09
2001-02-01,0.014760415583120674,2026-03-09
2001-02-02,-0.07213752816642312,2026-03-09
2001-02-05,0.015625317903080815,2026-03-09
2001-02-06,0.04915923595808356,2026-03-09
2001-02-07,-0.23614280585784947,2026-03-09
2001-02-08,-0.12422899996220906,2026-03-09
2001-02-09,-0.141880587235444,2026-03-09
2001-02-12,0.01212136053234482,2026-03-09
2001-02-13,0.02967576814611654,2026-03-09
2001-02-14,-0.01621258797782267,2026-03-09
2001-02-15,0.05069876404899199,2026-03-09
2001-02-16,-0.07628330474963071,2026-03-09
2001-02-20,-0.01227009259181436,2026-03-09
2001-02-21,-0.06371581438610774,2026-03-09
2001-02-22,-0.04714677842570196,2026-03-09
2001-02-23,0.04714677842570208,2026-03-09
2001-02-26,0.09411329157047864,2026-03-09
2001-02-27,-0.10735851832049939,2026-03-09
2001-02-28,-0.04430025889657995,2026-03-09
2001-03-01,-0.017575144821507488,2026-03-09
2001-03-02,-0.014285957247476541,2026-03-09
2001-03-05,0.04913268857764459,2026-03-09
2001-03-06,-0.010327114155849628,2026-03-09
2001-03-07,-0.003466207976486284,2026-03-09
2001-03-08,-0.11388439524072608,2026-03-09
2001-03-09,-0.1463987030229403,2026-03-09
2001-03-12,-0.1904627143776545,2026-03-09
2001-03-13,0.040058760552004954,2026-03-09
2001-03-14,-0.1283094486433709,2026-03-09
2001-03-15,0.057819570888826236,2026-03-09
2001-03-16,-0.17114825619582946,2026-03-09
2001-03-19,0.013245226750020723,2026-03-09
2001-03-20,-0.11122563511022437,2026-03-09
2001-03-21,-0.11274062295544882,2026-03-09
2001-03-22,-0.004123717183862041,2026-03-09
2001-03-23,0.0,2026-03-09
2001-03-26,0.04839654086185024,2026-03-09
2001-03-27,-0.04016604172533476,2026-03-09
2001-03-28,-0.12188981760903689,2026-03-09
2001-03-29,-0.01869213301215252,2026-03-09
2001-03-30,-0.1416505170630268,2026-03-09
2001-04-02,-0.11506932978478723,2026-03-09
2001-04-03,0.14715764433628764,2026-03-09
2001-04-04,-0.03208831455150051,2026-03-09
2001-04-05,-0.06744128079553253,2026-03-09
2001-04-06,-0.02353049741019416,2026-03-09
2001-04-09,-0.06491953059241633,2026-03-09
2001-04-10,0.01612936642298423,2026-03-09
2001-04-11,0.01980260859668314,2026-03-09
2001-04-12,-0.027834772603025564,2026-03-09
2001-04-16,0.008032164006342388,2026-03-09
2001-04-17,-0.00803216400634236,2026-03-09
2001-04-18,0.18030339457986944,2026-03-09
2001-04-19,0.567759492205528,2026-03-09
2001-04-20,0.07356258718399027,2026-03-09
2001-04-23,-0.19086862644382915,2026-03-09
2001-04-24,-0.07807752455392367,2026-03-09
2001-04-25,-0.049950940389535035,2026-03-09
2001-04-26,0.007290484232693631,2026-03-09
2001-04-27,0.009638619424013622,2026-03-09
2001-04-30,0.08501094954421971,2026-03-09
2001-05-01,0.20983957706036524,2026-03-09
2001-05-02,-0.021661476270717493,2026-03-09
2001-05-03,-0.005489530762557934,2026-03-09
2001-05-04,-0.03738749707439714,2026-03-09
2001-05-07,0.009478779942253199,2026-03-09
2001-05-08,-0.01520949484440939,2026-03-09
2001-05-09,-0.053109823653073485,2026-03-09
2001-05-10,-0.010152313468980687,2026-03-09
2001-05-11,-0.0289875082515751,2026-03-09
2001-05-14,-0.14439458074323394,2026-03-09
2001-05-15,-0.02955877446462216,2026-03-09
2001-05-16,0.01980260859668314,2026-03-09
2001-05-17,0.052518097339886875,2026-03-09
2001-05-18,-0.025914319465980277,2026-03-09
2001-05-21,-0.01442331290787401,2026-03-09
2001-05-22,-0.007290484232693686,2026-03-09
2001-05-23,-0.014742267919173985,2026-03-09
2001-05-24,0.022032752151867764,2026-03-09
2001-05-25,-0.029486136286365632,2026-03-09
2001-05-29,-0.07506762242026369,2026-03-09
2001-05-30,-0.09584793262279045,2026-03-09
2001-05-31,0.10919925304745264,2026-03-09
2001-06-01,-0.016043109499092545,2026-03-09
2001-06-04,-0.030098067930435856,2026-03-09
2001-06-05,-0.025317784210357158,2026-03-09
2001-06-06,0.02253614383116393,2026-03-09
2001-06-07,0.01931099227236492,2026-03-09
2001-06-08,0.03753788331971127,2026-03-09
2001-06-11,-0.03480937132897406,2026-03-09
2001-06-12,-0.008207972386542544,2026-03-09
2001-06-13,-0.011049891497366387,2026-03-09
2001-06-14,-0.008368241879059607,2026-03-09
2001-06-15,0.04919026289026827,2026-03-09
2001-06-18,-0.08919555934172994,2026-03-09
2001-06-19,-0.0788286686839099,2026-03-09
2001-06-20,-0.02232953122926715,2026-03-09
2001-06-21,0.022329531229267077,2026-03-09
2001-06-22,0.04019084206614396,2026-03-09
2001-06-25,-0.04335039926239292,2026-03-09
2001-06-26,-0.09278172087614699,2026-03-09
2001-06-27,-0.02460587090178214,2026-03-09
2001-06-28,-0.036235814014518454,2026-03-09
2001-06-29,0.03267075118327641,2026-03-09
2001-07-02,0.27871343238640983,2026-03-09
2001-07-03,-0.08455737286630953,2026-03-09
2001-07-05,-0.0795526263422256,2026-03-09
2001-07-06,-0.02908125834381935,2026-03-09
2001-07-09,0.0032733222794778514,2026-03-09
2001-07-10,0.08154986555601311,2026-03-09
2001-07-11,-0.04939270806037529,2026-03-09
2001-07-12,0.05240022632082692,2026-03-09
2001-07-13,-0.009049827058433886,2026-03-09
2001-07-16,-0.0152674576811775,2026-03-09
2001-07-17,-0.0030816635939688655,2026-03-09
2001-07-18,-0.09376814623197748,2026-03-09
2001-07-19,0.03987235333838873,2026-03-09
2001-07-20,-0.0032626425892956865,2026-03-09
2001-07-23,-0.040005296451461676,2026-03-09
2001-07-24,0.04976146231940062,2026-03-09
2001-07-25,-0.06691452470936933,2026-03-09
2001-07-26,-0.006944548526717969,2026-03-09
2001-07-27,-0.03186107248554842,2026-03-09
2001-07-30,0.03533941647318748,2026-03-09
2001-07-31,0.11778299886339358,2026-03-09
2001-08-01,0.1828358518503314,2026-03-09
2001-08-02,-0.10564621610264081,2026-03-09
2001-08-03,-0.034887225142181386,2026-03-09
2001-08-06,-0.01490346227192905,2026-03-09
2001-08-07,0.06397530897403422,2026-03-09
2001-08-08,-0.01418462155992368,2026-03-09
2001-08-09,-0.020202687854778488,2026-03-09
2001-08-10,-0.05390528429894336,2026-03-09
2001-08-13,0.00613498273464547,2026-03-09
2001-08-14,-0.04375693796163683,2026-03-09
2001-08-15,-0.009630960387242324,2026-03-09
2001-08-16,0.003220611732483714,2026-03-09
2001-08-17,0.028528132246945757,2026-03-09
2001-08-20,0.0,2026-03-09
2001-08-21,-0.06453853603873223,2026-03-09
2001-08-22,-0.02702864625985619,2026-03-09
2001-08-23,-0.06728202622476016,2026-03-09
2001-08-24,-0.02974194019765308,2026-03-09
2001-08-27,-0.09493289286888375,2026-03-09
2001-08-28,-0.008333373280578083,2026-03-09
2001-08-29,0.040989304470255075,2026-03-09
2001-08-30,0.043228694041020685,2026-03-09
2001-08-31,-0.051293246124679684,2026-03-09
2001-09-04,-0.06265100531941256,2026-03-09
2001-09-05,0.0,2026-03-09
2001-09-06,-0.02178733381266773,2026-03-09
2001-09-07,-0.10194005320092706,2026-03-09
2001-09-10,-0.08126294838726013,2026-03-09
2001-09-17,0.08126294838726025,2026-03-09
2001-09-18,-0.050010372861124655,2026-03-09
2001-09-19,-0.0635134067245057,2026-03-09
2001-09-20,-0.09749840804347641,2026-03-09
2001-09-21,-0.07503519060608459,2026-03-09
2001-09-24,-0.053345929806467844,2026-03-09
2001-09-25,0.09779772603322791,2026-03-09
2001-09-26,-0.13264450716422607,2026-03-09
2001-09-27,-0.12044612940310015,2026-03-09
2001-09-28,-0.10092592280975847,2026-03-09
2001-10-01,0.06010396802593246,2026-03-09
2001-10-02,0.08770549700293578,2026-03-09
2001-10-03,0.06644512605799474,2026-03-09
2001-10-04,-0.04380258071909082,2026-03-09
2001-10-05,-0.1187162836643673,2026-03-09
2001-10-08,0.10367842112685233,2026-03-09
2001-10-09,0.09393181298309518,2026-03-09
2001-10-10,0.10467059856373237,2026-03-09
2001-10-11,0.13353140187990203,2026-03-09
2001-10-12,0.032088283862610374,2026-03-09
2001-10-15,0.09531015128535533,2026-03-09
2001-10-16,0.33441961749884974,2026-03-09
2001-10-17,-0.03130695771209884,2026-03-09
2001-10-18,-0.1401153192449838,2026-03-09
2001-10-19,-0.04574607787698985,2026-03-09
2001-10-22,-0.07509038015061398,2026-03-09
2001-10-23,0.053584194779486484,2026-03-09
2001-10-24,0.004338397559886872,2026-03-09
2001-10-25,-0.06252029705207271,2026-03-09
2001-10-26,0.09656620712551085,2026-03-09
2001-10-29,0.13300820634711494,2026-03-09
2001-10-30,-0.018484796751324625,2026-03-09
2001-10-31,0.025784092246311185,2026-03-09
2001-11-01,-0.10738274945550534,2026-03-09
2001-11-02,-0.06265100531941256,2026-03-09
2001-11-05,0.021322749956169458,2026-03-09
2001-11-06,0.012578870230597415,2026-03-09
2001-11-07,0.0800426312573253,2026-03-09
2001-11-08,0.0,2026-03-09
2001-11-09,-0.02334734233570233,2026-03-09
2001-11-12,-0.040166003255833874,2026-03-09
2001-11-13,0.004089981263258659,2026-03-09
2001-11-14,0.020202687854778384,2026-03-09
2001-11-15,0.09531017980432493,2026-03-09
2001-11-16,-0.014652262710496819,2026-03-09
2001-11-19,0.0,2026-03-09
2001-11-20,0.0983247416241582,2026-03-09
2001-11-21,-0.030562620714392197,2026-03-09
2001-11-23,0.07632227123690569,2026-03-09
2001-11-26,0.11172992738071327,2026-03-09
2001-11-27,0.13102826479656537,2026-03-09
2001-11-28,-0.16001577362057334,2026-03-09
2001-11-29,0.0,2026-03-09
2001-11-30,0.011696028347801337,2026-03-09
2001-12-03,0.039891291082289636,2026-03-09
2001-12-04,0.0027893994904665915,2026-03-09
2001-12-05,0.0647126046805469,2026-03-09
2001-12-06,0.018111794316323787,2026-03-09
2001-12-07,0.13192747572759295,2026-03-09
2001-12-10,-0.03661732926852357,2026-03-09
2001-12-11,0.05884055083475089,2026-03-09
2001-12-12,0.034560641244862945,2026-03-09
2001-12-13,-0.1074859185601863,2026-03-09
2001-12-14,-0.08636681443702145,2026-03-09
2001-12-17,-0.015584777987487312,2026-03-09
2001-12-18,0.10195159242450876,2026-03-09
2001-12-19,0.05070205574909591,2026-03-09
2001-12-20,-0.10411275492014015,2026-03-09
2001-12-21,0.05812768454008464,2026-03-09
2001-12-24,-0.04327594130458018,2026-03-09
2001-12-26,0.0314414382445137,2026-03-09
2001-12-27,0.004750598454041804,2026-03-09
2001-12-28,-0.03865211881036878,2026-03-09
2001-12-31,-0.05310983599100103,2026-03-09
2002-01-02,0.010336061069077635,2026-03-09
2002-01-03,0.012771553234792767,2026-03-09
2002-01-04,0.032462303798943846,2026-03-09
2002-01-07,-0.0686419874477515,2026-03-09
2002-01-08,0.02083412894626995,2026-03-09
2002-01-09,0.007702212818593349,2026-03-09
2002-01-10,-0.0077022128185933025,2026-03-09
2002-01-11,0.05270982423199884,2026-03-09
2002-01-14,-0.01477857934204691,2026-03-09
2002-01-15,-0.009975194728282157,2026-03-09
2002-01-16,-0.04616205917181698,2026-03-09
2002-01-17,-0.0105541777194771,2026-03-09
2002-01-18,-0.11513405364700735,2026-03-09
2002-01-22,-0.06136888799320108,2026-03-09
2002-01-23,-0.06876686824473086,2026-03-09
2002-01-24,0.043124385699021495,2026-03-09
2002-01-25,0.006472508512691137,2026-03-09
2002-01-28,0.01600040238550383,2026-03-09
2002-01-29,0.04651997090990722,2026-03-09
2002-01-30,0.17725828380997788,2026-03-09
2002-01-31,0.037364269529460974,2026-03-09
2002-02-01,-0.10835332450724271,2026-03-09
2002-02-04,-0.06763140221443018,2026-03-09
2002-02-05,-0.09472731549898056,2026-03-09
2002-02-06,-0.045909658223797126,2026-03-09
2002-02-07,0.013333518153242435,2026-03-09
2002-02-08,0.0033057850079034495,2026-03-09
2002-02-11,0.016366962135763476,2026-03-09
2002-02-12,0.02247291089819494,2026-03-09
2002-02-13,0.02507966002675299,2026-03-09
2002-02-14,-0.041080062412256785,2026-03-09
2002-02-15,-0.032789792059302734,2026-03-09
2002-02-19,-0.044300298771465095,2026-03-09
2002-02-20,0.020690455916359134,2026-03-09
2002-02-21,-0.04538304566174407,2026-03-09
2002-02-22,0.0,2026-03-09
2002-02-25,-0.014388723877542694,2026-03-09
2002-02-26,-0.03690452121293354,2026-03-09
2002-02-27,0.014925635610135518,2026-03-09
2002-02-28,-0.003710575785625153,2026-03-09
2002-03-01,0.011090675941079061,2026-03-09
2002-03-04,0.003669725357120675,2026-03-09
2002-03-05,-0.003669725357120758,2026-03-09
2002-03-06,0.05715844305791106,2026-03-09
2002-03-07,0.04414974170814755,2026-03-09
2002-03-08,0.029462005134981352,2026-03-09
2002-03-11,-0.012987183462619664,2026-03-09
2002-03-12,-0.050261786586310205,2026-03-09
2002-03-13,0.02040885176919942,2026-03-09
2002-03-14,0.003361344470129735,2026-03-09
2002-03-15,-0.006734025694352127,2026-03-09
2002-03-18,-0.03436769307148057,2026-03-09
2002-03-19,-0.01408472687472389,2026-03-09
2002-03-20,-0.08122545292960089,2026-03-09
2002-03-21,0.05608950333082562,2026-03-09
2002-03-22,0.053109858199269055,2026-03-09
2002-03-25,0.010291675935254705,2026-03-09
2002-03-26,0.013559516634678477,2026-03-09
2002-03-27,0.01005032622042762,2026-03-09
2002-03-28,0.016529286317205256,2026-03-09
2002-04-01,-0.016529286317205204,2026-03-09
2002-04-02,0.0,2026-03-09
2002-04-03,-0.05129332784980785,2026-03-09
2002-04-04,-0.017699560667042254,2026-03-09
2002-04-05,-0.040078185265966036,2026-03-09
2002-04-08,-0.02255732518196432,2026-03-09
2002-04-09,-0.030890549232491016,2026-03-09
2002-04-10,-0.056466557353881626,2026-03-09
2002-04-11,0.05646655735388158,2026-03-09
2002-04-12,0.0,2026-03-09
2002-04-15,-0.027834772603025564,2026-03-09
2002-04-16,0.04725284047984164,2026-03-09
2002-04-17,0.003838772793776592,2026-03-09
2002-04-18,0.007633708561898423,2026-03-09
2002-04-19,0.029964759264653803,2026-03-09
2002-04-22,-0.033774374874718266,2026-03-09
2002-04-23,-0.05491570622545218,2026-03-09
2002-04-24,-0.0753494656647593,2026-03-09
2002-04-25,-0.044451720164367166,2026-03-09
2002-04-26,-0.12576937946836794,2026-03-09
2002-04-29,0.0,2026-03-09
2002-04-30,-0.1145665830354942,2026-03-09
2002-05-01,0.09373245408922436,2026-03-09
2002-05-02,-0.010582099318558446,2026-03-09
2002-05-03,0.02105338938245812,2026-03-09
2002-05-06,-0.15762893057447203,2026-03-09
2002-05-07,0.024097529080210435,2026-03-09
2002-05-08,0.09639188978403762,2026-03-09
2002-05-09,-0.04987184834626782,2026-03-09
2002-05-10,-0.07673379173816666,2026-03-09
2002-05-13,0.09363558664821592,2026-03-09
2002-05-14,-0.016901794910049166,2026-03-09
2002-05-15,-0.022989496172240394,2026-03-09
2002-05-16,-0.06609011957767992,2026-03-09
2002-05-17,-0.07745806152366953,2026-03-09
2002-05-20,0.02649159034698093,2026-03-09
2002-05-21,-0.040005296451461676,2026-03-09
2002-05-22,-0.04879020066207162,2026-03-09
2002-05-23,0.03509136972648957,2026-03-09
2002-05-24,-0.020906747926708304,2026-03-09
2002-05-28,-0.05798720251887208,2026-03-09
2002-05-29,-0.04580958329243974,2026-03-09
2002-05-30,-0.08134566155313287,2026-03-09
2002-05-31,0.041499790864574636,2026-03-09
2002-06-03,0.0,2026-03-09
2002-06-04,0.01612936642298423,2026-03-09
2002-06-05,0.023716504265574045,2026-03-09
2002-06-06,0.053244554531189606,2026-03-09
2002-06-07,-0.007434971238749889,2026-03-09
2002-06-10,-0.09381875667605079,2026-03-09
2002-06-11,-0.05908896055306461,2026-03-09
2002-06-12,-0.1298116002322601,2026-03-09
2002-06-13,0.06701075946170926,2026-03-09
2002-06-14,0.027398947339175996,2026-03-09
2002-06-17,0.04405994813188323,2026-03-09
2002-06-18,-0.035091286779138975,2026-03-09
2002-06-19,-0.055059835422068513,2026-03-09
2002-06-20,-0.019048177668910055,2026-03-09
2002-06-21,-0.36772470370910626,2026-03-09
2002-06-24,-0.1823215567939546,2026-03-09
2002-06-25,-0.01680720250373277,2026-03-09
2002-06-26,-0.07020419254790997,2026-03-09
2002-06-27,-0.037041347336331645,2026-03-09
2002-06-28,-0.058268854142409246,2026-03-09
2002-07-01,0.01980260859668314,2026-03-09
2002-07-02,-0.0606246254686803,2026-03-09
2002-07-03,0.040822016871997165,2026-03-09
2002-07-05,0.13102824985805775,2026-03-09
2002-07-08,-0.07275939571564853,2026-03-09
2002-07-09,-0.12014426039686461,2026-03-09
2002-07-10,0.0416727183996768,2026-03-09
2002-07-11,-0.02061932901721874,2026-03-09
2002-07-12,0.0,2026-03-09
2002-07-15,0.040822016871997165,2026-03-09
2002-07-16,-0.06187540625445534,2026-03-09
2002-07-17,0.13883648712701274,2026-03-09
2002-07-18,-0.03774040439905813,2026-03-09
2002-07-19,-0.03922067647349926,2026-03-09
2002-07-22,-0.020202687854778488,2026-03-09
2002-07-23,0.020202687854778384,2026-03-09
2002-07-24,-0.04082201687199717,2026-03-09
2002-07-25,-0.021053389382458158,2026-03-09
2002-07-26,-0.0434851358943245,2026-03-09
2002-07-29,0.06453852527678262,2026-03-09
2002-07-30,0.0,2026-03-09
2002-07-31,0.34092662698297055,2026-03-09
2002-08-01,-0.05794301478408723,2026-03-09
2002-08-02,-0.15049444682754007,2026-03-09
2002-08-05,-0.0390746793790746,2026-03-09
2002-08-06,0.04271773235846926,2026-03-09
2002-08-07,0.06169351065114167,2026-03-09
2002-08-08,0.11607221591611108,2026-03-09
2002-08-09,0.0705137526713162,2026-03-09
2002-08-12,0.17520408147637653,2026-03-09
2002-08-13,0.047655745294222965,2026-03-09
2002-08-14,-0.035821228376494825,2026-03-09
2002-08-15,0.047108019432468555,2026-03-09
2002-08-16,0.04176436340552529,2026-03-09
2002-08-19,0.12243663736690535,2026-03-09
2002-08-20,0.16389896540249366,2026-03-09
2002-08-21,-0.003238827491398696,2026-03-09
2002-08-22,0.072716616396711,2026-03-09
2002-08-23,-0.10989568262845548,2026-03-09
2002-08-26,0.04041789372314318,2026-03-09
2002-08-27,-0.07815814451789863,2026-03-09
2002-08-28,-0.20710162478487681,2026-03-09
2002-08-29,0.11179136161741272,2026-03-09
2002-08-30,0.08211156307984126,2026-03-09
2002-09-03,0.0296706233230268,2026-03-09
2002-09-04,0.0633017097518335,2026-03-09
2002-09-05,0.04805965515950829,2026-03-09
2002-09-06,-0.08589311904577432,2026-03-09
2002-09-09,0.01414928239313824,2026-03-09
2002-09-10,-0.039617528258705674,2026-03-09
2002-09-11,-0.05025300806353253,2026-03-09
2002-09-12,-0.04720913760242449,2026-03-09
2002-09-13,0.004728136931999134,2026-03-09
2002-09-16,-0.03748628787216795,2026-03-09
2002-09-17,0.007804933214341417,2026-03-09
2002-09-18,-0.0038949101545606335,2026-03-09
2002-09-19,-0.03474291555044966,2026-03-09
2002-09-20,0.017025909651412395,2026-03-09
2002-09-23,0.0019841021755850155,2026-03-09
2002-09-24,-0.03735915718482857,2026-03-09
2002-09-25,-0.03987935283800258,2026-03-09
2002-09-26,-0.02493354265011029,2026-03-09
2002-09-27,-0.0716622879323298,2026-03-09
2002-09-30,-0.04214948569636253,2026-03-09
2002-10-01,-0.007407493061299523,2026-03-09
2002-10-02,-0.07725848817975042,2026-03-09
2002-10-03,0.09323917448964467,2026-03-09
2002-10-04,-0.07335774393472409,2026-03-09
2002-10-07,-0.015873381070587663,2026-03-09
2002-10-08,-0.013423007444650008,2026-03-09
2002-10-09,0.0,2026-03-09
2002-10-10,0.10265413244996179,2026-03-09
2002-10-11,0.13657554119201387,2026-03-09
2002-10-14,0.010582099318558432,2026-03-09
2002-10-15,0.032110493838065884,2026-03-09
2002-10-16,-0.05661891523568679,2026-03-09
2002-10-17,0.18016175654525124,2026-03-09
2002-10-18,0.16030924943758934,2026-03-09
2002-10-21,-0.017809222069538937,2026-03-09
2002-10-22,0.003898636791834069,2026-03-09
2002-10-23,0.01774053660279828,2026-03-09
2002-10-24,-0.037387515579873326,2026-03-09
2002-10-25,0.017309602701878368,2026-03-09
2002-10-28,-0.0031249623797502267,2026-03-09
2002-10-29,-0.07050307615525367,2026-03-09
2002-10-30,0.015827113573655478,2026-03-09
2002-10-31,0.013951773039220045,2026-03-09
2002-11-01,0.04618652819732476,2026-03-09
2002-11-04,0.15670443235852433,2026-03-09
2002-11-05,-0.049788717138108216,2026-03-09
2002-11-06,0.030983598363720537,2026-03-09
2002-11-07,-0.0738472626351578,2026-03-09
2002-11-08,-0.04707627730284627,2026-03-09
2002-11-11,-0.06153365793715259,2026-03-09
2002-11-12,0.06000219250088758,2026-03-09
2002-11-13,0.029447228037469287,2026-03-09
2002-11-14,0.07315088126757614,2026-03-09
2002-11-15,0.032655948737300385,2026-03-09
2002-11-18,0.08096909356390058,2026-03-09
2002-11-19,-0.05324450876990755,2026-03-09
2002-11-20,0.12067239042835146,2026-03-09
2002-11-21,0.04347277981804479,2026-03-09
2002-11-22,0.0033094581124640384,2026-03-09
2002-11-25,0.02447767462381918,2026-03-09
2002-11-26,-0.034439022550468615,2026-03-09
2002-11-27,0.009410575393202263,2026-03-09
2002-11-29,0.00494639293175003,2026-03-09
2002-12-02,0.06935832321392413,2026-03-09
2002-12-03,-0.055204563411187506,2026-03-09
2002-12-04,0.011821714869965123,2026-03-09
2002-12-05,-0.04200236881571711,2026-03-09
2002-12-06,-0.03861919997185944,2026-03-09
2002-12-09,-0.08896092385962741,2026-03-09
2002-12-10,0.029927406267353854,2026-03-09
2002-12-11,0.07909722702007015,2026-03-09
2002-12-12,-0.06688707484325766,2026-03-09
2002-12-13,-0.045307130091680616,2026-03-09
2002-12-16,-0.012779790653020116,2026-03-09
2002-12-17,-0.02474083793719568,2026-03-09
2002-12-18,-0.02266758379797789,2026-03-09
2002-12-19,-0.004731396938658523,2026-03-09
2002-12-20,-0.004073272972732923,2026-03-09
2002-12-23,0.015525118744108115,2026-03-09
2002-12-24,-0.036144385673155595,2026-03-09
2002-12-26,-0.026743400083598518,2026-03-09
2002-12-27,-0.015091848428596124,2026-03-09
2002-12-30,0.01580489426896217,2026-03-09
2002-12-31,0.07349684543000316,2026-03-09
2003-01-02,0.05099523464105296,2026-03-09
2003-01-03,-0.02808099657937541,2026-03-09
2003-01-06,0.08970468022045469,2026-03-09
2003-01-07,0.04342211948713786,2026-03-09
2003-01-08,-0.046385152434784124,2026-03-09
2003-01-09,0.02635588968922907,2026-03-09
2003-01-10,-0.016905120698131982,2026-03-09
2003-01-13,0.055458625013343,2026-03-09
2003-01-14,0.009961347926649447,2026-03-09
2003-01-15,-0.0049682374726279415,2026-03-09
2003-01-16,0.029445912096446994,2026-03-09
2003-01-17,-0.05013441059074693,2026-03-09
2003-01-21,-0.07750354339225402,2026-03-09
2003-01-22,-0.027856927365651988,2026-03-09
2003-01-23,0.02296094684143902,2026-03-09
2003-01-24,-0.05355612932050312,2026-03-09
2003-01-27,-0.026230987540300732,2026-03-09
2003-01-28,0.09983029772324395,2026-03-09
2003-01-29,0.06799015547510115,2026-03-09
2003-01-30,-0.09789780142724912,2026-03-09
2003-01-31,0.2526903789170291,2026-03-09
2003-02-03,0.04378196693265894,2026-03-09
2003-02-04,-0.020005311314457284,2026-03-09
2003-02-05,0.02460090325709096,2026-03-09
2003-02-06,-0.04261945968650006,2026-03-09
2003-02-07,-0.010098623380388312,2026-03-09
2003-02-10,-0.010201646854303923,2026-03-09
2003-02-11,0.019821721508410186,2026-03-09
2003-02-12,-0.07812971916712505,2026-03-09
2003-02-13,0.012345799482158557,2026-03-09
2003-02-14,0.0624274219396447,2026-03-09
2003-02-18,0.008608320878513634,2026-03-09
2003-02-19,0.003327888915119754,2026-03-09
2003-02-20,0.006150846470921352,2026-03-09
2003-02-21,0.0037665466364583586,2026-03-09
2003-02-24,0.019544621372054947,2026-03-09
2003-02-25,-0.02001462255290813,2026-03-09
2003-02-26,-0.006130653913324443,2026-03-09
2003-02-27,-0.054435198668249196,2026-03-09
2003-02-28,-0.03662675183683944,2026-03-09
2003-03-03,0.037126091418840164,2026-03-09
2003-03-04,0.044907499872148614,2026-03-09
2003-03-05,-0.006224588592735109,2026-03-09
2003-03-06,0.033068640817562715,2026-03-09
2003-03-07,0.04896718980903377,2026-03-09
2003-03-10,-0.060182227725583765,2026-03-09
2003-03-11,0.0060904434134906454,2026-03-09
2003-03-12,0.03307606303500345,2026-03-09
2003-03-13,0.08941848390771125,2026-03-09
2003-03-14,0.0008260450855306428,2026-03-09
2003-03-17,0.020433875748443492,2026-03-09
2003-03-18,-0.01098239690571652,2026-03-09
2003-03-19,-0.029468768905366902,2026-03-09
2003-03-20,0.05171440515624626,2026-03-09
2003-03-21,0.017839948106305046,2026-03-09
2003-03-24,-0.04747473437469936,2026-03-09
2003-03-25,0.06500189696642301,2026-03-09
2003-03-26,-0.029782756682233638,2026-03-09
2003-03-27,-0.0031872126715925863,2026-03-09
2003-03-28,-0.08317345385286323,2026-03-09
2003-03-31,0.0445271853712586,2026-03-09
2003-04-01,0.011546469921845917,2026-03-09
2003-04-02,0.04841916148113012,2026-03-09
2003-04-03,0.049533978745564616,2026-03-09
2003-04-04,-0.019141180492244888,2026-03-09
2003-04-07,0.024332122376908162,2026-03-09
2003-04-08,-0.0018508665486938866,2026-03-09
2003-04-09,-0.061899032910309834,2026-03-09
2003-04-10,0.03409863873263399,2026-03-09
2003-04-11,-0.004581941622731662,2026-03-09
2003-04-14,0.018578743340265734,2026-03-09
2003-04-15,0.027784728116167116,2026-03-09
2003-04-16,0.010539819087956058,2026-03-09
2003-04-17,0.060326820451647556,2026-03-09
2003-04-21,0.030833544662066073,2026-03-09
2003-04-22,-0.0062903878181495565,2026-03-09
2003-04-23,-0.005328028904053391,2026-03-09
2003-04-24,0.0073187535439605085,2026-03-09
2003-04-25,0.005948505891038498,2026-03-09
2003-04-28,0.04067698466552957,2026-03-09
2003-04-29,0.0366500737840074,2026-03-09
2003-04-30,-0.17194560799844993,2026-03-09
2003-05-01,0.04045977100647299,2026-03-09
2003-05-02,0.0,2026-03-09
2003-05-05,-0.021445754192110814,2026-03-09
2003-05-06,-0.01575960674369095,2026-03-09
2003-05-07,-0.025966023092248932,2026-03-09
2003-05-08,-0.007064470789094159,2026-03-09
2003-05-09,0.017751893281232372,2026-03-09
2003-05-12,0.01166196356031559,2026-03-09
2003-05-13,0.022215186619301077,2026-03-09
2003-05-14,0.031050806457015932,2026-03-09
2003-05-15,0.029782254584643068,2026-03-09
2003-05-16,-0.005684669854515587,2026-03-09
2003-05-19,-0.026505142011200498,2026-03-09
2003-05-20,-0.00864611832652668,2026-03-09
2003-05-21,-0.021060779580644656,2026-03-09
2003-05-22,0.0862720540902457,2026-03-09
2003-05-23,0.05476921670555589,2026-03-09
2003-05-27,0.0867032314121108,2026-03-09
2003-05-28,0.0014114651359527655,2026-03-09
2003-05-29,-0.014777206944178414,2026-03-09
2003-05-30,-0.022583492709139716,2026-03-09
2003-06-02,0.046905948865696406,2026-03-09
2003-06-03,-0.017475088614962653,2026-03-09
2003-06-04,0.07791891400324236,2026-03-09
2003-06-05,0.009945088141580492,2026-03-09
2003-06-06,0.037064941669523024,2026-03-09
2003-06-09,-0.03706494166952304,2026-03-09
2003-06-10,0.030519151819070247,2026-03-09
2003-06-11,0.016533438497334543,2026-03-09
2003-06-12,0.03250925303665171,2026-03-09
2003-06-13,-0.0602188679019825,2026-03-09
2003-06-16,0.03784439175441086,2026-03-09
2003-06-17,-0.012373380357191805,2026-03-09
2003-06-18,0.03113386238406664,2026-03-09
2003-06-19,0.007694210507561484,2026-03-09
2003-06-20,-0.09411334980382119,2026-03-09
2003-06-23,-0.0828097043057321,2026-03-09
2003-06-24,-0.006596898305371737,2026-03-09
2003-06-25,0.05214188621214736,2026-03-09
2003-06-26,0.019207975353749147,2026-03-09
2003-06-27,0.001873904791464433,2026-03-09
2003-06-30,-0.020808787824247624,2026-03-09
2003-07-01,-0.011535435881837353,2026-03-09
2003-07-02,0.02805581398660302,2026-03-09
2003-07-03,-0.004576656158344467,2026-03-09
2003-07-07,0.025837069872167426,2026-03-09
2003-07-08,0.09929425795166687,2026-03-09
2003-07-09,0.0011897954050268341,2026-03-09
2003-07-10,-0.007399517805733457,2026-03-09
2003-07-11,0.045430487953676574,2026-03-09
2003-07-14,-0.01569017837276824,2026-03-09
2003-07-15,-0.011460834729736793,2026-03-09
2003-07-16,-0.010879957045438246,2026-03-09
2003-07-17,-0.04997991416139504,2026-03-09
2003-07-18,0.02469258933002205,2026-03-09
2003-07-21,-0.014989805368444969,2026-03-09
2003-07-22,0.014989805368444974,2026-03-09
2003-07-23,-0.0017087687837352228,2026-03-09
2003-07-24,0.009241336906201061,2026-03-09
2003-07-25,-0.005096457578979389,2026-03-09
2003-07-28,-0.005856573000385851,2026-03-09
2003-07-29,-0.0007344308097592013,2026-03-09
2003-07-30,0.03536994038403079,2026-03-09
2003-07-31,0.03072866758856418,2026-03-09
2003-08-01,-0.022957524688259824,2026-03-09
2003-08-04,-0.04216196201990579,2026-03-09
2003-08-05,-0.03790031111972978,2026-03-09
2003-08-06,-0.04416297821310261,2026-03-09
2003-08-07,-0.01741505657718167,2026-03-09
2003-08-08,-0.058431093590742444,2026-03-09
2003-08-11,0.015072082091322476,2026-03-09
2003-08-12,0.0005643604674052982,2026-03-09
2003-08-13,0.02781817872218569,2026-03-09
2003-08-14,0.01118552851487249,2026-03-09
2003-08-15,0.0010845848166220766,2026-03-09
2003-08-18,0.04504068274015665,2026-03-09
2003-08-19,0.043099271720723614,2026-03-09
2003-08-20,0.023784287625805124,2026-03-09
2003-08-21,-0.013170898218725493,2026-03-09
2003-08-22,-0.04828695422844915,2026-03-09
2003-08-25,-0.015319010394139684,2026-03-09
2003-08-26,-0.046594780069773634,2026-03-09
2003-08-27,0.042136936123316045,2026-03-09
2003-08-28,0.025429509150186855,2026-03-09
2003-08-29,0.03301290166521978,2026-03-09
2003-09-02,0.027626722036215867,2026-03-09
2003-09-03,0.09274213317273722,2026-03-09
2003-09-04,0.023888140510763038,2026-03-09
2003-09-05,-0.004732174092568854,2026-03-09
2003-09-08,0.05352239673375571,2026-03-09
2003-09-09,-0.04237304337584589,2026-03-09
2003-09-10,-0.043357161480283214,2026-03-09
2003-09-11,0.0180940014873497,2026-03-09
2003-09-12,0.02632871455704045,2026-03-09
2003-09-15,0.008483605612561914,2026-03-09
2003-09-16,0.021932997419582476,2026-03-09
2003-09-17,0.020450590527956513,2026-03-09
2003-09-18,0.002022195265382734,2026-03-09
2003-09-19,-0.006485549266006402,2026-03-09
2003-09-22,-0.023869481450463494,2026-03-09
2003-09-23,0.05430834412951835,2026-03-09
2003-09-24,-0.0651962334148011,2026-03-09
2003-09-25,0.00963761991410944,2026-03-09
2003-09-26,-0.062372386638207565,2026-03-09
2003-09-29,0.028442107891590504,2026-03-09
2003-09-30,-0.008013075633029478,2026-03-09
2003-10-01,0.00021739918198605544,2026-03-09
2003-10-02,0.042559674887275516,2026-03-09
2003-10-03,0.0414217313943208,2026-03-09
2003-10-06,0.019202831986188322,2026-03-09
2003-10-07,-0.026827192800940973,2026-03-09
2003-10-08,0.004220669112830439,2026-03-09
2003-10-09,0.014139456437451575,2026-03-09
2003-10-10,-0.01554436773230345,2026-03-09
2003-10-13,0.01415919500872652,2026-03-09
2003-10-14,0.025030595115810857,2026-03-09
2003-10-15,-0.017730631328688375,2026-03-09
2003-10-16,0.011919998947856558,2026-03-09
2003-10-17,-0.02080545134183829,2026-03-09
2003-10-20,-0.003576329874818535,2026-03-09
2003-10-21,0.028646240702517277,2026-03-09
2003-10-22,-0.033834841861326286,2026-03-09
2003-10-23,-0.03979714429299881,2026-03-09
2003-10-24,-0.015526934101472522,2026-03-09
2003-10-27,0.008632517880026036,2026-03-09
2003-10-28,0.0,2026-03-09
2003-10-29,0.10856291711916845,2026-03-09
2003-10-30,0.03837404664410624,2026-03-09
2003-10-31,-0.004535172426464753,2026-03-09
2003-11-03,0.01748266948075097,2026-03-09
2003-11-04,0.0010714361397127928,2026-03-09
2003-11-05,0.0005352453571713338,2026-03-09
2003-11-06,-0.009499125765320809,2026-03-09
2003-11-07,-0.00795523081277891,2026-03-09
2003-11-10,-0.02741908664584661,2026-03-09
2003-11-11,-0.010314260284580358,2026-03-09
2003-11-12,0.046588607398678976,2026-03-09
2003-11-13,-0.012310133275454858,2026-03-09
2003-11-14,-0.03900207637615873,2026-03-09
2003-11-17,-0.030771720754924767,2026-03-09
2003-11-18,-0.01594676018790213,2026-03-09
2003-11-19,-0.013385458311756653,2026-03-09
2003-11-20,0.043874459394750445,2026-03-09
2003-11-21,0.007861202109716154,2026-03-09
2003-11-24,0.02172556825733669,2026-03-09
2003-11-25,-0.010709296054682188,2026-03-09
2003-11-26,-0.004923324129935063,2026-03-09
2003-11-28,0.024748163453662222,2026-03-09
2003-12-01,0.03099611352724691,2026-03-09
2003-12-02,-0.02379984047104606,2026-03-09
2003-12-03,-0.03555764820870103,2026-03-09
2003-12-04,-0.0225421552715012,2026-03-09
2003-12-05,-0.0062549197760791405,2026-03-09
2003-12-08,-0.01382049520773505,2026-03-09
2003-12-09,-0.026593115580380796,2026-03-09
2003-12-10,-0.019794402910835042,2026-03-09
2003-12-11,0.049563343643017815,2026-03-09
2003-12-12,0.013972498976465653,2026-03-09
2003-12-15,-0.04333312537199422,2026-03-09
2003-12-16,0.003870063478481571,2026-03-09
2003-12-17,0.014531037588168115,2026-03-09
2003-12-18,0.030000265623767956,2026-03-09
2003-12-19,-0.008788275588263261,2026-03-09
2003-12-22,-0.007284249076824344,2026-03-09
2003-12-23,0.029399572164561252,2026-03-09
2003-12-24,-0.01196690557562081,2026-03-09
2003-12-26,0.010046460965469491,2026-03-09
2003-12-29,0.027866429111085937,2026-03-09
2003-12-30,-0.015258815492946411,2026-03-09
2003-12-31,-0.003803728513749555,2026-03-09
2004-01-02,-0.014007703255041703,2026-03-09
2004-01-05,0.04477936742850665,2026-03-09
2004-01-06,0.02084548720621558,2026-03-09
2004-01-07,-0.0019926021469881382,2026-03-09
2004-01-08,-0.007279370212289299,2026-03-09
2004-01-09,-0.006045634045189268,2026-03-09
2004-01-12,0.025042138481803217,2026-03-09
2004-01-13,-0.004490370531014623,2026-03-09
2004-01-14,0.023132724947880306,2026-03-09
2004-01-15,-0.0008799146263488487,2026-03-09
2004-01-16,0.0043917674298809125,2026-03-09
2004-01-20,0.02509867500077291,2026-03-09
2004-01-21,-0.015330547042880454,2026-03-09
2004-01-22,-0.025313366011838343,2026-03-09
2004-01-23,0.012912526307637994,2026-03-09
2004-01-26,0.029780582141891162,2026-03-09
2004-01-27,-0.02855111515100889,2026-03-09
2004-01-28,-0.022903830927979374,2026-03-09
2004-01-29,-0.03993935117523514,2026-03-09
2004-01-30,0.1538836026193274,2026-03-09
2004-02-02,-0.03506265049621629,2026-03-09
2004-02-03,0.04938272889799078,2026-03-09
2004-02-04,-0.036192113416420583,2026-03-09
2004-02-05,-0.0026242090975652074,2026-03-09
2004-02-06,0.01935491078665607,2026-03-09
2004-02-09,0.02151302005191518,2026-03-09
2004-02-10,0.0015753356760915464,2026-03-09
2004-02-11,0.01948467796652424,2026-03-09
2004-02-12,-0.012113840803742719,2026-03-09
2004-02-13,-0.014955063076134235,2026-03-09
2004-02-17,0.01323480987639044,2026-03-09
2004-02-18,-0.007541254715709143,2026-03-09
2004-02-19,-0.0330263818809076,2026-03-09
2004-02-20,-0.018590712649673255,2026-03-09
2004-02-23,0.00033211553983325217,2026-03-09
2004-02-24,-0.04204011280742595,2026-03-09
2004-02-25,0.07486202147754104,2026-03-09
2004-02-26,-0.0008035540108602332,2026-03-09
2004-02-27,0.0033705810487237356,2026-03-09
2004-03-01,0.021870920493676976,2026-03-09
2004-03-02,-0.014845556798137016,2026-03-09
2004-03-03,-0.012649275710394373,2026-03-09
2004-03-04,0.02293825583239596,2026-03-09
2004-03-05,0.01049589234783586,2026-03-09
2004-03-08,-0.01033843584149159,2026-03-09
2004-03-09,-0.037867522682888996,2026-03-09
2004-03-10,-0.02735354420830416,2026-03-09
2004-03-11,0.0008400024942593324,2026-03-09
2004-03-12,0.027330887829220354,2026-03-09
2004-03-15,-0.05941002879502524,2026-03-09
2004-03-16,-0.0895526333346394,2026-03-09
2004-03-17,-0.0017082332668820483,2026-03-09
2004-03-18,-0.010119413089537508,2026-03-09
2004-03-19,-0.02624817740159495,2026-03-09
2004-03-22,-0.0684865045173821,2026-03-09
2004-03-23,0.031155188763544346,2026-03-09
2004-03-24,-0.024636368838673723,2026-03-09
2004-03-25,0.07313435616799872,2026-03-09
2004-03-26,0.01316069235184483,2026-03-09
2004-03-29,0.02749769824394803,2026-03-09
2004-03-30,-0.003185051509531251,2026-03-09
2004-03-31,0.00018762126488413127,2026-03-09
2004-04-01,-0.006210614264215646,2026-03-09
2004-04-02,0.027373432446073383,2026-03-09
2004-04-05,0.006226058739107895,2026-03-09
2004-04-06,-0.026826134831771955,2026-03-09
2004-04-07,0.0026217128433908203,2026-03-09
2004-04-08,-0.006002656236521909,2026-03-09
2004-04-12,0.04883492258945587,2026-03-09
2004-04-13,-0.03204345524058403,2026-03-09
2004-04-14,-0.010041061946807853,2026-03-09
2004-04-15,-0.037316269792925745,2026-03-09
2004-04-16,-0.012885766335997282,2026-03-09
2004-04-19,0.013079719878858817,2026-03-09
2004-04-20,-0.014653048380458165,2026-03-09
2004-04-21,-0.005130244817591775,2026-03-09
2004-04-22,0.01784187755479927,2026-03-09
2004-04-23,-0.009371380387027445,2026-03-09
2004-04-26,0.017692709699251467,2026-03-09
2004-04-27,0.009780429272482195,2026-03-09
2004-04-28,0.02152250754482605,2026-03-09
2004-04-29,-0.03245990606242583,2026-03-09
2004-04-30,-0.07572704943892807,2026-03-09
2004-05-03,0.006637665061979567,2026-03-09
2004-05-04,0.017013874252454094,2026-03-09
2004-05-05,0.002030407223730238,2026-03-09
2004-05-06,-0.047350973099146904,2026-03-09
2004-05-07,-0.04502233767171959,2026-03-09
2004-05-10,-0.024547956808779175,2026-03-09
2004-05-11,0.047421197925812154,2026-03-09
2004-05-12,-0.03450909568785085,2026-03-09
2004-05-13,0.014523785436801915,2026-03-09
2004-05-14,0.014534496416752158,2026-03-09
2004-05-17,-0.0187581447882198,2026-03-09
2004-05-18,0.01129707869234353,2026-03-09
2004-05-19,0.035060976484859625,2026-03-09
2004-05-20,0.00021263742737125156,2026-03-09
2004-05-21,0.0010626107273696117,2026-03-09
2004-05-24,0.022680476547726584,2026-03-09
2004-05-25,0.013201538477896603,2026-03-09
2004-05-26,-0.01569635974406512,2026-03-09
2004-05-27,-0.002918480113051753,2026-03-09
2004-05-28,0.0031266032377358865,2026-03-09
2004-06-01,0.01937413022117122,2026-03-09
2004-06-02,-0.00922801075214753,2026-03-09
2004-06-03,-0.042935886057316346,2026-03-09
2004-06-04,0.007071708828448548,2026-03-09
2004-06-07,0.020919933660535323,2026-03-09
2004-06-08,0.004381834525688166,2026-03-09
2004-06-09,-0.04688687164288595,2026-03-09
2004-06-10,-0.005689298039930948,2026-03-09
2004-06-14,-0.03665215379078463,2026-03-09
2004-06-15,0.004088976449278635,2026-03-09
2004-06-16,-0.06703535031209482,2026-03-09
2004-06-17,-0.006566957868651711,2026-03-09
2004-06-18,0.03312038022984442,2026-03-09
2004-06-21,0.005649771861570969,2026-03-09
2004-06-22,0.00911317381340064,2026-03-09
2004-06-23,0.011563540529831402,2026-03-09
2004-06-24,-0.016460346226861485,2026-03-09
2004-06-25,0.06054216229001,2026-03-09
2004-06-28,-0.05797413087631799,2026-03-09
2004-06-29,-0.022160232699830792,2026-03-09
2004-06-30,0.017720441934034638,2026-03-09
2004-07-01,-0.027782887518343485,2026-03-09
2004-07-02,-0.01994224137140218,2026-03-09
2004-07-06,-0.05737517647789211,2026-03-09
2004-07-07,0.007515858995392251,2026-03-09
2004-07-08,-0.018765155282606263,2026-03-09
2004-07-09,0.012808902410108363,2026-03-09
2004-07-12,0.001297888434088483,2026-03-09
2004-07-13,-0.0012978884340883884,2026-03-09
2004-07-14,0.003629814047010785,2026-03-09
2004-07-15,-0.002072574677684763,2026-03-09
2004-07-16,-0.037520903562638215,2026-03-09
2004-07-19,0.00697615464075288,2026-03-09
2004-07-20,0.03546004882893834,2026-03-09
2004-07-21,-0.024821660742657778,2026-03-09
2004-07-22,-0.011173315480683406,2026-03-09
2004-07-23,-0.05980567241096657,2026-03-09
2004-07-26,0.03570812394324229,2026-03-09
2004-07-27,0.0296998432122773,2026-03-09
2004-07-28,0.012425786044007913,2026-03-09
2004-07-29,0.028491929047932574,2026-03-09
2004-07-30,0.025713601304545964,2026-03-09
2004-08-02,-0.0027414736850673595,2026-03-09
2004-08-03,-0.07512593067025823,2026-03-09
2004-08-04,0.0220841608163108,2026-03-09
2004-08-05,-0.045217601847363856,2026-03-09
2004-08-06,-0.08981868951582403,2026-03-09
2004-08-09,0.006903825218455648,2026-03-09
2004-08-10,0.03411097389790909,2026-03-09
2004-08-11,-0.03082587123957247,2026-03-09
2004-08-12,-0.06053146058013673,2026-03-09
2004-08-13,-0.016608508589189646,2026-03-09
2004-08-16,-0.029082260631591802,2026-03-09
2004-08-17,0.05921936381016188,2026-03-09
2004-08-18,0.06707433069753982,2026-03-09
2004-08-19,-0.026352372674371977,2026-03-09
2004-08-20,0.03941688617345193,2026-03-09
2004-08-23,-0.010729388262872147,2026-03-09
2004-08-24,0.009575001853852768,2026-03-09
2004-08-25,0.021991433875259824,2026-03-09
2004-08-26,-0.016807122882474903,2026-03-09
2004-08-27,0.01624203244016906,2026-03-09
2004-08-30,-0.021715200025927844,2026-03-09
2004-08-31,-0.00028887116801722725,2026-03-09
2004-09-01,0.008917112738986085,2026-03-09
2004-09-02,-0.003729744986813626,2026-03-09
2004-09-03,-0.0437726414043661,2026-03-09
2004-09-07,0.03453201420017251,2026-03-09
2004-09-08,-0.012259364082371257,2026-03-09
2004-09-09,0.031510041196706945,2026-03-09
2004-09-10,0.054276914505780746,2026-03-09
2004-09-13,0.1506018776407999,2026-03-09
2004-09-14,0.01951607381322504,2026-03-09
2004-09-15,-0.03470152029199469,2026-03-09
2004-09-16,-0.015180587654016954,2026-03-09
2004-09-17,-0.021012702049778054,2026-03-09
2004-09-20,0.02673249058928305,2026-03-09
2004-09-21,-0.005003080199366916,2026-03-09
2004-09-22,0.0019089420899419218,2026-03-09
2004-09-23,-0.0016700395555734678,2026-03-09
2004-09-24,-0.02465685329105309,2026-03-09
2004-09-27,-0.01082691431229489,2026-03-09
2004-09-28,-0.019738244552459087,2026-03-09
2004-09-29,0.04030706795433233,2026-03-09
2004-09-30,-0.00412865704901257,2026-03-09
2004-10-01,0.019043601250487412,2026-03-09
2004-10-04,0.07207623692380781,2026-03-09
2004-10-05,0.009067825161649896,2026-03-09
2004-10-06,-0.00596224607187256,2026-03-09
2004-10-07,-0.05438715878214393,2026-03-09
2004-10-08,-0.005628572127645058,2026-03-09
2004-10-11,-0.0056603195832823205,2026-03-09
2004-10-12,0.007540107204827755,2026-03-09
2004-10-13,0.02777953650700982,2026-03-09
2004-10-14,-0.019597177316766166,2026-03-09
2004-10-15,0.0051091230498440795,2026-03-09
2004-10-18,0.01904386634913585,2026-03-09
2004-10-19,0.011299490717749322,2026-03-09
2004-10-20,0.0022447212687245473,2026-03-09
2004-10-21,0.03999657599963726,2026-03-09
2004-10-22,-0.020457805730710304,2026-03-09
2004-10-25,0.03627345480765725,2026-03-09
2004-10-26,-0.009373768832799627,2026-03-09
2004-10-27,0.2696480198879841,2026-03-09
2004-10-28,0.01782002959270366,2026-03-09
2004-10-29,-0.0376291758149555,2026-03-09
2004-11-01,0.003661151657754144,2026-03-09
2004-11-02,0.0410080007426714,2026-03-09
2004-11-03,-0.00896863094221095,2026-03-09
2004-11-04,0.004013828115728431,2026-03-09
2004-11-05,0.011153667982165086,2026-03-09
2004-11-08,-0.0017444583778688189,2026-03-09
2004-11-09,-0.007168501458077282,2026-03-09
2004-11-10,0.04103301557342951,2026-03-09
2004-11-11,-0.002612000886622561,2026-03-09
2004-11-12,0.02716608399206018,2026-03-09
2004-11-15,0.004481664176325767,2026-03-09
2004-11-16,-0.018048298980283446,2026-03-09
2004-11-17,0.01011709806159046,2026-03-09
2004-11-18,0.0038986437607248623,2026-03-09
2004-11-19,-0.04781791629354453,2026-03-09
2004-11-22,0.02419475005989441,2026-03-09
2004-11-23,-0.02529425061697629,2026-03-09
2004-11-24,0.009696709406260435,2026-03-09
2004-11-26,0.011605516433948427,2026-03-09
2004-11-29,-0.00493524521299164,2026-03-09
2004-11-30,-0.002011919209350421,2026-03-09
2004-12-01,0.04838436836288868,2026-03-09
2004-12-02,-0.006070029513167981,2026-03-09
2004-12-03,-0.035982777244249926,2026-03-09
2004-12-06,0.012392161694703039,2026-03-09
2004-12-07,-0.03292164988002845,2026-03-09
2004-12-08,-0.029338842206717824,2026-03-09
2004-12-09,0.01954880690618967,2026-03-09
2004-12-10,0.013084474732437838,2026-03-09
2004-12-13,0.03145010075838907,2026-03-09
2004-12-14,-0.1587141149291282,2026-03-09
2004-12-15,0.0801247738457507,2026-03-09
2004-12-16,-0.01322113492989595,2026-03-09
2004-12-17,-0.006844257815687471,2026-03-09
2004-12-20,0.011325956713798612,2026-03-09
2004-12-21,0.016751871439502235,2026-03-09
2004-12-22,-0.01212531366310599,2026-03-09
2004-12-23,0.0014825510789984908,2026-03-09
2004-12-27,0.01681263234421034,2026-03-09
2004-12-28,0.0035546711132210056,2026-03-09
2004-12-29,-0.00016129164413876285,2026-03-09
2004-12-30,-0.005013297511172894,2026-03-09
2004-12-31,-0.023457176926708168,2026-03-09
2005-01-03,-0.030330936176661816,2026-03-09
2005-01-04,-0.02810728127500856,2026-03-09
2005-01-05,-0.006886234300704274,2026-03-09
2005-01-06,0.008292933486809524,2026-03-09
2005-01-07,-0.010598923215387681,2026-03-09
2005-01-10,0.02143436636123013,2026-03-09
2005-01-11,-0.013298487833547637,2026-03-09
2005-01-12,0.015035242188248891,2026-03-09
2005-01-13,-0.012396509626982802,2026-03-09
2005-01-14,0.021551072794296276,2026-03-09
2005-01-18,0.018399122737312732,2026-03-09
2005-01-19,-0.006775087428334442,2026-03-09
2005-01-20,0.011322535643105966,2026-03-09
2005-01-21,-0.011662473616210608,2026-03-09
2005-01-24,-0.02095932049927481,2026-03-09
2005-01-25,0.03144475382309028,2026-03-09
2005-01-26,0.040552827673201654,2026-03-09
2005-01-27,0.04902090413287254,2026-03-09
2005-01-28,0.06534578269034275,2026-03-09
2005-01-31,0.04645450615810385,2026-03-09
2005-02-01,-0.009258673481842844,2026-03-09
2005-02-02,-0.00027768050752028284,2026-03-09
2005-02-03,0.02807056610189598,2026-03-09
2005-02-04,0.027829455256043367,2026-03-09
2005-02-07,-0.018689628289497964,2026-03-09
2005-02-08,0.023275332303857168,2026-03-09
2005-02-09,-0.11045702195289425,2026-03-09
2005-02-10,-0.006444028083256828,2026-03-09
2005-02-11,0.01819952624052158,2026-03-09
2005-02-14,0.03640886053945563,2026-03-09
2005-02-15,-0.001810208819660829,2026-03-09
2005-02-16,-0.0022324930048134876,2026-03-09
2005-02-17,-0.01010819046748056,2026-03-09
2005-02-18,0.0018326658585903826,2026-03-09
2005-02-22,0.0,2026-03-09
2005-02-23,-0.009908034947948468,2026-03-09
2005-02-24,0.0018475115105010002,2026-03-09
2005-02-25,0.01731335626731951,2026-03-09
2005-02-28,-0.008971135622153424,2026-03-09
2005-03-01,0.010226320405984998,2026-03-09
2005-03-02,-0.03186115609610551,2026-03-09
2005-03-03,0.01144510353445337,2026-03-09
2005-03-04,-0.00028458271157742716,2026-03-09
2005-03-07,0.0009955159208200413,2026-03-09
2005-03-08,-0.030158787096521585,2026-03-09
2005-03-09,-0.017288956710032083,2026-03-09
2005-03-10,-0.014261334157577672,2026-03-09
2005-03-11,-0.01908017937609445,2026-03-09
2005-03-14,0.08758916108658037,2026-03-09
2005-03-15,0.0,2026-03-09
2005-03-16,-0.14957275306134282,2026-03-09
2005-03-17,-0.05475970925140613,2026-03-09
2005-03-18,0.03956034047755179,2026-03-09
2005-03-21,-0.009702332460154226,2026-03-09
2005-03-22,-0.017807647938243226,2026-03-09
2005-03-23,0.00017108863938513738,2026-03-09
2005-03-24,0.01528045939176586,2026-03-09
2005-03-28,0.004203469057315206,2026-03-09
2005-03-29,-0.0682141940367669,2026-03-09
2005-03-30,-0.012653765006756627,2026-03-09
2005-03-31,-0.012816024918035589,2026-03-09
2005-04-01,0.018258660362417432,2026-03-09
2005-04-04,0.03082097749963173,2026-03-09
2005-04-05,-0.03735572112447806,2026-03-09
2005-04-06,0.0030911419131427692,2026-03-09
2005-04-07,0.014061899209944356,2026-03-09
2005-04-08,-0.008449476127608926,2026-03-09
2005-04-11,0.011131138011177476,2026-03-09
2005-04-12,-0.009687894566009613,2026-03-09
2005-04-13,-0.022792490282004627,2026-03-09
2005-04-14,0.028365563102773904,2026-03-09
2005-04-15,-0.029472786331026853,2026-03-09
2005-04-18,-0.02599977015821331,2026-03-09
2005-04-19,0.02655357901202666,2026-03-09
2005-04-20,0.025686773933070783,2026-03-09
2005-04-21,0.010555606691201617,2026-03-09
2005-04-22,-0.03053813098431355,2026-03-09
2005-04-25,0.0353317399378642,2026-03-09
2005-04-26,0.00951882776245362,2026-03-09
2005-04-27,-0.01859283711361757,2026-03-09
2005-04-28,0.018592837113617512,2026-03-09
2005-04-29,-0.2707501607137957,2026-03-09
2005-05-02,0.06929943472891997,2026-03-09
2005-05-03,0.022072223287936555,2026-03-09
2005-05-04,0.023032465768502517,2026-03-09
2005-05-05,-0.019888825563051674,2026-03-09
2005-05-06,-0.000418554860149209,2026-03-09
2005-05-09,0.005427993096452262,2026-03-09
2005-05-10,0.002702987715104883,2026-03-09
2005-05-11,0.03569262080780492,2026-03-09
2005-05-12,0.012939377222423184,2026-03-09
2005-05-13,0.006112541975275267,2026-03-09
2005-05-16,0.0200454633592636,2026-03-09
2005-05-17,0.004421763190022533,2026-03-09
2005-05-18,0.018812902720378524,2026-03-09
2005-05-19,0.004320517790704736,2026-03-09
2005-05-20,-0.005262157868478942,2026-03-09
2005-05-23,0.027872413623831076,2026-03-09
2005-05-24,0.023543303699752827,2026-03-09
2005-05-25,-0.01678587132378892,2026-03-09
2005-05-26,0.006350352133324426,2026-03-09
2005-05-27,-0.00018086778549537266,2026-03-09
2005-05-31,0.007030229057805651,2026-03-09
2005-06-01,0.0,2026-03-09
2005-06-02,-0.0032386005948023826,2026-03-09
2005-06-03,-0.06823363671057739,2026-03-09
2005-06-06,0.014747014127664075,2026-03-09
2005-06-07,-0.028735978535211495,2026-03-09
2005-06-08,0.0,2026-03-09
2005-06-09,0.013216876562864967,2026-03-09
2005-06-10,-0.0019326932952128297,2026-03-09
2005-06-13,0.0013533050497956324,2026-03-09
2005-06-14,0.00019316671651085693,2026-03-09
2005-06-15,0.004432842145577798,2026-03-09
2005-06-16,-0.005592494755805398,2026-03-09
2005-06-17,-0.025660019637360806,2026-03-09
2005-06-20,0.015943621465263312,2026-03-09
2005-06-21,0.019339295711610163,2026-03-09
2005-06-22,0.010289705749957061,2026-03-09
2005-06-23,0.024530775816081016,2026-03-09
2005-06-24,-0.02188027468224189,2026-03-09
2005-06-27,-0.013323412227125065,2026-03-09
2005-06-28,0.01332341222712507,2026-03-09
2005-06-29,0.002643494544460763,2026-03-09
2005-06-30,0.00018854106450095397,2026-03-09
2005-07-01,0.017937737046799122,2026-03-09
2005-07-05,0.00572435066782623,2026-03-09
2005-07-06,-0.0018430209168002543,2026-03-09
2005-07-07,0.023517661143094518,2026-03-09
2005-07-08,0.0466428336857908,2026-03-09
2005-07-11,0.009754532531026969,2026-03-09
2005-07-12,-0.008379743348122458,2026-03-09
2005-07-13,-0.003612891404711111,2026-03-09
2005-07-14,0.09872007116611729,2026-03-09
2005-07-15,0.057349288510415194,2026-03-09
2005-07-18,-0.008886305802767239,2026-03-09
2005-07-19,0.04052440159257913,2026-03-09
2005-07-20,0.004703207185768418,2026-03-09
2005-07-21,-0.015475276624739373,2026-03-09
2005-07-22,-0.02116094671885429,2026-03-09
2005-07-25,0.013914510655146888,2026-03-09
2005-07-26,0.012287836274580221,2026-03-09
2005-07-27,-0.060714401060228566,2026-03-09
2005-07-28,0.010328135343733136,2026-03-09
2005-07-29,0.15337329148248485,2026-03-09
2005-08-01,0.014157206457949906,2026-03-09
2005-08-02,-0.0005112757501649664,2026-03-09
2005-08-03,-0.02276059941486049,2026-03-09
2005-08-04,-0.014227588236714555,2026-03-09
2005-08-05,-0.026621624419212897,2026-03-09
2005-08-08,-0.009996718781542744,2026-03-09
2005-08-09,0.009587824825533124,2026-03-09
2005-08-10,0.02357490325282068,2026-03-09
2005-08-11,0.026538560179579077,2026-03-09
2005-08-12,-0.010557263559240353,2026-03-09
2005-08-15,0.06444029204433951,2026-03-09
2005-08-16,-0.06339263648896895,2026-03-09
2005-08-17,0.012228634117197571,2026-03-09
2005-08-18,-0.01550626352950302,2026-03-09
2005-08-19,-0.009632581732356168,2026-03-09
2005-08-22,0.029525372636551868,2026-03-09
2005-08-23,-0.012696121868387773,2026-03-09
2005-08-24,-0.013255697742559724,2026-03-09
2005-08-25,-0.022716048955201525,2026-03-09
2005-08-26,0.0014855400873743595,2026-03-09
2005-08-29,0.018452190090969812,2026-03-09
2005-08-30,-0.0010604318462227246,2026-03-09
2005-08-31,0.0209981271282919,2026-03-09
2005-09-01,-0.010443949408814775,2026-03-09
2005-09-02,-0.0017074952134726352,2026-03-09
2005-09-06,0.025054898682144434,2026-03-09
2005-09-07,-0.024135120729876287,2026-03-09
2005-09-08,-0.017889531968019703,2026-03-09
2005-09-09,0.008123071509747126,2026-03-09
2005-09-12,-0.0137546624249744,2026-03-09
2005-09-13,-0.008642815867375789,2026-03-09
2005-09-14,0.006758570452787858,2026-03-09
2005-09-15,-0.018216902010797342,2026-03-09
2005-09-16,0.004380577101901218,2026-03-09
2005-09-19,-0.06869046845509051,2026-03-09
2005-09-20,0.01279270555118866,2026-03-09
2005-09-21,-0.021167126133148084,2026-03-09
2005-09-22,-0.010381183917532347,2026-03-09
2005-09-23,0.028944945988700593,2026-03-09
2005-09-26,-0.001159306580181688,2026-03-09
2005-09-27,-0.0034857974355866953,2026-03-09
2005-09-28,-0.0017475006257656254,2026-03-09
2005-09-29,0.022482591934538755,2026-03-09
2005-09-30,0.0017086159763912883,2026-03-09
2005-10-03,0.01328458483134107,2026-03-09
2005-10-04,-0.023005868092541324,2026-03-09
2005-10-05,-0.0025892025593927275,2026-03-09
2005-10-06,-0.0474875469837486,2026-03-09
2005-10-07,0.018406826766181224,2026-03-09
2005-10-10,-0.0053523432199363286,2026-03-09
2005-10-11,-0.0011933733285135813,2026-03-09
2005-10-12,0.004913282172616757,2026-03-09
2005-10-13,0.01298532311163769,2026-03-09
2005-10-14,0.00933906221088248,2026-03-09
2005-10-17,0.00968424284154166,2026-03-09
2005-10-18,-0.002304187486964387,2026-03-09
2005-10-19,0.01232283360777192,2026-03-09
2005-10-20,0.003695814221283784,2026-03-09
2005-10-21,0.026601044938926056,2026-03-09
2005-10-24,0.03728994136353601,2026-03-09
2005-10-25,0.001463078836692601,2026-03-09
2005-10-26,-0.0006647762482905281,2026-03-09
2005-10-27,-0.008145851190484372,2026-03-09
2005-10-28,-0.09885630115160358,2026-03-09
2005-10-31,0.04825435690902381,2026-03-09
2005-11-01,0.0,2026-03-09
2005-11-02,0.026445528962822165,2026-03-09
2005-11-03,0.01011350430003696,2026-03-09
2005-11-04,-0.0019055319134944242,2026-03-09
2005-11-07,-0.004369212893452579,2026-03-09
2005-11-08,-0.007968181654929053,2026-03-09
2005-11-09,-0.0026241370594361395,2026-03-09
2005-11-10,0.025801735654344696,2026-03-09
2005-11-11,0.04222259056884672,2026-03-09
2005-11-14,0.013602214553040263,2026-03-09
2005-11-15,-0.01904332366835191,2026-03-09
2005-11-16,-0.007432091208589086,2026-03-09
2005-11-17,0.01351900138629071,2026-03-09
2005-11-18,0.00963711741607338,2026-03-09
2005-11-21,-0.0012796199837708953,2026-03-09
2005-11-22,-0.010554838389144078,2026-03-09
2005-11-23,0.0027136939992937234,2026-03-09
2005-11-25,-0.0015497980470017404,2026-03-09
2005-11-28,-0.03592252038944754,2026-03-09
2005-11-29,0.004411475825493378,2026-03-09
2005-11-30,-0.014781259616674145,2026-03-09
2005-12-01,0.0234139688250149,2026-03-09
2005-12-02,-0.012240707674633996,2026-03-09
2005-12-05,-0.020421296232329474,2026-03-09
2005-12-06,0.024429345716662512,2026-03-09
2005-12-07,0.01967192174107493,2026-03-09
2005-12-08,-0.00183197363476976,2026-03-09
2005-12-09,0.015594842736981602,2026-03-09
2005-12-12,0.0002578461889846422,2026-03-09
2005-12-13,0.0015458052679607588,2026-03-09
2005-12-14,-0.006456658665828491,2026-03-09
2005-12-15,0.005555239582122984,2026-03-09
2005-12-16,0.036307789812483816,2026-03-09
2005-12-19,-0.005356627319591699,2026-03-09
2005-12-20,-0.0052597917891690745,2026-03-09
2005-12-21,0.02504782328068511,2026-03-09
2005-12-22,0.02036425131526419,2026-03-09
2005-12-23,0.004310381770170209,2026-03-09
2005-12-27,-0.0056311095646597465,2026-03-09
2005-12-28,0.00897079283522288,2026-03-09
2005-12-29,-0.0015491315274434932,2026-03-09
2005-12-30,-0.014172712306506253,2026-03-09
2006-01-03,0.05116627587019121,2026-03-09
2006-01-04,-0.007151157823763051,2026-03-09
2006-01-05,0.015163986219451248,2026-03-09
2006-01-06,0.0747755092779442,2026-03-09
2006-01-09,0.020731552011281722,2026-03-09
2006-01-10,-0.02168416650619828,2026-03-09
2006-01-11,0.010743755856636547,2026-03-09
2006-01-12,-0.01978589392405817,2026-03-09
2006-01-13,0.02166988539974802,2026-03-09
2006-01-17,-0.0067149693069074,2026-03-09
2006-01-18,-0.00792688309832272,2026-03-09
2006-01-19,0.012862564790550887,2026-03-09
2006-01-20,-0.02353040940038225,2026-03-09
2006-01-23,-0.013931934764453247,2026-03-09
2006-01-24,-0.003922779130413979,2026-03-09
2006-01-25,0.030536663577602215,2026-03-09
2006-01-26,0.013359464261912079,2026-03-09
2006-01-27,0.023136746207636304,2026-03-09
2006-01-30,0.016204608173501004,2026-03-09
2006-01-31,-0.03506624576550389,2026-03-09
2006-02-01,-0.04915444459495076,2026-03-09
2006-02-02,0.0014198100431564878,2026-03-09
2006-02-03,0.01677434856031412,2026-03-09
2006-02-06,0.004176767600465074,2026-03-09
2006-02-07,-0.0019256106320951608,2026-03-09
2006-02-08,-0.004507393080535769,2026-03-09
2006-02-09,0.0003226605802816793,2026-03-09
2006-02-10,-0.006905522567689062,2026-03-09
2006-02-13,-0.020233688873505438,2026-03-09
2006-02-14,0.007923504025541634,2026-03-09
2006-02-15,-0.004284129323212732,2026-03-09
2006-02-16,0.017135539965295616,2026-03-09
2006-02-17,0.001621819013518248,2026-03-09
2006-02-21,0.00021614008104199638,2026-03-09
2006-02-22,0.011170909599411579,2026-03-09
2006-02-23,0.009144081461238717,2026-03-09
2006-02-24,0.0040139598396495705,2026-03-09
2006-02-27,0.0,2026-03-09
2006-02-28,-0.03409784978412211,2026-03-09
2006-03-01,0.07428712668168234,2026-03-09
2006-03-02,-0.0030425715728051987,2026-03-09
2006-03-03,0.015421348275747572,2026-03-09
2006-03-06,-0.014304686117567987,2026-03-09
2006-03-07,-0.005085983040584241,2026-03-09
2006-03-08,0.0004078980196782948,2026-03-09
2006-03-09,-0.010761107591983426,2026-03-09
2006-03-10,0.024931323241497664,2026-03-09
2006-03-13,0.03476552358566987,2026-03-09
2006-03-14,0.033221800749841664,2026-03-09
2006-03-15,0.01008984226435488,2026-03-09
2006-03-16,-0.0254179601414799,2026-03-09
2006-03-17,0.015797502029663783,2026-03-09
2006-03-20,-0.007631048764333627,2026-03-09
2006-03-21,-0.020156429621167888,2026-03-09
2006-03-22,0.009603490733154007,2026-03-09
2006-03-23,0.005527998287375611,2026-03-09
2006-03-24,-0.005527998287375597,2026-03-09
2006-03-27,-0.00019115417480991957,2026-03-09
2006-03-28,-0.0054637239430535755,2026-03-09
2006-03-29,0.016396928589173847,2026-03-09
2006-03-30,-0.00606983358235158,2026-03-09
2006-03-31,0.0016159119592773343,2026-03-09
2006-04-03,-0.007722813532383914,2026-03-09
2006-04-04,0.006011729202852899,2026-03-09
2006-04-05,-0.00019028116981151773,2026-03-09
2006-04-06,0.006449784422100257,2026-03-09
2006-04-07,-0.014475014627089734,2026-03-09
2006-04-10,0.007168471182702527,2026-03-09
2006-04-11,-0.005251891372352715,2026-03-09
2006-04-12,-0.010490375938874997,2026-03-09
2006-04-13,-0.00621121245242787,2026-03-09
2006-04-17,0.0032074665569403744,2026-03-09
2006-04-18,0.0012606833377554192,2026-03-09
2006-04-19,0.027906992972960985,2026-03-09
2006-04-20,0.0007537567681369386,2026-03-09
2006-04-21,0.002633549115218842,2026-03-09
2006-04-24,-0.006407847015786386,2026-03-09
2006-04-25,0.0217877431785729,2026-03-09
2006-04-26,-0.023774960129660704,2026-03-09
2006-04-27,-0.04227550963303219,2026-03-09
2006-04-28,-0.0765737961865265,2026-03-09
2006-05-01,0.04983608922873381,2026-03-09
2006-05-02,0.016308057805499494,2026-03-09
2006-05-03,0.00944099567501494,2026-03-09
2006-05-04,0.019104244883112555,2026-03-09
2006-05-05,0.026430726970267097,2026-03-09
2006-05-08,0.012211321168586944,2026-03-09
2006-05-09,0.0004666225646734466,2026-03-09
2006-05-10,0.0024233420212329006,2026-03-09
2006-05-11,-0.02050287755453366,2026-03-09
2006-05-12,-0.019187062537811488,2026-03-09
2006-05-15,0.016903940574299586,2026-03-09
2006-05-16,-0.01438870059512188,2026-03-09
2006-05-17,-0.02445109495186285,2026-03-09
2006-05-18,-0.022833020729739053,2026-03-09
2006-05-19,-0.01726731776696051,2026-03-09
2006-05-22,-0.034175256141247105,2026-03-09
2006-05-23,-0.0034183974965092097,2026-03-09
2006-05-24,0.0148700977085503,2026-03-09
2006-05-25,0.024268311187371203,2026-03-09
2006-05-26,-0.013780497900489267,2026-03-09
2006-05-30,-0.03774038155790714,2026-03-09
2006-05-31,0.022285065283319003,2026-03-09
2006-06-01,0.008335629730474843,2026-03-09
2006-06-02,0.007015309229079675,2026-03-09
2006-06-05,-0.045467189760617234,2026-03-09
2006-06-06,-0.0024051955620011823,2026-03-09
2006-06-07,-0.008463877468287575,2026-03-09
2006-06-08,0.012396617137805722,2026-03-09
2006-06-09,-0.023273480226059816,2026-03-09
2006-06-12,-0.03416717232878079,2026-03-09
2006-06-13,-0.0009241474824892886,2026-03-09
2006-06-14,0.011720148178466777,2026-03-09
2006-06-15,0.05727272330848458,2026-03-09
2006-06-16,0.009875563629780036,2026-03-09
2006-06-19,-0.009336425224050584,2026-03-09
2006-06-20,-0.018828371785702444,2026-03-09
2006-06-21,0.03327874180280023,2026-03-09
2006-06-22,-0.011221014490603441,2026-03-09
2006-06-23,-0.0021517445203181763,2026-03-09
2006-06-26,0.012841255989912655,2026-03-09
2006-06-27,-0.019974877440630427,2026-03-09
2006-06-28,0.012182773530032406,2026-03-09
2006-06-29,0.016578502959983348,2026-03-09
2006-06-30,0.02744454390432035,2026-03-09
2006-07-03,0.011520738958694465,2026-03-09
2006-07-05,-0.021724381052539873,2026-03-09
2006-07-06,-0.030716606310874986,2026-03-09
2006-07-07,-0.07013043362749512,2026-03-09
2006-07-10,-0.04224580128735219,2026-03-09
2006-07-11,0.0061964026367200015,2026-03-09
2006-07-12,-0.00823052816119832,2026-03-09
2006-07-13,-0.003239211999362427,2026-03-09
2006-07-14,-0.025927975105563474,2026-03-09
2006-07-17,-0.02459396438448546,2026-03-09
2006-07-18,0.004917116805766135,2026-03-09
2006-07-19,0.0038912570686408677,2026-03-09
2006-07-20,-0.01387680348381418,2026-03-09
2006-07-21,0.005321159929785762,2026-03-09
2006-07-24,0.017659707214037722,2026-03-09
2006-07-25,0.02875691003019878,2026-03-09
2006-07-26,0.0010850353298540636,2026-03-09
2006-07-27,-0.039823363162883214,2026-03-09
2006-07-28,0.06175250072924887,2026-03-09
2006-07-31,-0.02845719531033487,2026-03-09
2006-08-01,-0.008403952527996724,2026-03-09
2006-08-02,0.049744976672083156,2026-03-09
2006-08-03,0.01547372900665607,2026-03-09
2006-08-04,-0.0060916744970657775,2026-03-09
2006-08-07,-0.0034645759621985033,2026-03-09
2006-08-08,0.008065453979659529,2026-03-09
2006-08-09,0.010275253595978246,2026-03-09
2006-08-10,0.03361751050485459,2026-03-09
2006-08-11,-0.00396163151771694,2026-03-09
2006-08-14,-0.05437974591476697,2026-03-09
2006-08-15,0.02153844010996172,2026-03-09
2006-08-16,0.02609238731728668,2026-03-09
2006-08-17,0.013452594243220565,2026-03-09
2006-08-18,0.020382289058740122,2026-03-09
2006-08-21,-0.02257532261471454,2026-03-09
2006-08-22,0.008307898198816882,2026-03-09
2006-08-23,-0.011055865737290727,2026-03-09
2006-08-24,0.0014298561403391931,2026-03-09
2006-08-25,-0.010274570850853478,2026-03-09
2006-08-28,0.014552121864966348,2026-03-09
2006-08-29,0.0018588598675894979,2026-03-09
2006-08-30,0.0029451315005475124,2026-03-09
2006-08-31,-0.006666313031726298,2026-03-09
2006-09-01,0.004485578977987333,2026-03-09
2006-09-05,0.012690622656706887,2026-03-09
2006-09-06,-0.019591430985217675,2026-03-09
2006-09-07,-0.017071618478045537,2026-03-09
2006-09-08,0.014099578857462141,2026-03-09
2006-09-11,0.021485046136256937,2026-03-09
2006-09-12,0.017434540971669098,2026-03-09
2006-09-13,-0.00499601702303491,2026-03-09
2006-09-14,0.020149422494941498,2026-03-09
2006-09-15,0.0014610667687956801,2026-03-09
2006-09-18,0.0001043228910778259,2026-03-09
2006-09-19,-0.0018787817865138217,2026-03-09
2006-09-20,0.030353694967107082,2026-03-09
2006-09-21,-0.01810143538850909,2026-03-09
2006-09-22,-0.008186100406877665,2026-03-09
2006-09-25,0.020494034159954513,2026-03-09
2006-09-26,0.010444721474000189,2026-03-09
2006-09-27,0.016011534590427565,2026-03-09
2006-09-28,-0.008774639932155116,2026-03-09
2006-09-29,0.019635692494943742,2026-03-09
2006-10-02,-0.018834774045322758,2026-03-09
2006-10-03,0.007775165580749704,2026-03-09
2006-10-04,0.0333950192909783,2026-03-09
2006-10-05,0.0010557835238828917,2026-03-09
2006-10-06,0.005262443900427466,2026-03-09
2006-10-09,0.014777206944178355,2026-03-09
2006-10-10,0.013634868121283273,2026-03-09
2006-10-11,0.0037033614601720186,2026-03-09
2006-10-12,0.008282777992621818,2026-03-09
2006-10-13,0.00821473676592466,2026-03-09
2006-10-16,0.003810548586764684,2026-03-09
2006-10-17,-0.007726963274554677,2026-03-09
2006-10-18,-0.0014611686241965249,2026-03-09
2006-10-19,0.006830921161435809,2026-03-09
2006-10-20,0.005431303866139624,2026-03-09
2006-10-23,0.003424670594646373,2026-03-09
2006-10-24,-0.012948942623024085,2026-03-09
2006-10-25,0.009072774019144024,2026-03-09
2006-10-26,0.042698911916934285,2026-03-09
2006-10-27,0.039370465277040495,2026-03-09
2006-10-30,-0.009026371377727304,2026-03-09
2006-10-31,0.002012930912923849,2026-03-09
2006-11-01,-0.015792269273925835,2026-03-09
2006-11-02,0.016127337551415988,2026-03-09
2006-11-03,-0.004028569094834187,2026-03-09
2006-11-06,-0.002610429510325492,2026-03-09
2006-11-07,0.005801037363814685,2026-03-09
2006-11-08,0.004182722406525265,2026-03-09
2006-11-09,-0.009140925411576102,2026-03-09
2006-11-10,0.05187442093440889,2026-03-09
2006-11-13,0.02042667593929554,2026-03-09
2006-11-14,0.012151585395214675,2026-03-09
2006-11-15,-0.01168151055155655,2026-03-09
2006-11-16,-0.02297858540575826,2026-03-09
2006-11-17,0.001041497246300251,2026-03-09
2006-11-20,-0.00441362546396339,2026-03-09
2006-11-21,0.01722252794349065,2026-03-09
2006-11-22,-0.0018989730465731988,2026-03-09
2006-11-24,-0.0023789311433602017,2026-03-09
2006-11-27,-0.04124879478745871,2026-03-09
2006-11-28,0.004045729602164101,2026-03-09
2006-11-29,-0.013939759986397392,2026-03-09
2006-11-30,-0.010161774379670972,2026-03-09
2006-12-01,0.004967804989120548,2026-03-09
2006-12-04,0.029462569919033375,2026-03-09
2006-12-05,-0.006545590618414866,2026-03-09
2006-12-06,-0.01247280210027022,2026-03-09
2006-12-07,-0.02125328930787746,2026-03-09
2006-12-08,-0.013505632582964952,2026-03-09
2006-12-11,0.015202312459146347,2026-03-09
2006-12-12,-0.008341228532710292,2026-03-09
2006-12-13,-0.0006839449734961742,2026-03-09
2006-12-14,-0.01603627988252848,2026-03-09
2006-12-15,-0.017269730407109895,2026-03-09
2006-12-18,-0.006921063012761421,2026-03-09
2006-12-19,0.03448014424773084,2026-03-09
2006-12-20,-0.009073256469245797,2026-03-09
2006-12-21,0.005194770552251393,2026-03-09
2006-12-22,-0.008673114539890262,2026-03-09
2006-12-26,0.011604943523693513,2026-03-09
2006-12-27,0.006608019179279009,2026-03-09
2006-12-28,-0.002826674750584153,2026-03-09
2006-12-29,-0.022291566109781752,2026-03-09
2007-01-03,0.011944872232924598,2026-03-09
2007-01-04,0.01667423593723136,2026-03-09
2007-01-05,-0.015115419552050929,2026-03-09
2007-01-08,0.022926633055183523,2026-03-09
2007-01-09,0.01602450323051259,2026-03-09
2007-01-10,-0.0031677340504558285,2026-03-09
2007-01-11,0.019267127534366203,2026-03-09
2007-01-12,0.0004912441933381065,2026-03-09
2007-01-16,-0.013266998491770876,2026-03-09
2007-01-17,0.027974996139917236,2026-03-09
2007-01-18,-0.04605538792499486,2026-03-09
2007-01-19,0.0288885960196223,2026-03-09
2007-01-22,-0.013050486205528183,2026-03-09
2007-01-23,-8.309712504588298e-05,2026-03-09
2007-01-24,0.028120019300516167,2026-03-09
2007-01-25,0.0015348000541337773,2026-03-09
2007-01-26,0.01641152195518177,2026-03-09
2007-01-29,-0.037868558166329135,2026-03-09
2007-01-30,0.004032743638867137,2026-03-09
2007-01-31,-0.0027141515894857976,2026-03-09
2007-02-01,0.008447148012925254,2026-03-09
2007-02-02,0.005456737786548348,2026-03-09
2007-02-05,-0.016460283266189302,2026-03-09
2007-02-06,0.03488917046444799,2026-03-09
2007-02-07,0.0001594526390451818,2026-03-09
2007-02-08,0.0046927916055642055,2026-03-09
2007-02-09,-0.009567915659106419,2026-03-09
2007-02-12,-0.012820203387234256,2026-03-09
2007-02-13,0.005099345403886066,2026-03-09
2007-02-14,0.01713006758764467,2026-03-09
2007-02-15,0.003169571647514219,2026-03-09
2007-02-16,0.0,2026-03-09
2007-02-20,0.009135299175651182,2026-03-09
2007-02-21,-0.013575578401310236,2026-03-09
2007-02-22,0.012006497239698306,2026-03-09
2007-02-23,0.004621841680185427,2026-03-09
2007-02-26,0.034188057647168535,2026-03-09
2007-02-27,-0.05671419044698448,2026-03-09
2007-02-28,0.0077239003122817245,2026-03-09
2007-03-01,-0.006525626572748385,2026-03-09
2007-03-02,-0.014637482374257386,2026-03-09
2007-03-05,-0.009197221870498054,2026-03-09
2007-03-06,0.023515315105368043,2026-03-09
2007-03-07,-0.01984258477125563,2026-03-09
2007-03-08,0.014637818265902883,2026-03-09
2007-03-09,-0.005554918522346081,2026-03-09
2007-03-12,0.02164188340320363,2026-03-09
2007-03-13,-0.027958722382576955,2026-03-09
2007-03-14,0.0073657384794993865,2026-03-09
2007-03-15,8.067451900461467e-05,2026-03-09
2007-03-16,-0.011679916497087783,2026-03-09
2007-03-19,0.01159924197808311,2026-03-09
2007-03-20,0.01916997403301824,2026-03-09
2007-03-21,0.0202058263708173,2026-03-09
2007-03-22,0.0001550395451907453,2026-03-09
2007-03-23,-0.0017068325375039948,2026-03-09
2007-03-26,0.0009313943270844546,2026-03-09
2007-03-27,-0.004977466203769581,2026-03-09
2007-03-28,-0.010029880238888077,2026-03-09
2007-03-29,0.003694531705547175,2026-03-09
2007-03-30,-0.008351762012922722,2026-03-09
2007-04-02,-0.0001582414182518026,2026-03-09
2007-04-03,0.004657965618560255,2026-03-09
2007-04-04,-0.007431440748567697,2026-03-09
2007-04-05,-0.015352963366660605,2026-03-09
2007-04-09,-0.00744099266286634,2026-03-09
2007-04-10,0.005424487163800611,2026-03-09
2007-04-11,0.0034659463282752027,2026-03-09
2007-04-12,-0.0685160274691497,2026-03-09
2007-04-13,-0.003366241864269599,2026-03-09
2007-04-16,0.02754383932591062,2026-03-09
2007-04-17,-0.020049950626972072,2026-03-09
2007-04-18,0.01338301862421142,2026-03-09
2007-04-19,0.0009309534186761753,2026-03-09
2007-04-20,-0.009349010313168142,2026-03-09
2007-04-23,-0.00814513565655346,2026-03-09
2007-04-24,0.003180173926833844,2026-03-09
2007-04-25,-0.003869148622380636,2026-03-09
2007-04-26,0.012158742096863233,2026-03-09
2007-04-27,-0.013710570073029626,2026-03-09
2007-04-30,-0.018636761911430544,2026-03-09
2007-05-01,0.013272939502485427,2026-03-09
2007-05-02,0.001993134155016459,2026-03-09
2007-05-03,0.0047502189036421226,2026-03-09
2007-05-04,0.005242126980561991,2026-03-09
2007-05-07,-0.008867492777497304,2026-03-09
2007-05-08,-0.11798840515394511,2026-03-09
2007-05-09,0.025458830847904106,2026-03-09
2007-05-10,-0.02234995946948525,2026-03-09
2007-05-11,0.006188988829897803,2026-03-09
2007-05-14,-0.011343432648030862,2026-03-09
2007-05-15,0.0045723008763047844,2026-03-09
2007-05-16,-0.02665521582931296,2026-03-09
2007-05-17,0.00725036273162453,2026-03-09
2007-05-18,0.027139583771482866,2026-03-09
2007-05-21,-0.002990128720900167,2026-03-09
2007-05-22,0.012670544504087033,2026-03-09
2007-05-23,-0.016735966380704584,2026-03-09
2007-05-24,-0.019292622107365518,2026-03-09
2007-05-25,0.01832219713206479,2026-03-09
2007-05-29,0.004842642814818042,2026-03-09
2007-05-30,-0.007954327738674388,2026-03-09
2007-05-31,0.011041305635885838,2026-03-09
2007-06-01,0.0013475735071419447,2026-03-09
2007-06-04,-0.010151345533200991,2026-03-09
2007-06-05,-0.008587961016500705,2026-03-09
2007-06-06,-0.015407725777163973,2026-03-09
2007-06-07,-0.02560620831426881,2026-03-09
2007-06-08,0.005803626580312998,2026-03-09
2007-06-11,0.003850359736995189,2026-03-09
2007-06-12,-0.01826860097958396,2026-03-09
2007-06-13,-0.009416906640862994,2026-03-09
2007-06-14,0.003321529791916096,2026-03-09
2007-06-15,-0.004986441080148887,2026-03-09
2007-06-18,0.0008327525164244111,2026-03-09
2007-06-19,0.01282074531691647,2026-03-09
2007-06-20,-0.01856032294245112,2026-03-09
2007-06-21,0.0008368470153873017,2026-03-09
2007-06-22,-0.0015697130113972889,2026-03-09
2007-06-25,0.00062816095147169,2026-03-09
2007-06-26,-0.016037426542573657,2026-03-09
2007-06-27,0.0045629905986619935,2026-03-09
2007-06-28,-0.00754561227824138,2026-03-09
2007-06-29,0.00796909738523888,2026-03-09
2007-07-02,0.0010576767657837149,2026-03-09
2007-07-03,-0.0004229364741677485,2026-03-09
2007-07-05,0.018235654108156384,2026-03-09
2007-07-06,0.0028001498679691684,2026-03-09
2007-07-09,0.0035148845811946356,2026-03-09
2007-07-10,0.0010314832473719007,2026-03-09
2007-07-11,0.0038072439470197474,2026-03-09
2007-07-12,-0.00897523397261655,2026-03-09
2007-07-13,-0.0051947376101326,2026-03-09
2007-07-16,-0.006689001485168603,2026-03-09
2007-07-17,-0.008953558108910622,2026-03-09
2007-07-18,0.0028527119259662793,2026-03-09
2007-07-19,-0.0030643367924660008,2026-03-09
2007-07-20,-0.03281102141660608,2026-03-09
2007-07-23,0.00043731797362667847,2026-03-09
2007-07-24,-0.035266954670867115,2026-03-09
2007-07-25,-0.00408490877157747,2026-03-09
2007-07-26,-0.027316914335720453,2026-03-09
2007-07-27,-0.14444096474213242,2026-03-09
2007-07-30,0.01580531552198828,2026-03-09
2007-07-31,-0.028850777737524612,2026-03-09
2007-08-01,-0.012525121725421333,2026-03-09
2007-08-02,-0.011422297174174569,2026-03-09
2007-08-03,-0.029284231705165253,2026-03-09
2007-08-06,-0.02630965914138219,2026-03-09
2007-08-07,-0.017329339927681688,2026-03-09
2007-08-08,-0.007563217155747532,2026-03-09
2007-08-09,-0.02117618063624029,2026-03-09
2007-08-10,0.08413814491106757,2026-03-09
2007-08-13,-0.003427619514546328,2026-03-09
2007-08-14,-0.0005723683801140001,2026-03-09
2007-08-15,0.009119488757345674,2026-03-09
2007-08-16,-0.02121642638798395,2026-03-09
2007-08-17,0.014812978635220034,2026-03-09
2007-08-20,0.00909479814492734,2026-03-09
2007-08-21,-0.009523192440898727,2026-03-09
2007-08-22,-0.006447486691380322,2026-03-09
2007-08-23,0.03945843916400798,2026-03-09
2007-08-24,0.049599173916615634,2026-03-09
2007-08-27,-0.03751279935503393,2026-03-09
2007-08-28,-0.046383475778493666,2026-03-09
2007-08-29,-0.022999483205024113,2026-03-09
2007-08-30,-0.0026373825923811534,2026-03-09
2007-08-31,0.015720819173071242,2026-03-09
2007-09-04,0.01831766456547036,2026-03-09
2007-09-05,-0.03184021705629558,2026-03-09
2007-09-06,0.03198200046942221,2026-03-09
2007-09-07,-0.012699000215409886,2026-03-09
2007-09-10,-0.0031641494237324244,2026-03-09
2007-09-11,0.019401486823526572,2026-03-09
2007-09-12,-0.010367195498391464,2026-03-09
2007-09-13,0.008528828109632165,2026-03-09
2007-09-14,-0.024936841753708777,2026-03-09
2007-09-17,-0.023938235430783474,2026-03-09
2007-09-18,0.051137172608297976,2026-03-09
2007-09-19,0.003805762725779994,2026-03-09
2007-09-20,0.006031327881734392,2026-03-09
2007-09-21,0.010986828541820827,2026-03-09
2007-09-24,-0.006243527241665724,2026-03-09
2007-09-25,0.008730077173359588,2026-03-09
2007-09-26,0.021294779694502382,2026-03-09
2007-09-27,0.06774953573369286,2026-03-09
2007-09-28,0.0013874198466876056,2026-03-09
2007-10-01,0.044495608824636455,2026-03-09
2007-10-02,0.0007230134355164461,2026-03-09
2007-10-03,-0.03743455301406229,2026-03-09
2007-10-04,-0.00025013822145804055,2026-03-09
2007-10-05,0.011690263466806836,2026-03-09
2007-10-08,0.002346410788790765,2026-03-09
2007-10-09,-0.001728387875396641,2026-03-09
2007-10-10,-0.005327426295943597,2026-03-09
2007-10-11,-0.011997168818339496,2026-03-09
2007-10-12,-0.0011321247110101188,2026-03-09
2007-10-15,0.09158445284071468,2026-03-09
2007-10-16,-0.034111451326050535,2026-03-09
2007-10-17,0.017668259674498445,2026-03-09
2007-10-18,0.010684111859501227,2026-03-09
2007-10-19,-0.021601571935775256,2026-03-09
2007-10-22,0.0156930055029827,2026-03-09
2007-10-23,0.0020893390683623574,2026-03-09
2007-10-24,-0.009553816295754212,2026-03-09
2007-10-25,-0.0055174093310398475,2026-03-09
2007-10-26,0.012517020204122436,2026-03-09
2007-10-29,0.010868399367940906,2026-03-09
2007-10-30,-0.004494966580839157,2026-03-09
2007-10-31,0.12737589977598765,2026-03-09
2007-11-01,0.010923523275527603,2026-03-09
2007-11-02,0.010506880547126814,2026-03-09
2007-11-05,-0.008597422815675602,2026-03-09
2007-11-06,0.061333098595468004,2026-03-09
2007-11-07,0.03397710732261108,2026-03-09
2007-11-08,-0.05748065315125546,2026-03-09
2007-11-09,-0.024861778705145287,2026-03-09
2007-11-12,0.03467429002065183,2026-03-09
2007-11-13,0.016708158070395267,2026-03-09
2007-11-14,0.004321329480342185,2026-03-09
2007-11-15,-0.006394589953860663,2026-03-09
2007-11-16,0.012096327082081157,2026-03-09
2007-11-19,-0.017867744223382394,2026-03-09
2007-11-20,-0.010779968011528078,2026-03-09
2007-11-21,-0.037327243320244195,2026-03-09
2007-11-23,0.06149103061743182,2026-03-09
2007-11-26,-0.05821087326465163,2026-03-09
2007-11-27,0.012034145441442951,2026-03-09
2007-11-28,0.003132610249928085,2026-03-09
2007-11-29,0.010210668175441348,2026-03-09
2007-11-30,-0.0245838146635293,2026-03-09
2007-12-03,-0.0011906027726388188,2026-03-09
2007-12-04,0.008501478745251187,2026-03-09
2007-12-05,0.016111265427844954,2026-03-09
2007-12-06,0.007334452878366903,2026-03-09
2007-12-07,-0.012092046211254719,2026-03-09
2007-12-10,0.004370007225829534,2026-03-09
2007-12-11,0.0055080741718111885,2026-03-09
2007-12-12,-0.01387627414266944,2026-03-09
2007-12-13,-0.022330719992502194,2026-03-09
2007-12-14,-0.04956986427059406,2026-03-09
2007-12-17,-0.045870243989496566,2026-03-09
2007-12-18,0.05047947820448962,2026-03-09
2007-12-19,-0.015589083775741574,2026-03-09
2007-12-20,-0.014434918316553826,2026-03-09
2007-12-21,0.0220491208178735,2026-03-09
2007-12-24,0.001368688791731626,2026-03-09
2007-12-26,0.008172726488479286,2026-03-09
2007-12-27,-0.03536716294461337,2026-03-09
2007-12-28,0.02635238042265425,2026-03-09
2007-12-31,0.0013679686778011366,2026-03-09
2008-01-02,-0.054230787726530574,2026-03-09
2008-01-03,-0.016002199190681746,2026-03-09
2008-01-04,-0.0537601646004074,2026-03-09
2008-01-07,0.008061672616788515,2026-03-09
2008-01-08,-0.04393132301549005,2026-03-09
2008-01-09,-0.02144981332872099,2026-03-09
2008-01-10,-0.04143670807515783,2026-03-09
2008-01-11,-0.0441890186458471,2026-03-09
2008-01-14,0.036142029865086855,2026-03-09
2008-01-15,-0.02155518897759117,2026-03-09
2008-01-16,-0.00027068963868672564,2026-03-09
2008-01-17,-0.053525908077518815,2026-03-09
2008-01-18,0.014884394301906018,2026-03-09
2008-01-22,-0.010751233382969636,2026-03-09
2008-01-23,-0.0035620319842830112,2026-03-09
2008-01-24,0.027314068766370405,2026-03-09
2008-01-25,-0.00892858233594501,2026-03-09
2008-01-28,0.006425500916951008,2026-03-09
2008-01-29,0.012453416206462143,2026-03-09
2008-01-30,-0.018318576666527753,2026-03-09
2008-01-31,0.021065074053960565,2026-03-09
2008-02-01,-0.006880406140355522,2026-03-09
2008-02-04,-0.05521088902612319,2026-03-09
2008-02-05,-0.025718275645826617,2026-03-09
2008-02-06,-0.0010486061286555592,2026-03-09
2008-02-07,0.025160432905499255,2026-03-09
2008-02-08,-0.018736234971856135,2026-03-09
2008-02-11,0.002528404930423712,2026-03-09
2008-02-12,0.00429857361253297,2026-03-09
2008-02-13,0.016429881988879562,2026-03-09
2008-02-14,-0.012444350123150661,2026-03-09
2008-02-15,-0.019337225100390664,2026-03-09
2008-02-19,0.008077815244453931,2026-03-09
2008-02-20,0.039724894780994315,2026-03-09
2008-02-21,-0.03082540798358236,2026-03-09
2008-02-22,-0.006815851685625966,2026-03-09
2008-02-25,0.02321926449569514,2026-03-09
2008-02-26,0.023685879627428744,2026-03-09
2008-02-27,-0.0056907200039323785,2026-03-09
2008-02-28,-0.03262812580123114,2026-03-09
2008-02-29,-0.019649332805514126,2026-03-09
2008-03-03,-0.011490863636485677,2026-03-09
2008-03-04,0.014942542621689398,2026-03-09
2008-03-05,0.010432239832116842,2026-03-09
2008-03-06,-0.028573381665131323,2026-03-09
2008-03-07,0.005780379267185214,2026-03-09
2008-03-10,0.004841901577291023,2026-03-09
2008-03-11,0.03266805621679638,2026-03-09
2008-03-12,-0.002633068978587681,2026-03-09
2008-03-13,0.02359516439104109,2026-03-09
2008-03-14,-0.01702530717846678,2026-03-09
2008-03-17,0.013298837901531675,2026-03-09
2008-03-18,0.04231422441988843,2026-03-09
2008-03-19,-0.017635651973257407,2026-03-09
2008-03-20,0.03577703476941243,2026-03-09
2008-03-24,0.019807960607000206,2026-03-09
2008-03-25,-0.009721090463459765,2026-03-09
2008-03-26,-0.005097959368160274,2026-03-09
2008-03-27,-0.03671144075265447,2026-03-09
2008-03-28,0.025893225183299028,2026-03-09
2008-03-31,0.005964521981794058,2026-03-09
2008-04-01,0.03623245000265448,2026-03-09
2008-04-02,-0.011668404765481703,2026-03-09
2008-04-03,0.02795834859476983,2026-03-09
2008-04-04,0.029815312857878137,2026-03-09
2008-04-07,-0.02469890841540037,2026-03-09
2008-04-08,0.019207054229262607,2026-03-09
2008-04-09,-0.04413889424601706,2026-03-09
2008-04-10,0.019943656071150066,2026-03-09
2008-04-11,-0.041629027205864276,2026-03-09
2008-04-14,0.013014798575153029,2026-03-09
2008-04-15,0.023858779432223885,2026-03-09
2008-04-16,0.044350960517029935,2026-03-09
2008-04-17,-0.003827890870957074,2026-03-09
2008-04-18,0.04132163606794867,2026-03-09
2008-04-21,0.024275573379410595,2026-03-09
2008-04-22,-0.01741401042371729,2026-03-09
2008-04-23,0.03007830724490164,2026-03-09
2008-04-24,-0.0019467739576133707,2026-03-09
2008-04-25,0.007081728493611229,2026-03-09
2008-04-28,0.02161753130903577,2026-03-09
2008-04-29,-0.0006684752547828311,2026-03-09
2008-04-30,-0.011095656073424812,2026-03-09
2008-05-01,0.01698548776059608,2026-03-09
2008-05-02,-0.20652337790968842,2026-03-09
2008-05-05,0.03375167764921325,2026-03-09
2008-05-06,0.027409648361369846,2026-03-09
2008-05-07,-0.0029515277676448346,2026-03-09
2008-05-08,0.0064053144867391495,2026-03-09
2008-05-09,-0.014664508306705227,2026-03-09
2008-05-12,0.015047560900820135,2026-03-09
2008-05-13,-0.018552458406489378,2026-03-09
2008-05-14,-0.005345848675104842,2026-03-09
2008-05-15,0.022620975334706247,2026-03-09
2008-05-16,0.0008942791527730036,2026-03-09
2008-05-19,-0.010784497053705993,2026-03-09
2008-05-20,0.01981018599632491,2026-03-09
2008-05-21,-0.007621980870409116,2026-03-09
2008-05-22,0.018446500204363177,2026-03-09
2008-05-23,-0.00791806121655728,2026-03-09
2008-05-27,0.01564977129340898,2026-03-09
2008-05-28,-0.007356184772704698,2026-03-09
2008-05-29,0.013795043620668926,2026-03-09
2008-05-30,-0.01755635817832489,2026-03-09
2008-06-02,-0.023512545692305827,2026-03-09
2008-06-03,-0.019085270492218243,2026-03-09
2008-06-04,-0.0022308516788836015,2026-03-09
2008-06-05,0.03180614796218619,2026-03-09
2008-06-06,-0.02512852996579021,2026-03-09
2008-06-09,-0.012606889809311366,2026-03-09
2008-06-10,-0.004503308286798577,2026-03-09
2008-06-11,-0.020926335578656807,2026-03-09
2008-06-12,0.005946787249932794,2026-03-09
2008-06-13,0.010989092081446711,2026-03-09
2008-06-16,-0.0017341446126790051,2026-03-09
2008-06-17,0.0013342535714597125,2026-03-09
2008-06-18,0.0005332160710622111,2026-03-09
2008-06-19,-0.0003999012884391751,2026-03-09
2008-06-20,-0.02716196104247923,2026-03-09
2008-06-23,-0.04139293317117273,2026-03-09
2008-06-24,-0.01510494321813282,2026-03-09
2008-06-25,0.02490821368876246,2026-03-09
2008-06-26,-0.014525997169189227,2026-03-09
2008-06-27,-0.020434052000394137,2026-03-09
2008-06-30,-0.053376069555241615,2026-03-09
2008-07-01,-0.01744864179565777,2026-03-09
2008-07-02,-0.020802662692712647,2026-03-09
2008-07-03,0.017496888950480707,2026-03-09
2008-07-07,0.002991429972730405,2026-03-09
2008-07-08,0.02576180476336489,2026-03-09
2008-07-09,-0.01202235036405274,2026-03-09
2008-07-10,0.005412573951768819,2026-03-09
2008-07-11,0.004309005944767659,2026-03-09
2008-07-14,-0.02519184370162287,2026-03-09
2008-07-15,0.002202288013287987,2026-03-09
2008-07-16,0.025596676507343333,2026-03-09
2008-07-17,-0.01761477028566576,2026-03-09
2008-07-18,-0.01761328582663448,2026-03-09
2008-07-21,-0.003974267318816585,2026-03-09
2008-07-22,-0.01751466463186247,2026-03-09
2008-07-23,0.04748474148929015,2026-03-09
2008-07-24,-0.029014808187707915,2026-03-09
2008-07-25,-0.015071611704820497,2026-03-09
2008-07-28,-0.04493650457614979,2026-03-09
2008-07-29,0.015592558712049504,2026-03-09
2008-07-30,-0.006174434113801927,2026-03-09
2008-07-31,0.011649353062896436,2026-03-09
2008-08-01,0.001983485533762242,2026-03-09
2008-08-04,-0.007292068709244606,2026-03-09
2008-08-05,-0.023391884627461473,2026-03-09
2008-08-06,0.05418366006478662,2026-03-09
2008-08-07,-0.0027456565207212773,2026-03-09
2008-08-08,0.011897227372240044,2026-03-09
2008-08-11,0.04301235289736609,2026-03-09
2008-08-12,0.004124969601745329,2026-03-09
2008-08-13,-0.00872835505072193,2026-03-09
2008-08-14,-0.00601622104761454,2026-03-09
2008-08-15,0.02006654528351486,2026-03-09
2008-08-18,-0.009293869132377213,2026-03-09
2008-08-19,-0.00922656746619804,2026-03-09
2008-08-20,-0.010248534445987756,2026-03-09
2008-08-21,0.0015595374553395542,2026-03-09
2008-08-22,0.0401672716168002,2026-03-09
2008-08-25,-0.028239294631695045,2026-03-09
2008-08-26,-0.012863437320329773,2026-03-09
2008-08-27,0.015784951422661425,2026-03-09
2008-08-28,-0.002305721766300283,2026-03-09
2008-08-29,-0.01269960623310759,2026-03-09
2008-09-02,0.0004675121846737968,2026-03-09
2008-09-03,0.008068320633320044,2026-03-09
2008-09-04,-0.009471439012050364,2026-03-09
2008-09-05,0.002337413339727929,2026-03-09
2008-09-08,0.012374469089587517,2026-03-09
2008-09-09,-0.021756933507301512,2026-03-09
2008-09-10,0.01280071442046194,2026-03-09
2008-09-11,0.008802490514380886,2026-03-09
2008-09-12,-0.006323822445120466,2026-03-09
2008-09-15,-0.0314342731691217,2026-03-09
2008-09-16,-0.035758691378095356,2026-03-09
2008-09-17,-0.05266169466661809,2026-03-09
2008-09-18,-0.023472338614611513,2026-03-09
2008-09-19,0.05133795004259315,2026-03-09
2008-09-22,0.01029455908925479,2026-03-09
2008-09-23,-0.0013440689412382255,2026-03-09
2008-09-24,-0.010478344518568581,2026-03-09
2008-09-25,0.00033970698695882066,2026-03-09
2008-09-26,0.053083486829626124,2026-03-09
2008-09-29,-0.04631298671057967,2026-03-09
2008-09-30,0.004208422216446786,2026-03-09
2008-10-01,-0.04571247293210944,2026-03-09
2008-10-02,-0.0484560482741334,2026-03-09
2008-10-03,-0.021831280185615122,2026-03-09
2008-10-06,-0.06628817791536257,2026-03-09
2008-10-07,-0.05489622275212663,2026-03-09
2008-10-08,-0.03709350541878592,2026-03-09
2008-10-09,-0.07667823292547706,2026-03-09
2008-10-10,-0.02806866541536405,2026-03-09
2008-10-13,0.11770130365883427,2026-03-09
2008-10-14,-0.031017184130131794,2026-03-09
2008-10-15,-0.09977556884865191,2026-03-09
2008-10-16,0.005455087380073601,2026-03-09
2008-10-17,0.02225304588112355,2026-03-09
2008-10-20,0.019162243827007017,2026-03-09
2008-10-21,-0.02182604392527764,2026-03-09
2008-10-22,-0.02728448959316631,2026-03-09
2008-10-23,0.01164386538339776,2026-03-09
2008-10-24,-0.0007391358040561562,2026-03-09
2008-10-27,-0.04796478445590208,2026-03-09
2008-10-28,0.08688202742205853,2026-03-09
2008-10-29,-0.005944636704064608,2026-03-09
2008-10-30,0.03790818470617379,2026-03-09
2008-10-31,-0.10090559351765813,2026-03-09
2008-11-03,-0.007905214592559096,2026-03-09
2008-11-04,0.035709090543700396,2026-03-09
2008-11-05,-0.06585688808845395,2026-03-09
2008-11-06,-0.014885972593337364,2026-03-09
2008-11-07,0.00534188801020639,2026-03-09
2008-11-10,-0.0042712378640705805,2026-03-09
2008-11-11,-0.01672544991888385,2026-03-09
2008-11-12,-0.04364836314723433,2026-03-09
2008-11-13,0.05366331760362961,2026-03-09
2008-11-14,-0.044610903856470006,2026-03-09
2008-11-17,0.0005630222602926356,2026-03-09
2008-11-18,-0.018750545111719374,2026-03-09
2008-11-19,-0.06578196955327392,2026-03-09
2008-11-20,-0.02386604529785172,2026-03-09
2008-11-21,0.051951821022920036,2026-03-09
2008-11-24,0.037696193828205576,2026-03-09
2008-11-25,-0.009219329274134465,2026-03-09
2008-11-26,0.04277667483342625,2026-03-09
2008-11-28,-0.010593873335709672,2026-03-09
2008-12-01,-0.09890406115776251,2026-03-09
2008-12-02,0.03466441397634464,2026-03-09
2008-12-03,0.021582494983648212,2026-03-09
2008-12-04,-0.03421425879746916,2026-03-09
2008-12-05,0.04642372909352409,2026-03-09
2008-12-08,0.018322908585370862,2026-03-09
2008-12-09,-0.015725861115031402,2026-03-09
2008-12-10,-0.020085089448892972,2026-03-09
2008-12-11,-0.026517265289969113,2026-03-09
2008-12-12,0.0021112869969360398,2026-03-09
2008-12-15,0.006307246828933232,2026-03-09
2008-12-16,0.05192183303662923,2026-03-09
2008-12-17,0.013832267452176467,2026-03-09
2008-12-18,-0.005059001128618848,2026-03-09
2008-12-19,0.012599935837671746,2026-03-09
2008-12-22,-0.04845635096747466,2026-03-09
2008-12-23,0.009591700383922982,2026-03-09
2008-12-24,0.0077798837783416815,2026-03-09
2008-12-26,0.004867571586640793,2026-03-09
2008-12-29,0.003990933837256355,2026-03-09
2008-12-30,0.026114058194564162,2026-03-09
2008-12-31,0.028686577817573,2026-03-09
2009-01-02,0.004031685750377983,2026-03-09
2009-01-05,-0.0010735236011665283,2026-03-09
2009-01-06,0.022568338233758197,2026-03-09
2009-01-07,0.010186854188500806,2026-03-09
2009-01-08,0.010084127769909438,2026-03-09
2009-01-09,-0.023689791708253242,2026-03-09
2009-01-12,-0.01219204177028754,2026-03-09
2009-01-13,0.0005332160710622111,2026-03-09
2009-01-14,-0.013956223515712253,2026-03-09
2009-01-15,0.03661858045372899,2026-03-09
2009-01-16,-0.016551005027514974,2026-03-09
2009-01-20,-0.0366915061063688,2026-03-09
2009-01-21,0.07157266445991757,2026-03-09
2009-01-22,-0.041792409230702675,2026-03-09
2009-01-23,0.006381284400969369,2026-03-09
2009-01-26,0.014733230011193693,2026-03-09
2009-01-27,0.022977643642103994,2026-03-09
2009-01-28,0.020463032848027453,2026-03-09
2009-01-29,-0.0032561108860389635,2026-03-09
2009-01-30,-0.029533759632591878,2026-03-09
2009-02-02,0.03303988364949717,2026-03-09
2009-02-03,0.004489936603117805,2026-03-09
2009-02-04,-0.0170687067381512,2026-03-09
2009-02-05,0.02697467203977024,2026-03-09
2009-02-06,0.02650604547389084,2026-03-09
2009-02-09,0.004549284541126021,2026-03-09
2009-02-10,-0.04470156734790621,2026-03-09
2009-02-11,-0.0012498129902391618,2026-03-09
2009-02-12,0.004990085021509481,2026-03-09
2009-02-13,0.009166347511105141,2026-03-09
2009-02-17,-0.043342621009648204,2026-03-09
2009-02-18,0.041861860066099085,2026-03-09
2009-02-19,-0.023995082605778057,2026-03-09
2009-02-20,-0.0002530464132290988,2026-03-09
2009-02-23,-0.03528107553632728,2026-03-09
2009-02-24,0.013021004771617925,2026-03-09
2009-02-25,-0.03260874596588703,2026-03-09
2009-02-26,-0.018616484482213373,2026-03-09
2009-02-27,-0.005187674395543208,2026-03-09
2009-03-02,-0.038224790618167095,2026-03-09
2009-03-03,-0.02914650719270035,2026-03-09
2009-03-04,0.009906817815438338,2026-03-09
2009-03-05,-0.027334526976332093,2026-03-09
2009-03-06,0.007125970661743534,2026-03-09
2009-03-09,-0.03522872223477291,2026-03-09
2009-03-10,0.052533678718201735,2026-03-09
2009-03-11,-0.008761730180011487,2026-03-09
2009-03-12,-0.03279956989408441,2026-03-09
2009-03-13,0.014444987704713474,2026-03-09
2009-03-16,-0.017176834284777034,2026-03-09
2009-03-17,0.018669628868362556,2026-03-09
2009-03-18,0.023003098589771034,2026-03-09
2009-03-19,-0.018538109871564585,2026-03-09
2009-03-20,0.027246429325744555,2026-03-09
2009-03-23,0.051538887041300226,2026-03-09
2009-03-24,-0.01242933782477541,2026-03-09
2009-03-25,0.02171906545721982,2026-03-09
2009-03-26,0.026832815832056083,2026-03-09
2009-03-27,-0.10075254874823338,2026-03-09
2009-03-30,-0.021608049396251928,2026-03-09
2009-03-31,0.022778651981311376,2026-03-09
2009-04-01,0.055190344499947364,2026-03-09
2009-04-02,0.036417085274838036,2026-03-09
2009-04-03,0.017460757159016477,2026-03-09
2009-04-06,0.0010484794057699705,2026-03-09
2009-04-07,-0.021181603335995176,2026-03-09
2009-04-08,0.009587294046726251,2026-03-09
2009-04-09,0.024608597772274636,2026-03-09
2009-04-13,0.010290793411335325,2026-03-09
2009-04-14,-0.010290793411335264,2026-03-09
2009-04-15,0.00515863420088637,2026-03-09
2009-04-16,0.021128428444845745,2026-03-09
2009-04-17,0.007278246083318318,2026-03-09
2009-04-20,-0.02686430826735107,2026-03-09
2009-04-21,0.009968142674820116,2026-03-09
2009-04-22,-0.009197820115366571,2026-03-09
2009-04-23,0.009452153476716811,2026-03-09
2009-04-24,0.0020319785832168796,2026-03-09
2009-04-27,-0.014568927706393602,2026-03-09
2009-04-28,0.01126481705946701,2026-03-09
2009-04-29,0.008870945434125779,2026-03-09
2009-04-30,-0.01833512679252838,2026-03-09
2009-05-01,-0.0018006357010643395,2026-03-09
2009-05-04,0.05216828331917936,2026-03-09
2009-05-05,0.016721525957281585,2026-03-09
2009-05-06,-0.01574444067647065,2026-03-09
2009-05-07,0.008266499447949474,2026-03-09
2009-05-08,0.058999583727258054,2026-03-09
2009-05-11,0.0013686229042189882,2026-03-09
2009-05-12,0.008172525660778815,2026-03-09
2009-05-13,0.012358387832334793,2026-03-09
2009-05-14,-0.005149511009889447,2026-03-09
2009-05-15,0.031159358519392277,2026-03-09
2009-05-18,0.004125416042916962,2026-03-09
2009-05-19,-0.0010839323891503395,2026-03-09
2009-05-20,0.01635142643700921,2026-03-09
2009-05-21,-0.03187258136930587,2026-03-09
2009-05-22,-0.0017640350443847528,2026-03-09
2009-05-26,0.023124927514167053,2026-03-09
2009-05-27,0.00494779188541949,2026-03-09
2009-05-28,0.00257181543551871,2026-03-09
2009-05-29,0.001710842420883099,2026-03-09
2009-06-01,0.009992728595433178,2026-03-09
2009-06-02,0.004432705432647755,2026-03-09
2009-06-03,0.010684011084178128,2026-03-09
2009-06-04,0.010983521464871271,2026-03-09
2009-06-05,0.008210218546724999,2026-03-09
2009-06-08,-0.0016367380539331958,2026-03-09
2009-06-09,0.002045455613281695,2026-03-09
2009-06-10,0.007328977301869139,2026-03-09
2009-06-11,-0.001420881129065187,2026-03-09
2009-06-12,-0.008772828789717664,2026-03-09
2009-06-15,-0.02237977345423796,2026-03-09
2009-06-16,-0.01818615745434961,2026-03-09
2009-06-17,0.0029831557266506797,2026-03-09
2009-06-18,0.06686300478960634,2026-03-09
2009-06-19,0.036538165845480655,2026-03-09
2009-06-22,-0.041525726335112964,2026-03-09
2009-06-23,-0.0165359236518042,2026-03-09
2009-06-24,0.00789868562179597,2026-03-09
2009-06-25,0.002619123489484486,2026-03-09
2009-06-26,0.02189144867832052,2026-03-09
2009-06-29,-0.011283928889642735,2026-03-09
2009-06-30,-0.00019908960954243807,2026-03-09
2009-07-01,0.014235121525561563,2026-03-09
2009-07-02,-0.0321160095607336,2026-03-09
2009-07-06,0.04982249060818215,2026-03-09
2009-07-07,-0.017902795476389188,2026-03-09
2009-07-08,0.005677995059726113,2026-03-09
2009-07-09,-0.003716396002999956,2026-03-09
2009-07-10,0.0005876741338199582,2026-03-09
2009-07-13,0.035779903292400744,2026-03-09
2009-07-14,-0.00264899669928587,2026-03-09
2009-07-15,0.005291084617911589,2026-03-09
2009-07-16,0.013106290167939811,2026-03-09
2009-07-17,0.003528005435851921,2026-03-09
2009-07-20,0.010142978503232047,2026-03-09
2009-07-21,0.018182388447055203,2026-03-09
2009-07-22,0.010752781208979089,2026-03-09
2009-07-23,0.03589005247681164,2026-03-09
2009-07-24,0.014511571264869759,2026-03-09
2009-07-27,-0.01537180606044134,2026-03-09
2009-07-28,0.00788620652397029,2026-03-09
2009-07-29,-0.0005123892048074154,2026-03-09
2009-07-30,0.001365869573703968,2026-03-09
2009-07-31,0.0386561883772076,2026-03-09
2009-08-03,0.015150560307684085,2026-03-09
2009-08-04,0.03791394679759884,2026-03-09
2009-08-05,-0.0012460900685892298,2026-03-09
2009-08-06,-0.0075093999875567,2026-03-09
2009-08-07,-0.003933620906500789,2026-03-09
2009-08-10,0.002676565916947092,2026-03-09
2009-08-11,0.0004715527165213582,2026-03-09
2009-08-12,-0.0014154008053812242,2026-03-09
2009-08-13,-0.008534886583139736,2026-03-09
2009-08-14,-0.0206887637157667,2026-03-09
2009-08-17,-0.01058901439084877,2026-03-09
2009-08-18,0.004412124283726825,2026-03-09
2009-08-19,0.021932850960882534,2026-03-09
2009-08-20,-0.004636715109301276,2026-03-09
2009-08-21,-0.006592176058335284,2026-03-09
2009-08-24,0.013618738002122217,2026-03-09
2009-08-25,-0.010719231130957987,2026-03-09
2009-08-26,0.012785842087894819,2026-03-09
2009-08-27,-0.00829219334994422,2026-03-09
2009-08-28,-0.010786535078197134,2026-03-09
2009-08-31,-0.0004856767718593065,2026-03-09
2009-09-01,0.013831028341344117,2026-03-09
2009-09-02,0.006209721929240224,2026-03-09
2009-09-03,0.008062590719589842,2026-03-09
2009-09-04,0.0256484047338335,2026-03-09
2009-09-08,0.01083733431676697,2026-03-09
2009-09-09,-0.0051750374606014775,2026-03-09
2009-09-10,-0.008120779080859071,2026-03-09
2009-09-11,0.023866765458578354,2026-03-09
2009-09-14,0.015649774336547732,2026-03-09
2009-09-15,-0.0010357283428948276,2026-03-09
2009-09-16,0.003694144543665262,2026-03-09
2009-09-17,-0.005620500808724156,2026-03-09
2009-09-18,-0.0028221412255345735,2026-03-09
2009-09-21,0.06492885846946403,2026-03-09
2009-09-22,0.013980476833788249,2026-03-09
2009-09-23,-0.017331456122462955,2026-03-09
2009-09-24,0.005300627004582844,2026-03-09
2009-09-25,-0.00782130132667244,2026-03-09
2009-09-28,0.003918263939467066,2026-03-09
2009-09-29,0.004737353266117681,2026-03-09
2009-09-30,-0.005575699285203162,2026-03-09
2009-10-01,-0.014218559202300097,2026-03-09
2009-10-02,-0.01370473930135876,2026-03-09
2009-10-05,0.021753947454894687,2026-03-09
2009-10-06,0.0546000151554326,2026-03-09
2009-10-07,-0.036204852183377684,2026-03-09
2009-10-08,-0.02064808857265786,2026-03-09
2009-10-09,0.014970597939532973,2026-03-09
2009-10-12,-0.013561916355117104,2026-03-09
2009-10-13,-0.008623771399570032,2026-03-09
2009-10-14,0.011715809834756242,2026-03-09
2009-10-15,0.043389561122307276,2026-03-09
2009-10-16,-0.009450548832194679,2026-03-09
2009-10-19,0.015746187080262677,2026-03-09
2009-10-20,-0.000667820446538979,2026-03-09
2009-10-21,-0.0388253248758889,2026-03-09
2009-10-22,0.02211783982083543,2026-03-09
2009-10-23,0.028133139244564388,2026-03-09
2009-10-26,0.0025067699529041174,2026-03-09
2009-10-27,-0.0060798498751492664,2026-03-09
2009-10-28,-0.020492293310439412,2026-03-09
2009-10-29,-0.0062440822745156764,2026-03-09
2009-10-30,0.17253806066357327,2026-03-09
2009-11-02,-0.008284537506642518,2026-03-09
2009-11-03,-0.009636132676459169,2026-03-09
2009-11-04,0.007554284915707489,2026-03-09
2009-11-05,0.004735829232025372,2026-03-09
2009-11-06,-0.006010194144605303,2026-03-09
2009-11-09,0.05415258594540036,2026-03-09
2009-11-10,-0.030665235411898008,2026-03-09
2009-11-11,0.028246288293675263,2026-03-09
2009-11-12,-0.01665035929159675,2026-03-09
2009-11-13,0.006248598386052057,2026-03-09
2009-11-16,0.01665694311262327,2026-03-09
2009-11-17,-0.004935040722570345,2026-03-09
2009-11-18,0.009301379155642034,2026-03-09
2009-11-19,-0.02861597555964097,2026-03-09
2009-11-20,0.0026863870874344023,2026-03-09
2009-11-23,0.021234976114242216,2026-03-09
2009-11-24,-0.010782322027368254,2026-03-09
2009-11-25,-0.004545755066126149,2026-03-09
2009-11-27,-0.02122592754048287,2026-03-09
2009-11-30,-0.006034110522526129,2026-03-09
2009-12-01,0.021800133920453747,2026-03-09
2009-12-02,-0.0012297703604702145,2026-03-09
2009-12-03,-0.011589404977492198,2026-03-09
2009-12-04,0.016165495700553457,2026-03-09
2009-12-07,-0.007601181540431171,2026-03-09
2009-12-08,-0.012419676208188218,2026-03-09
2009-12-09,-0.018576351037184306,2026-03-09
2009-12-10,0.006230538095713932,2026-03-09
2009-12-11,0.0016090037514635885,2026-03-09
2009-12-14,0.012779671018699678,2026-03-09
2009-12-15,-0.0019292118053125479,2026-03-09
2009-12-16,-0.020427660695534637,2026-03-09
2009-12-17,-0.04070121228222312,2026-03-09
2009-12-18,0.06294476195432466,2026-03-09
2009-12-21,0.006442538037143056,2026-03-09
2009-12-22,0.006289301288691295,2026-03-09
2009-12-23,0.04755248240127447,2026-03-09
2009-12-24,0.017881302408417284,2026-03-09
2009-12-28,-0.007896004231274395,2026-03-09
2009-12-29,0.0027443569728349063,2026-03-09
2009-12-30,-0.01219599649919051,2026-03-09
2009-12-31,0.003195985076560352,2026-03-09
2010-01-04,0.022505917997214065,2026-03-09
2010-01-05,0.01732004289237861,2026-03-09
2010-01-06,-0.015449948939794041,2026-03-09
2010-01-07,-0.04078309614075301,2026-03-09
2010-01-08,0.026776404753468208,2026-03-09
2010-01-11,-0.04554809404485892,2026-03-09
2010-01-12,0.09253209462351727,2026-03-09
2010-01-13,-0.01497546604738419,2026-03-09
2010-01-14,0.009941203267647625,2026-03-09
2010-01-15,0.044614190556024565,2026-03-09
2010-01-19,0.0144714797049477,2026-03-09
2010-01-20,-0.025634995877384537,2026-03-09
2010-01-21,-0.029622329169422604,2026-03-09
2010-01-22,-0.024840886619711407,2026-03-09
2010-01-25,-0.01579258040305336,2026-03-09
2010-01-26,0.019291188960498393,2026-03-09
2010-01-27,-0.005355873111658872,2026-03-09
2010-01-28,-0.013830555980780987,2026-03-09
2010-01-29,-0.01881468149745462,2026-03-09
2010-02-01,0.006911669176172395,2026-03-09
2010-02-02,0.0030682274295687384,2026-03-09
2010-02-03,0.02070120583029728,2026-03-09
2010-02-04,-0.20116517662669406,2026-03-09
2010-02-05,0.0012645713485244163,2026-03-09
2010-02-08,0.026561857201246732,2026-03-09
2010-02-09,0.014174140232124616,2026-03-09
2010-02-10,0.019345782860427752,2026-03-09
2010-02-11,0.0060509876780105365,2026-03-09
2010-02-12,0.003070637725145427,2026-03-09
2010-02-16,0.015678428008949814,2026-03-09
2010-02-17,-0.00162657621478892,2026-03-09
2010-02-18,-0.011225640668597962,2026-03-09
2010-02-19,0.007264270464051081,2026-03-09
2010-02-22,0.008138598136188752,2026-03-09
2010-02-23,-0.002782842005864452,2026-03-09
2010-02-24,0.012347903152938112,2026-03-09
2010-02-25,0.0005733090206729032,2026-03-09
2010-02-26,0.0156946795770815,2026-03-09
2010-03-01,0.022868966284808737,2026-03-09
2010-03-02,-0.026373195941890432,2026-03-09
2010-03-03,0.007445880785335546,2026-03-09
2010-03-04,0.003478279636089904,2026-03-09
2010-03-05,0.022701812585238543,2026-03-09
2010-03-08,-0.053872594220445366,2026-03-09
2010-03-09,-0.013377821318173184,2026-03-09
2010-03-10,0.012915423739400935,2026-03-09
2010-03-11,0.002194129199916296,2026-03-09
2010-03-12,0.009071713341837357,2026-03-09
2010-03-15,-0.004697844949385453,2026-03-09
2010-03-16,-0.006914798282321831,2026-03-09
2010-03-17,-0.0074289520836996695,2026-03-09
2010-03-18,-0.009482111182917847,2026-03-09
2010-03-19,0.04877898443841144,2026-03-09
2010-03-22,-0.001681747527314909,2026-03-09
2010-03-23,0.0031368924506650197,2026-03-09
2010-03-24,-0.021367516487685978,2026-03-09
2010-03-25,-0.013923507404583464,2026-03-09
2010-03-26,-0.015178354859890462,2026-03-09
2010-03-29,0.005982029743089358,2026-03-09
2010-03-30,0.0005845694463637004,2026-03-09
2010-03-31,-0.005743412279325587,2026-03-09
2010-04-01,0.00469098574372227,2026-03-09
2010-04-05,0.003970158906300289,2026-03-09
2010-04-06,0.0013974712191893053,2026-03-09
2010-04-07,0.0039488370159457215,2026-03-09
2010-04-08,-0.003250888524522446,2026-03-09
2010-04-09,-0.0061826328953608015,2026-03-09
2010-04-12,-0.012243988420496888,2026-03-09
2010-04-13,0.005198460521410502,2026-03-09
2010-04-14,0.003998640596767313,2026-03-09
2010-04-15,-0.005413745065975323,2026-03-09
2010-04-16,-0.005324520254806032,2026-03-09
2010-04-19,-0.0040417841909369725,2026-03-09
2010-04-20,0.03234772478514822,2026-03-09
2010-04-21,0.00529107306188726,2026-03-09
2010-04-22,0.0036642190018411577,2026-03-09
2010-04-23,0.003309215453137838,2026-03-09
2010-04-26,0.006698863089364125,2026-03-09
2010-04-27,-0.004991464889810717,2026-03-09
2010-04-28,0.008493319636176588,2026-03-09
2010-04-29,0.014886432003232725,2026-03-09
2010-04-30,-0.16132376336620272,2026-03-09
2010-05-03,-0.006680179565655714,2026-03-09
2010-05-04,-0.019910412462487613,2026-03-09
2010-05-05,-0.02910981182746863,2026-03-09
2010-05-06,-0.03597409786019888,2026-03-09
2010-05-07,-0.015282873664315792,2026-03-09
2010-05-10,0.03539689447828533,2026-03-09
2010-05-11,0.021365935771110053,2026-03-09
2010-05-12,0.04495893597838314,2026-03-09
2010-05-13,0.018334857344315756,2026-03-09
2010-05-14,-0.006722720196983586,2026-03-09
2010-05-17,0.0037547536053161887,2026-03-09
2010-05-18,-0.0038844711253399715,2026-03-09
2010-05-19,0.0007781146551161223,2026-03-09
2010-05-20,-0.03240967196670747,2026-03-09
2010-05-21,0.02277036870694302,2026-03-09
2010-05-24,-0.005249350958782499,2026-03-09
2010-05-25,0.0018404026749178893,2026-03-09
2010-05-26,-0.015619117418724269,2026-03-09
2010-05-27,0.0432097928555052,2026-03-09
2010-05-28,-0.015580085957822579,2026-03-09
2010-06-01,-0.025896949148836248,2026-03-09
2010-06-02,0.013360911669214862,2026-03-09
2010-06-03,0.018358668530225726,2026-03-09
2010-06-04,-0.03826643861921523,2026-03-09
2010-06-07,-0.01962837703477138,2026-03-09
2010-06-08,-0.012241432797144505,2026-03-09
2010-06-09,0.006483219156039493,2026-03-09
2010-06-10,0.030600859331112285,2026-03-09
2010-06-11,0.009423402141452255,2026-03-09
2010-06-14,0.0014520073237922052,2026-03-09
2010-06-15,0.02036891663849402,2026-03-09
2010-06-16,0.009775024803677838,2026-03-09
2010-06-17,0.0061247936840616605,2026-03-09
2010-06-18,-0.001272941738819587,2026-03-09
2010-06-21,0.00824512292820482,2026-03-09
2010-06-22,-0.018873266570692004,2026-03-09
2010-06-23,-0.00025754241020135724,2026-03-09
2010-06-24,-0.025430032562973003,2026-03-09
2010-06-25,0.003691484454210863,2026-03-09
2010-06-28,0.004988210219644101,2026-03-09
2010-06-29,-0.011324846413082979,2026-03-09
2010-06-30,-0.005577742733230328,2026-03-09
2010-07-01,-0.01030725467968034,2026-03-09
2010-07-02,0.0021505107593382086,2026-03-09
2010-07-06,0.001341772479542768,2026-03-09
2010-07-07,0.0049488099774125565,2026-03-09
2010-07-08,0.00026685323863250726,2026-03-09
2010-07-09,0.006117040679422837,2026-03-09
2010-07-12,0.02345340344651778,2026-03-09
2010-07-13,0.025822688227147072,2026-03-09
2010-07-14,-0.007092197471804462,2026-03-09
2010-07-15,-0.013435045507780883,2026-03-09
2010-07-16,-0.025307931314062965,2026-03-09
2010-07-19,0.020271434019348247,2026-03-09
2010-07-20,0.041960692912427155,2026-03-09
2010-07-21,-0.016270710684605224,2026-03-09
2010-07-22,0.009419197849001285,2026-03-09
2010-07-23,0.018576338766832897,2026-03-09
2010-07-26,-0.001227658254978314,2026-03-09
2010-07-27,0.018500950299658404,2026-03-09
2010-07-28,-0.016292132531186353,2026-03-09
2010-07-29,-0.01893267921530516,2026-03-09
2010-07-30,0.03606863913063535,2026-03-09
2010-08-02,0.016610281276499075,2026-03-09
2010-08-03,-0.06259677146378723,2026-03-09
2010-08-04,-0.0016415195629147865,2026-03-09
2010-08-05,-0.022363744692580005,2026-03-09
2010-08-06,0.0005168200263922785,2026-03-09
2010-08-09,-0.00025840742876348565,2026-03-09
2010-08-10,-0.01575653604696974,2026-03-09
2010-08-11,-0.014143368905503618,2026-03-09
2010-08-12,-0.006276301646270961,2026-03-09
2010-08-13,-0.004699615805746048,2026-03-09
2010-08-16,-0.00960175368931553,2026-03-09
2010-08-17,0.03117098037601939,2026-03-09
2010-08-18,-0.00013171672481324242,2026-03-09
2010-08-19,0.0001317167248131776,2026-03-09
2010-08-20,0.013215741337872402,2026-03-09
2010-08-23,-0.0003900126919802291,2026-03-09
2010-08-24,-0.008750778936369892,2026-03-09
2010-08-25,0.013550707537787785,2026-03-09
2010-08-26,-0.010930506828487473,2026-03-09
2010-08-27,0.014418650623651344,2026-03-09
2010-08-30,0.00038679421950963967,2026-03-09
2010-08-31,0.004630265678064341,2026-03-09
2010-09-01,0.026090619675123015,2026-03-09
2010-09-02,0.014644038794848399,2026-03-09
2010-09-03,0.01005165762625783,2026-03-09
2010-09-07,-0.003298570795870966,2026-03-09
2010-09-08,0.009984227653007076,2026-03-09
2010-09-09,0.0008477105855661318,2026-03-09
2010-09-10,-0.0037596477239003902,2026-03-09
2010-09-13,0.020802811351457607,2026-03-09
2010-09-14,-0.0014290920805138374,2026-03-09
2010-09-15,0.004637129876348317,2026-03-09
2010-09-16,-0.003088991642499025,2026-03-09
2010-09-17,0.0046298601385924365,2026-03-09
2010-09-20,0.028490010183918252,2026-03-09
2010-09-21,-0.013559989895023722,2026-03-09
2010-09-22,-0.004443944678115833,2026-03-09
2010-09-23,-0.012145623073223633,2026-03-09
2010-09-24,0.03439971646722226,2026-03-09
2010-09-27,0.0056009504714608195,2026-03-09
2010-09-28,-0.014350743199010571,2026-03-09
2010-09-29,0.008864458821703825,2026-03-09
2010-09-30,-0.007362293391647485,2026-03-09
2010-10-01,0.01364615881541969,2026-03-09
2010-10-04,-0.025259386623437435,2026-03-09
2010-10-05,0.022864732536865936,2026-03-09
2010-10-06,0.003760473127797799,2026-03-09
2010-10-07,0.008381559839937065,2026-03-09
2010-10-08,-0.004068750139326707,2026-03-09
2010-10-11,-0.0030623823625996163,2026-03-09
2010-10-12,-0.0006818771478714286,2026-03-09
2010-10-13,0.006345602830584655,2026-03-09
2010-10-14,0.009555470486319512,2026-03-09
2010-10-15,0.006357034897779988,2026-03-09
2010-10-18,-0.004903572925138672,2026-03-09
2010-10-19,-0.02122702278979406,2026-03-09
2010-10-20,-0.0011417305790506949,2026-03-09
2010-10-21,-0.004350831905152336,2026-03-09
2010-10-22,0.038381798021200626,2026-03-09
2010-10-25,-0.011438815180370536,2026-03-09
2010-10-26,0.004457821004394897,2026-03-09
2010-10-27,-0.0046812185712279426,2026-03-09
2010-10-28,0.0012281226910506357,2026-03-09
2010-10-29,0.011206756321521448,2026-03-09
2010-11-01,-0.0011039165517903807,2026-03-09
2010-11-02,-0.06727439884545591,2026-03-09
2010-11-03,0.009056294470873558,2026-03-09
2010-11-04,0.033842970248538856,2026-03-09
2010-11-05,0.012932400886235696,2026-03-09
2010-11-08,0.00779087384877782,2026-03-09
2010-11-09,0.0015508963230725856,2026-03-09
2010-11-10,0.004528077985842097,2026-03-09
2010-11-11,-0.007965475194406222,2026-03-09
2010-11-12,-0.01736648744622166,2026-03-09
2010-11-15,0.01179728282879439,2026-03-09
2010-11-16,-0.01939836730426008,2026-03-09
2010-11-17,-0.0033080829004790736,2026-03-09
2010-11-18,0.0241573723684154,2026-03-09
2010-11-19,0.007666305670518116,2026-03-09
2010-11-22,0.0054086767738103225,2026-03-09
2010-11-23,-0.028246288293675374,2026-03-09
2010-11-24,0.015394436073771783,2026-03-09
2010-11-26,-0.003462738577604589,2026-03-09
2010-11-29,-0.015221019542383982,2026-03-09
2010-11-30,-0.016841815813954098,2026-03-09
2010-12-01,0.013085623111886083,2026-03-09
2010-12-02,0.013254187565597696,2026-03-09
2010-12-03,-0.0055295280040933235,2026-03-09
2010-12-06,-0.004536693983927254,2026-03-09
2010-12-07,0.0028378041935978485,2026-03-09
2010-12-08,-0.0014746227988440838,2026-03-09
2010-12-09,0.002494367775953786,2026-03-09
2010-12-10,0.01271464807353015,2026-03-09
2010-12-13,-0.012601479225812801,2026-03-09
2010-12-14,0.0007922551113052895,2026-03-09
2010-12-15,-0.0038539429872748157,2026-03-09
2010-12-16,0.0020421664441259055,2026-03-09
2010-12-17,-0.00261019989309124,2026-03-09
2010-12-20,-0.005812381252065016,2026-03-09
2010-12-21,-0.012999886358464144,2026-03-09
2010-12-22,-0.00848891157899061,2026-03-09
2010-12-23,-0.004682200178659862,2026-03-09
2010-12-27,0.001055388531398559,2026-03-09
2010-12-28,-0.0045814539306610735,2026-03-09
2010-12-29,0.004815932862663403,2026-03-09
2010-12-30,0.009330592577396653,2026-03-09
2010-12-31,-0.007808487681074477,2026-03-09
2011-01-03,0.03336710429889347,2026-03-09
2011-01-04,0.007103793427312257,2026-03-09
2011-01-05,0.0047080874491188425,2026-03-09
2011-01-06,-0.00011188327887275303,2026-03-09
2011-01-07,-0.002239443138406798,2026-03-09
2011-01-10,-0.0019073492314634552,2026-03-09
2011-01-11,0.0217738097658515,2026-03-09
2011-01-12,0.0006590756051386524,2026-03-09
2011-01-13,0.005038950273106869,2026-03-09
2011-01-14,-0.0014215177092723073,2026-03-09
2011-01-18,0.003931451117647763,2026-03-09
2011-01-19,-0.0031657995034506253,2026-03-09
2011-01-20,-0.005042159783170459,2026-03-09
2011-01-21,0.0,2026-03-09
2011-01-24,0.0,2026-03-09
2011-01-25,0.021847427264765937,2026-03-09
2011-01-26,0.1214438187054061,2026-03-09
2011-01-27,0.00862774309404333,2026-03-09
2011-01-28,-0.004541623340948407,2026-03-09
2011-01-31,0.008592622087595394,2026-03-09
2011-02-01,0.03737120637185989,2026-03-09
2011-02-02,-0.002176097262059942,2026-03-09
2011-02-03,0.011012906020426337,2026-03-09
2011-02-04,0.003316131486055612,2026-03-09
2011-02-07,0.014391352275700906,2026-03-09
2011-02-08,-0.00044110223774717787,2026-03-09
2011-02-09,-0.004333011609401937,2026-03-09
2011-02-10,0.019656649876308167,2026-03-09
2011-02-11,0.019788956811871632,2026-03-09
2011-02-14,-0.0032426094848437784,2026-03-09
2011-02-15,-0.005742906530763556,2026-03-09
2011-02-16,0.013236154965665138,2026-03-09
2011-02-17,-0.008348334347865373,2026-03-09
2011-02-18,-0.0018836686208188454,2026-03-09
2011-02-22,-0.003434065963002296,2026-03-09
2011-02-23,-0.013506710506818276,2026-03-09
2011-02-24,0.0006970565185531045,2026-03-09
2011-02-25,0.018555022925055047,2026-03-09
2011-02-28,0.016115746128609314,2026-03-09
2011-03-01,-0.03301708016828774,2026-03-09
2011-03-02,0.007105812628103581,2026-03-09
2011-03-03,0.035790787624406954,2026-03-09
2011-03-04,0.028256488317821484,2026-03-09
2011-03-07,-0.013864198188125324,2026-03-09
2011-03-08,0.0,2026-03-09
2011-03-09,-0.0015615415851084901,2026-03-09
2011-03-10,-0.020609018143547236,2026-03-09
2011-03-11,-0.014291365961806633,2026-03-09
2011-03-14,-0.011478609970921648,2026-03-09
2011-03-15,-0.013880747009736592,2026-03-09
2011-03-16,-0.014873733051763127,2026-03-09
2011-03-17,-0.0031081990792498726,2026-03-09
2011-03-18,0.007178683433293055,2026-03-09
2011-03-21,0.050705850867909505,2026-03-09
2011-03-22,0.005357913929299792,2026-03-09
2011-03-23,-0.0020058650720981455,2026-03-09
2011-03-24,0.01205781572890081,2026-03-09
2011-03-25,0.0005784382046490795,2026-03-09
2011-03-28,0.014597639361883706,2026-03-09
2011-03-29,0.001383085949448258,2026-03-09
2011-03-30,0.08333934864436128,2026-03-09
2011-03-31,0.005891766172728417,2026-03-09
2011-04-01,0.02329877083392786,2026-03-09
2011-04-04,0.001959537108839975,2026-03-09
2011-04-05,-0.004141406094087923,2026-03-09
2011-04-06,-0.021116901848679828,2026-03-09
2011-04-07,-0.0076136993724223116,2026-03-09
2011-04-08,-0.009939838775523213,2026-03-09
2011-04-11,-0.005768095507568169,2026-03-09
2011-04-12,-0.017274194910705445,2026-03-09
2011-04-13,0.006560946488384519,2026-03-09
2011-04-14,0.00015384683701043567,2026-03-09
2011-04-15,-0.007722075665207375,2026-03-09
2011-04-18,-0.016728268808469785,2026-03-09
2011-04-19,-0.007755010148395151,2026-03-09
2011-04-20,0.045880643296517254,2026-03-09
2011-04-21,-0.0008349853989864265,2026-03-09
2011-04-25,-0.012532680589783825,2026-03-09
2011-04-26,0.010327921867131084,2026-03-09
2011-04-27,0.06375808037563489,2026-03-09
2011-04-28,-0.007454169697196934,2026-03-09
2011-04-29,0.01641139210280056,2026-03-09
2011-05-02,-0.004326392047414863,2026-03-09
2011-05-03,-0.028770156431185454,2026-03-09
2011-05-04,0.02578041787938924,2026-03-09
2011-05-05,-0.03999952786009883,2026-03-09
2011-05-06,0.0038510041503223994,2026-03-09
2011-05-09,-0.0026645157762091626,2026-03-09
2011-05-10,0.012666781878064684,2026-03-09
2011-05-11,-0.002051123558661046,2026-03-09
2011-05-12,0.01159196775787776,2026-03-09
2011-05-13,-0.019469238341023043,2026-03-09
2011-05-16,-0.026360615797003446,2026-03-09
2011-05-17,-0.005936547322707292,2026-03-09
2011-05-18,0.003809470287736573,2026-03-09
2011-05-19,0.050201448513707114,2026-03-09
2011-05-20,0.0040419188522108915,2026-03-09
2011-05-23,-0.02486914343843456,2026-03-09
2011-05-24,-0.009795267627229133,2026-03-09
2011-05-25,0.017299182555707306,2026-03-09
2011-05-26,-0.0032300476793793004,2026-03-09
2011-05-27,0.06896343804728389,2026-03-09
2011-05-31,0.0032888234382241594,2026-03-09
2011-06-01,0.02365930448210671,2026-03-09
2011-06-02,-0.04439404301687908,2026-03-09
2011-06-03,0.001256257072083797,2026-03-09
2011-06-06,-0.009601649638887553,2026-03-09
2011-06-07,-0.00898388641353121,2026-03-09
2011-06-08,0.004678867531258082,2026-03-09
2011-06-09,0.007469027623202103,2026-03-09
2011-06-10,-0.01856366804349914,2026-03-09
2011-06-13,-0.00014303068680577216,2026-03-09
2011-06-14,0.02067036289129132,2026-03-09
2011-06-15,-0.009361939328419678,2026-03-09
2011-06-16,0.009642195983885975,2026-03-09
2011-06-17,-0.01602747137737399,2026-03-09
2011-06-20,-0.005996633338085594,2026-03-09
2011-06-21,0.03958968318733026,2026-03-09
2011-06-22,0.02969915729189299,2026-03-09
2011-06-23,0.059082846789745284,2026-03-09
2011-06-24,-0.006634437669556021,2026-03-09
2011-06-27,0.01566220916757806,2026-03-09
2011-06-28,0.015789260621657208,2026-03-09
2011-06-29,0.003985200913961599,2026-03-09
2011-06-30,-0.004599729847894586,2026-03-09
2011-07-01,0.02266960819941936,2026-03-09
2011-07-05,0.007900918798374191,2026-03-09
2011-07-06,-0.011874911368157867,2026-03-09
2011-07-07,0.003973992569783523,2026-03-09
2011-07-08,-0.010207597534973347,2026-03-09
2011-07-11,-0.029573403314875384,2026-03-09
2011-07-12,-0.02078732390551178,2026-03-09
2011-07-13,0.041212671981561214,2026-03-09
2011-07-14,0.04837579613509361,2026-03-09
2011-07-15,-0.009501576134783769,2026-03-09
2011-07-18,-0.005199382045790663,2026-03-09
2011-07-19,0.04159647509330539,2026-03-09
2011-07-20,-0.010740489929547977,2026-03-09
2011-07-21,-0.020425410021413314,2026-03-09
2011-07-22,0.006427808232001112,2026-03-09
2011-07-25,-0.013251430540944022,2026-03-09
2011-07-26,-0.013668694822401772,2026-03-09
2011-07-27,-0.02416469874556057,2026-03-09
2011-07-28,-0.02256616529376919,2026-03-09
2011-07-29,-0.0007526867121348073,2026-03-09
2011-08-01,0.003882727901132561,2026-03-09
2011-08-02,-0.051757195890534714,2026-03-09
2011-08-03,-0.030407629311059992,2026-03-09
2011-08-04,-0.07267357427210375,2026-03-09
2011-08-05,-0.06512248539332,2026-03-09
2011-08-08,-0.10432265857924038,2026-03-09
2011-08-09,0.06322477967490964,2026-03-09
2011-08-10,-0.08031326026288338,2026-03-09
2011-08-11,0.052000953413570146,2026-03-09
2011-08-12,0.023349931792713236,2026-03-09
2011-08-15,0.038477047440315985,2026-03-09
2011-08-16,-0.02165632251935002,2026-03-09
2011-08-17,-0.03916939807436464,2026-03-09
2011-08-18,-0.10461023124046841,2026-03-09
2011-08-19,-0.01944715187585916,2026-03-09
2011-08-22,0.012198716875427583,2026-03-09
2011-08-23,0.05647942497856302,2026-03-09
2011-08-24,0.024208764364323627,2026-03-09
2011-08-25,-0.04667159023734806,2026-03-09
2011-08-26,0.03394356759731478,2026-03-09
2011-08-29,0.058551689646899774,2026-03-09
2011-08-30,-0.003622647296431556,2026-03-09
2011-08-31,0.013436259253960893,2026-03-09
2011-09-01,-0.037392975149433724,2026-03-09
2011-09-02,-0.06419503071767695,2026-03-09
2011-09-06,-0.014335211435318952,2026-03-09
2011-09-07,0.022945877281499803,2026-03-09
2011-09-08,-0.02826012936294964,2026-03-09
2011-09-09,-0.04337078074961535,2026-03-09
2011-09-12,0.014856013753814666,2026-03-09
2011-09-13,0.0684949029266111,2026-03-09
2011-09-14,0.04327281989651195,2026-03-09
2011-09-15,0.0038809194087349335,2026-03-09
2011-09-16,0.023632273039836692,2026-03-09
2011-09-19,-0.020773493434211605,2026-03-09
2011-09-20,-0.03433589238090552,2026-03-09
2011-09-21,-0.0028716889843999702,2026-03-09
2011-09-22,-0.058774543976608126,2026-03-09
2011-09-23,0.06450969895601823,2026-03-09
2011-09-26,0.02549320099377552,2026-03-09
2011-09-27,0.03273805668593226,2026-03-09
2011-09-28,-0.04814456288035167,2026-03-09
2011-09-29,0.003083271661981321,2026-03-09
2011-09-30,-0.024848744702204988,2026-03-09
2011-10-03,-0.08189995926231099,2026-03-09
2011-10-04,0.06884058656919921,2026-03-09
2011-10-05,0.03842103226599687,2026-03-09
2011-10-06,0.0,2026-03-09
2011-10-07,-0.008669939975135488,2026-03-09
2011-10-10,0.024021563347100133,2026-03-09
2011-10-11,0.026741379903010898,2026-03-09
2011-10-12,0.02003877881408654,2026-03-09
2011-10-13,0.03573922541844707,2026-03-09
2011-10-14,0.050991007927405796,2026-03-09
2011-10-17,-0.03484674278722343,2026-03-09
2011-10-18,0.009638435072437687,2026-03-09
2011-10-19,-0.014071307694461419,2026-03-09
2011-10-20,0.00420404606050226,2026-03-09
2011-10-21,0.014689462847810749,2026-03-09
2011-10-24,0.038413799176459276,2026-03-09
2011-10-25,-0.03473747833603326,2026-03-09
2011-10-26,0.0032150928216328786,2026-03-09
2011-10-27,0.05546492939196818,2026-03-09
2011-10-28,0.012352809609672557,2026-03-09
2011-10-31,-0.0843009980621904,2026-03-09
2011-11-01,-0.12282339609381437,2026-03-09
2011-11-02,0.0063296255293792065,2026-03-09
2011-11-03,0.0035748416919552176,2026-03-09
2011-11-04,-0.011364275826887742,2026-03-09
2011-11-07,-0.0006017079669866556,2026-03-09
2011-11-08,0.030651753255431624,2026-03-09
2011-11-09,-0.01639447358695642,2026-03-09
2011-11-10,0.05025433957866677,2026-03-09
2011-11-11,0.04538715017884645,2026-03-09
2011-11-14,-0.0037045914493611565,2026-03-09
2011-11-15,0.02753062659444569,2026-03-09
2011-11-16,-0.011271287935782859,2026-03-09
2011-11-17,-0.0344395145599584,2026-03-09
2011-11-18,-0.020202684330029815,2026-03-09
2011-11-21,-0.019062073026920166,2026-03-09
2011-11-22,-0.025630731969442738,2026-03-09
2011-11-23,-0.05208074050395398,2026-03-09
2011-11-25,-0.029279164414728123,2026-03-09
2011-11-28,0.07486933404722072,2026-03-09
2011-11-29,-0.0012692525083015465,2026-03-09
2011-11-30,0.04170892676447793,2026-03-09
2011-12-01,-0.007008951998964626,2026-03-09
2011-12-02,-0.007800053194536939,2026-03-09
2011-12-05,0.036659044307551916,2026-03-09
2011-12-06,-0.010463737186596595,2026-03-09
2011-12-07,-0.013011881748378432,2026-03-09
2011-12-08,-0.029387169561568293,2026-03-09
2011-12-09,0.017439408347892107,2026-03-09
2011-12-12,-0.007602714521353011,2026-03-09
2011-12-13,-0.05061682233312114,2026-03-09
2011-12-14,-0.07320892800534758,2026-03-09
2011-12-15,0.0032806747882789204,2026-03-09
2011-12-16,0.016888232973891883,2026-03-09
2011-12-19,-0.031119661599870934,2026-03-09
2011-12-20,0.016941610393875373,2026-03-09
2011-12-21,-0.022271379936541165,2026-03-09
2011-12-22,0.02339068643392343,2026-03-09
2011-12-23,0.000745449685608417,2026-03-09
2011-12-27,-0.0013982187970585664,2026-03-09
2011-12-28,-0.015795760798876235,2026-03-09
2011-12-29,0.03226384470546308,2026-03-09
2011-12-30,-0.006074568714543539,2026-03-09
2012-01-03,0.02695978218755415,2026-03-09
2012-01-04,-0.03931416525976186,2026-03-09
2012-01-05,-0.011846735251058857,2026-03-09
2012-01-06,0.015392186375956667,2026-03-09
2012-01-09,-0.022415787777934452,2026-03-09
2012-01-10,0.011835578654421799,2026-03-09
2012-01-11,0.0007527638673126429,2026-03-09
2012-01-12,-0.009260159817679772,2026-03-09
2012-01-13,0.008507395950367232,2026-03-09
2012-01-17,-0.015079184194534382,2026-03-09
2012-01-18,0.03658939068074211,2026-03-09
2012-01-19,0.021418053961840374,2026-03-09
2012-01-20,0.03812763398799243,2026-03-09
2012-01-23,-0.03497662105701639,2026-03-09
2012-01-24,0.0034099195486441197,2026-03-09
2012-01-25,0.006785153446131818,2026-03-09
2012-01-26,-0.006874775337923854,2026-03-09
2012-01-27,0.026783803909729408,2026-03-09
2012-01-30,0.007559656494220569,2026-03-09
2012-01-31,-0.003468609237964717,2026-03-09
2012-02-01,0.034743761100976135,2026-03-09
2012-02-02,0.036493550908032316,2026-03-09
2012-02-03,0.022634627438938265,2026-03-09
2012-02-06,-0.011133342841893011,2026-03-09
2012-02-07,-0.010046296980729128,2026-03-09
2012-02-08,-0.0021023718159819587,2026-03-09
2012-02-09,0.014305435530635865,2026-03-09
2012-02-10,-0.020965070100880303,2026-03-09
2012-02-13,0.017287751413600005,2026-03-09
2012-02-14,-0.00909133058028981,2026-03-09
2012-02-15,-0.0011321316724500713,2026-03-09
2012-02-16,0.043307770879265683,2026-03-09
2012-02-17,-0.02320220740376723,2026-03-09
2012-02-21,0.06396838980324869,2026-03-09
2012-02-22,0.001115225817976205,2026-03-09
2012-02-23,0.027627877624346417,2026-03-09
2012-02-24,-0.0038382529542973754,2026-03-09
2012-02-27,-0.011090108937178707,2026-03-09
2012-02-28,-0.007585534412947738,2026-03-09
2012-02-29,0.002362814913788764,2026-03-09
2012-03-01,0.02756836870508104,2026-03-09
2012-03-02,-0.028453787780633018,2026-03-09
2012-03-05,-0.021111521738608304,2026-03-09
2012-03-06,-0.026896505307956477,2026-03-09
2012-03-07,-0.0017052448975080315,2026-03-09
2012-03-08,0.0188285969769328,2026-03-09
2012-03-09,-0.0007616320851552552,2026-03-09
2012-03-12,0.00562228783645624,2026-03-09
2012-03-13,0.033964639056137585,2026-03-09
2012-03-14,-0.03783609755668918,2026-03-09
2012-03-15,-0.003352103716253444,2026-03-09
2012-03-16,-0.00221553873410454,2026-03-09
2012-03-19,0.028425773559885556,2026-03-09
2012-03-20,-0.0032016160388810065,2026-03-09
2012-03-21,0.04441604015807252,2026-03-09
2012-03-22,-0.015746082753946476,2026-03-09
2012-03-23,0.006788980617282456,2026-03-09
2012-03-26,0.017551841387262214,2026-03-09
2012-03-27,-0.010808572222484294,2026-03-09
2012-03-28,-0.006743269164777958,2026-03-09
2012-03-29,-0.0009361275819655547,2026-03-09
2012-03-30,0.008608366291577263,2026-03-09
2012-04-02,0.02259981060608287,2026-03-09
2012-04-03,0.029518116240069114,2026-03-09
2012-04-04,-0.015786021772349862,2026-03-09
2012-04-05,0.0005509140705858347,2026-03-09
2012-04-09,-0.013305836736331407,2026-03-09
2012-04-10,-0.00868836722978993,2026-03-09
2012-04-11,0.013560020590964832,2026-03-09
2012-04-12,0.019048158743133065,2026-03-09
2012-04-13,0.0019734130789910457,2026-03-09
2012-04-16,-0.006137090712677916,2026-03-09
2012-04-17,0.018366543280698547,2026-03-09
2012-04-18,-0.026953235296215648,2026-03-09
2012-04-19,0.006395538864668349,2026-03-09
2012-04-20,-0.004672252420014279,2026-03-09
2012-04-23,-0.0307006466895561,2026-03-09
2012-04-24,-0.017841661848222022,2026-03-09
2012-04-25,0.01940278614476278,2026-03-09
2012-04-26,0.006572723240817311,2026-03-09
2012-04-27,-0.006005602369891327,2026-03-09
2012-04-30,-0.009469996724439558,2026-03-09
2012-05-01,0.0031429044164026864,2026-03-09
2012-05-02,0.012896101289954243,2026-03-09
2012-05-03,0.09528451931091392,2026-03-09
2012-05-04,-0.025409666604354706,2026-03-09
2012-05-07,-0.01989192930732869,2026-03-09
2012-05-08,-0.012738175844478063,2026-03-09
2012-05-09,-0.011254848267483302,2026-03-09
2012-05-10,-0.02528617097828652,2026-03-09
2012-05-11,0.004912680814647002,2026-03-09
2012-05-14,-0.012752538976472836,2026-03-09
2012-05-15,0.003539088596595496,2026-03-09
2012-05-16,-0.025547946338987545,2026-03-09
2012-05-17,-0.014308839996415185,2026-03-09
2012-05-18,-0.05245500831256108,2026-03-09
2012-05-21,0.020250745337557476,2026-03-09
2012-05-22,-0.00992072531193847,2026-03-09
2012-05-23,0.0032159882812065736,2026-03-09
2012-05-24,-0.030031360668479418,2026-03-09
2012-05-25,-0.001419046576587041,2026-03-09
2012-05-29,0.0025213172754980865,2026-03-09
2012-05-30,-0.040140241275036,2026-03-09
2012-05-31,-0.0008194894194226175,2026-03-09
2012-06-01,-0.0255742605438818,2026-03-09
2012-06-04,0.008625409216593568,2026-03-09
2012-06-05,0.0014997210997274577,2026-03-09
2012-06-06,0.02856168938117253,2026-03-09
2012-06-07,-0.013194576319326658,2026-03-09
2012-06-08,0.001556552484418477,2026-03-09
2012-06-11,-0.01252071342362103,2026-03-09
2012-06-12,-0.009243523376181338,2026-03-09
2012-06-13,-0.016193353017010886,2026-03-09
2012-06-14,0.021283685724255322,2026-03-09
2012-06-15,0.03428156532749188,2026-03-09
2012-06-18,0.005294412081737814,2026-03-09
2012-06-19,0.019176545014931545,2026-03-09
2012-06-20,0.011626689814115018,2026-03-09
2012-06-21,-0.03392832716504789,2026-03-09
2012-06-22,0.03578844351789601,2026-03-09
2012-06-25,-0.030585343424494687,2026-03-09
2012-06-26,0.013796661929623153,2026-03-09
2012-06-27,0.020498713321279394,2026-03-09
2012-06-28,-0.01171782501495861,2026-03-09
2012-06-29,0.01356769203616124,2026-03-09
2012-07-02,0.0030755030949565303,2026-03-09
2012-07-03,0.01983872933404799,2026-03-09
2012-07-05,0.01538494349501113,2026-03-09
2012-07-06,-0.12085417227695108,2026-03-09
2012-07-09,-0.011354698107239804,2026-03-09
2012-07-10,-0.042331601882494775,2026-03-09
2012-07-11,0.0014990698585455504,2026-03-09
2012-07-12,0.011563858157766184,2026-03-09
2012-07-13,0.015127590214731116,2026-03-09
2012-07-16,0.0006860566538986994,2026-03-09
2012-07-17,-0.016423533143747615,2026-03-09
2012-07-18,0.04482304560310787,2026-03-09
2012-07-19,-0.0015845925877762304,2026-03-09
2012-07-20,-0.03810956661794968,2026-03-09
2012-07-23,0.004153361947740977,2026-03-09
2012-07-24,-0.02147056520510872,2026-03-09
2012-07-25,0.003786401801880006,2026-03-09
2012-07-26,-0.002640209829644408,2026-03-09
2012-07-27,0.031230905171843515,2026-03-09
2012-07-30,0.015257064358278569,2026-03-09
2012-07-31,-0.020566683273639263,2026-03-09
2012-08-01,0.010421187922928545,2026-03-09
2012-08-02,-0.000509950303664461,2026-03-09
2012-08-03,0.039263198676386155,2026-03-09
2012-08-06,0.014204223410085348,2026-03-09
2012-08-07,0.013369275558659738,2026-03-09
2012-08-08,0.005551215505067722,2026-03-09
2012-08-09,-0.0008703377357732851,2026-03-09
2012-08-10,0.010237125046861927,2026-03-09
2012-08-13,-0.009050529699210795,2026-03-09
2012-08-14,-0.017787151150823126,2026-03-09
2012-08-15,0.0008848999714205485,2026-03-09
2012-08-16,0.015953102662061416,2026-03-09
2012-08-17,0.003475765582663674,2026-03-09
2012-08-20,-0.005456012416660497,2026-03-09
2012-08-21,0.017371213947025246,2026-03-09
2012-08-22,-0.016816343397918935,2026-03-09
2012-08-23,-0.014045446215337957,2026-03-09
2012-08-24,0.0012047986123796988,2026-03-09
2012-08-27,0.007277962575281982,2026-03-09
2012-08-28,0.00031875258971432213,2026-03-09
2012-08-29,0.008171705181434834,2026-03-09
2012-08-30,-0.006023176668613868,2026-03-09
2012-08-31,-0.0023079300992421854,2026-03-09
2012-09-04,-0.0008767829455994558,2026-03-09
2012-09-05,0.00461450512318222,2026-03-09
2012-09-06,0.018092249897684064,2026-03-09
2012-09-07,0.012472582911216654,2026-03-09
2012-09-10,-0.007806260330734584,2026-03-09
2012-09-11,0.007344184335247707,2026-03-09
2012-09-12,0.004150651758068964,2026-03-09
2012-09-13,0.013258403533984804,2026-03-09
2012-09-14,0.007090077975175705,2026-03-09
2012-09-17,0.008531661304522965,2026-03-09
2012-09-18,0.004461336877282611,2026-03-09
2012-09-19,-0.003269652247828221,2026-03-09
2012-09-20,0.001264495622565474,2026-03-09
2012-09-21,0.0029691205679877064,2026-03-09
2012-09-24,0.00022234849861487625,2026-03-09
2012-09-25,-0.012227063249078515,2026-03-09
2012-09-26,-0.011998815439443386,2026-03-09
2012-09-27,0.017981925200999224,2026-03-09
2012-09-28,-0.00029835661204432055,2026-03-09
2012-10-01,-0.007111023178925474,2026-03-09
2012-10-02,-0.01292880672537387,2026-03-09
2012-10-03,-0.012250352189146788,2026-03-09
2012-10-04,-0.028441664480995915,2026-03-09
2012-10-05,-0.014128027735926084,2026-03-09
2012-10-08,-0.016289452998151908,2026-03-09
2012-10-09,-0.020137713830695674,2026-03-09
2012-10-10,-0.006188375694839166,2026-03-09
2012-10-11,-0.001847133977135577,2026-03-09
2012-10-12,-0.006153861616480328,2026-03-09
2012-10-15,0.011935940193709334,2026-03-09
2012-10-16,0.01113429208708824,2026-03-09
2012-10-17,-0.01641229023442741,2026-03-09
2012-10-18,-0.0010084952728821833,2026-03-09
2012-10-19,-0.006664682372453577,2026-03-09
2012-10-22,0.015454701449270835,2026-03-09
2012-10-23,-0.07222485560363351,2026-03-09
2012-10-24,-0.005029627698471207,2026-03-09
2012-10-25,0.0095883480038996,2026-03-09
2012-10-26,-0.020907344262478027,2026-03-09
2012-10-31,-0.15046931861349364,2026-03-09
2012-11-01,0.030954572459006253,2026-03-09
2012-11-02,-0.010004736984078574,2026-03-09
2012-11-05,0.021940570926201833,2026-03-09
2012-11-06,-0.002436813867261581,2026-03-09
2012-11-07,-0.01919289985212865,2026-03-09
2012-11-08,-0.00790674739635449,2026-03-09
2012-11-09,-0.0012541894961581009,2026-03-09
2012-11-12,-0.003037476216712565,2026-03-09
2012-11-13,-0.008004278073378779,2026-03-09
2012-11-14,-0.019756044863760598,2026-03-09
2012-11-15,0.004626819232145146,2026-03-09
2012-11-16,-0.014816593988571977,2026-03-09
2012-11-19,-0.052107991647177325,2026-03-09
2012-11-20,-0.019355047874339445,2026-03-09
2012-11-21,-0.0021086756310437246,2026-03-09
2012-11-23,0.012006868491161093,2026-03-09
2012-11-26,0.0046242812360522394,2026-03-09
2012-11-27,0.0005765482274370104,2026-03-09
2012-11-28,0.003337396639346432,2026-03-09
2012-11-29,0.01697360483667454,2026-03-09
2012-11-30,-0.0004518935969857381,2026-03-09
2012-12-03,0.002257643728832988,2026-03-09
2012-12-04,0.0009015463289920702,2026-03-09
2012-12-05,-0.005535149583978961,2026-03-09
2012-12-06,0.0033924869346773625,2026-03-09
2012-12-07,-0.00022579373133389797,2026-03-09
2012-12-10,0.018127351706167378,2026-03-09
2012-12-11,0.013984790816955184,2026-03-09
2012-12-12,0.004582139286729015,2026-03-09
2012-12-13,0.001087823791234325,2026-03-09
2012-12-14,-0.010602839534407002,2026-03-09
2012-12-17,0.026031813135230782,2026-03-09
2012-12-18,0.01919360710989614,2026-03-09
2012-12-19,-0.01034633083816971,2026-03-09
2012-12-20,0.008559187266043926,2026-03-09
2012-12-21,0.011715663925640779,2026-03-09
2012-12-24,-0.0032290155637260455,2026-03-09
2012-12-26,-0.01747048946681052,2026-03-09
2012-12-27,-0.0027641973614397257,2026-03-09
2012-12-28,-0.004053782855681661,2026-03-09
2012-12-31,-0.0018187823807546317,2026-03-09
2013-01-02,0.022344286184034553,2026-03-09
2013-01-03,-0.03235356213641147,2026-03-09
2013-01-04,0.005823992062964019,2026-03-09
2013-01-07,0.007285989793264064,2026-03-09
2013-01-08,-0.013109981856228047,2026-03-09
2013-01-09,0.008401607944104007,2026-03-09
2013-01-10,0.0019288100144618898,2026-03-09
2013-01-11,0.005657922870924445,2026-03-09
2013-01-14,0.004142945129104952,2026-03-09
2013-01-15,0.005392051504281338,2026-03-09
2013-01-16,-0.006134399463494779,2026-03-09
2013-01-17,0.0,2026-03-09
2013-01-18,-0.0049986738442769855,2026-03-09
2013-01-22,-0.0075989129781220644,2026-03-09
2013-01-23,0.014717178336444512,2026-03-09
2013-01-24,0.008328498989615714,2026-03-09
2013-01-25,0.0666033331815855,2026-03-09
2013-01-28,-0.024056789109592837,2026-03-09
2013-01-29,0.00721803139365656,2026-03-09
2013-01-30,0.0062734264891131375,2026-03-09
2013-01-31,-0.004676385766860276,2026-03-09
2013-02-01,0.020629427108985094,2026-03-09
2013-02-04,-0.03176127315607582,2026-03-09
2013-02-05,0.01570892131182168,2026-03-09
2013-02-06,-0.01691982797145944,2026-03-09
2013-02-07,-0.009740404922374669,2026-03-09
2013-02-08,0.008629061344041823,2026-03-09
2013-02-11,-0.008934910093474588,2026-03-09
2013-02-12,0.01728970077987191,2026-03-09
2013-02-13,0.00010027608432873075,2026-03-09
2013-02-14,-0.008050755116402332,2026-03-09
2013-02-15,0.05034302795655891,2026-03-09
2013-02-19,0.02448640603565877,2026-03-09
2013-02-20,-0.03773676524287576,2026-03-09
2013-02-21,-0.01748222619412106,2026-03-09
2013-02-22,0.012993584160583103,2026-03-09
2013-02-25,-0.03139226412246603,2026-03-09
2013-02-26,0.04044645218056657,2026-03-09
2013-02-27,-0.009641208103050788,2026-03-09
2013-02-28,-0.003038189033248234,2026-03-09
2013-03-01,0.011806771436171324,2026-03-09
2013-03-04,-0.00038805763762756926,2026-03-09
2013-03-05,0.09614789781217813,2026-03-09
2013-03-06,-0.007076537407791296,2026-03-09
2013-03-07,-0.005072778989410524,2026-03-09
2013-03-08,0.018650780618113563,2026-03-09
2013-03-11,-0.013223008280465418,2026-03-09
2013-03-12,0.0,2026-03-09
2013-03-13,0.0009756246877587377,2026-03-09
2013-03-14,0.0011518619363858347,2026-03-09
2013-03-15,-0.005772453693281154,2026-03-09
2013-03-18,-0.02973957333288533,2026-03-09
2013-03-19,-0.014230537863512173,2026-03-09
2013-03-20,0.00944803586805898,2026-03-09
2013-03-21,-0.003694468165558821,2026-03-09
2013-03-22,-0.03973537257677524,2026-03-09
2013-03-25,-0.02042674320977844,2026-03-09
2013-03-26,0.008318298291876011,2026-03-09
2013-03-27,-0.01581480803518275,2026-03-09
2013-03-28,0.000791708284973401,2026-03-09
2013-04-01,0.019107988751095782,2026-03-09
2013-04-02,-0.004864787664752928,2026-03-09
2013-04-03,-0.010687968028175215,2026-03-09
2013-04-04,-0.004050024475651895,2026-03-09
2013-04-05,-0.004861823078540559,2026-03-09
2013-04-08,0.009010462994432648,2026-03-09
2013-04-09,-0.0025661306761189987,2026-03-09
2013-04-10,0.034958375505831356,2026-03-09
2013-04-11,-0.016647037012727735,2026-03-09
2013-04-12,-0.0017480483394483736,2026-03-09
2013-04-15,-0.026594737974142593,2026-03-09
2013-04-16,-0.00039933209049714934,2026-03-09
2013-04-17,-0.019868491467149883,2026-03-09
2013-04-18,-0.008285254391376803,2026-03-09
2013-04-19,-0.016570371390400795,2026-03-09
2013-04-22,0.004272336293637095,2026-03-09
2013-04-23,0.017624829635442273,2026-03-09
2013-04-24,-0.0107854260472658,2026-03-09
2013-04-25,0.014354839586955033,2026-03-09
2013-04-26,-0.005307764440248457,2026-03-09
2013-04-29,0.016141703197424688,2026-03-09
2013-04-30,-0.09622703968474411,2026-03-09
2013-05-01,-0.0108133400950647,2026-03-09
2013-05-02,0.008704448326240299,2026-03-09
2013-05-03,0.012587150663970948,2026-03-09
2013-05-06,-0.0012077328399058595,2026-03-09
2013-05-07,0.007006063844938167,2026-03-09
2013-05-08,0.0027235238714224917,2026-03-09
2013-05-09,-0.004798332569983856,2026-03-09
2013-05-10,0.034593685088665005,2026-03-09
2013-05-13,-0.0022199816456856367,2026-03-09
2013-05-14,0.003908080139984581,2026-03-09
2013-05-15,-0.018835358116128693,2026-03-09
2013-05-16,0.013444547521494002,2026-03-09
2013-05-17,0.01681593399466805,2026-03-09
2013-05-20,-0.018725610205872833,2026-03-09
2013-05-21,-0.010032086679276032,2026-03-09
2013-05-22,-0.02894650332181371,2026-03-09
2013-05-23,0.007918170742443376,2026-03-09
2013-05-24,0.012193996069625936,2026-03-09
2013-05-28,-0.0007577775017971517,2026-03-09
2013-05-29,-0.009575731167244035,2026-03-09
2013-05-30,0.018416735158458517,2026-03-09
2013-05-31,-0.01819810007752112,2026-03-09
2013-06-03,-0.0042722919296895095,2026-03-09
2013-06-04,-0.006277225548636326,2026-03-09
2013-06-05,0.00011051138707833894,2026-03-09
2013-06-06,-0.004761147192078061,2026-03-09
2013-06-07,-0.004337975912870973,2026-03-09
2013-06-10,-0.00022294928612752934,2026-03-09
2013-06-11,-0.01765971171558418,2026-03-09
2013-06-12,0.0002269210262347657,2026-03-09
2013-06-13,0.021438610201528846,2026-03-09
2013-06-14,0.009834848965235265,2026-03-09
2013-06-17,-0.019206845393586455,2026-03-09
2013-06-18,0.004027329883268969,2026-03-09
2013-06-19,-0.018365691338248353,2026-03-09
2013-06-20,-0.01489317482846873,2026-03-09
2013-06-21,-0.02773561640239394,2026-03-09
2013-06-24,0.006623295219534866,2026-03-09
2013-06-25,-0.006148777458813475,2026-03-09
2013-06-26,-0.0027317273157920394,2026-03-09
2013-06-27,0.017682839861243315,2026-03-09
2013-06-28,0.01599668869590053,2026-03-09
2013-07-01,0.009271551063501287,2026-03-09
2013-07-02,0.011666857603671185,2026-03-09
2013-07-03,-0.0021419379383376966,2026-03-09
2013-07-05,0.01267187305006033,2026-03-09
2013-07-08,0.002448561321099098,2026-03-09
2013-07-09,0.024920251605206806,2026-03-09
2013-07-10,0.032534501311655424,2026-03-09
2013-07-11,0.03161091250922821,2026-03-09
2013-07-12,-0.006426926158118148,2026-03-09
2013-07-15,-0.011528641321748781,2026-03-09
2013-07-16,0.00020702432520904265,2026-03-09
2013-07-17,0.004337934523969885,2026-03-09
2013-07-18,0.0023675716042763527,2026-03-09
2013-07-19,-0.005050754094834755,2026-03-09
2013-07-22,-0.0041420750516339665,2026-03-09
2013-07-23,0.00569097752309937,2026-03-09
2013-07-24,0.004426760456615176,2026-03-09
2013-07-25,0.008693487732095115,2026-03-09
2013-07-26,-0.00848798149644185,2026-03-09
2013-07-29,-0.008250111470227138,2026-03-09
2013-07-30,-0.006545109556930513,2026-03-09
2013-07-31,-0.009740789981688891,2026-03-09
2013-08-01,0.018354841845113008,2026-03-09
2013-08-02,-0.017408040004445815,2026-03-09
2013-08-05,0.023383702932526198,2026-03-09
2013-08-06,-0.012091257528879532,2026-03-09
2013-08-07,-0.004480830881816594,2026-03-09
2013-08-08,0.015544413583568813,2026-03-09
2013-08-09,0.021363989509796576,2026-03-09
2013-08-12,0.008818510205893982,2026-03-09
2013-08-13,0.0068606030889171565,2026-03-09
2013-08-14,-0.0042699257261141444,2026-03-09
2013-08-15,-0.030000728494200306,2026-03-09
2013-08-16,-0.012485359889476235,2026-03-09
2013-08-19,-0.012538027615701356,2026-03-09
2013-08-20,-0.002210401305679932,2026-03-09
2013-08-21,-0.008146864591305656,2026-03-09
2013-08-22,0.008146864591305609,2026-03-09
2013-08-23,0.00210531212116541,2026-03-09
2013-08-26,-0.002632333434201882,2026-03-09
2013-08-27,-0.025412420647364143,2026-03-09
2013-08-28,-0.006400891609515468,2026-03-09
2013-08-29,0.004885746372513516,2026-03-09
2013-08-30,-0.00564789673660142,2026-03-09
2013-09-03,-0.0011988099812961638,2026-03-09
2013-09-04,0.010198619653891863,2026-03-09
2013-09-05,0.002156616902472281,2026-03-09
2013-09-06,0.00601373743309633,2026-03-09
2013-09-09,0.03285892345003239,2026-03-09
2013-09-10,0.01745952976004773,2026-03-09
2013-09-11,0.04615905004182059,2026-03-09
2013-09-12,0.024298848134744692,2026-03-09
2013-09-13,0.007373834855521047,2026-03-09
2013-09-16,-0.01537612923671835,2026-03-09
2013-09-17,0.00629292554101413,2026-03-09
2013-09-18,0.0033211443886929652,2026-03-09
2013-09-19,-0.015369430166054767,2026-03-09
2013-09-20,0.043300795812603016,2026-03-09
2013-09-23,-0.03277441596857651,2026-03-09
2013-09-24,-0.0026689442457559494,2026-03-09
2013-09-25,-0.0015283022830942458,2026-03-09
2013-09-26,-0.0018179264108087716,2026-03-09
2013-09-27,-0.0056662829248957875,2026-03-09
2013-09-30,-0.0006744033417142568,2026-03-09
2013-10-01,0.03177580611097466,2026-03-09
2013-10-02,-0.000466929481427172,2026-03-09
2013-10-03,-0.02717333167123108,2026-03-09
2013-10-04,0.01306336456998071,2026-03-09
2013-10-07,-0.030490405624765425,2026-03-09
2013-10-08,-0.01386664776142249,2026-03-09
2013-10-09,-0.019196694097481082,2026-03-09
2013-10-10,0.01393435783284337,2026-03-09
2013-10-11,0.021080346138863386,2026-03-09
2013-10-14,-0.0013655814805308417,2026-03-09
2013-10-15,-0.06304941613991714,2026-03-09
2013-10-16,0.012398121500736983,2026-03-09
2013-10-17,0.024444568574001898,2026-03-09
2013-10-18,0.0038003954479992933,2026-03-09
2013-10-21,-0.014680999016513556,2026-03-09
2013-10-22,0.011982264427541984,2026-03-09
2013-10-23,-0.007736850350258374,2026-03-09
2013-10-24,0.021849606395493902,2026-03-09
2013-10-25,-0.010815227021283203,2026-03-09
2013-10-28,0.003783745027459709,2026-03-09
2013-10-29,0.16919995737789695,2026-03-09
2013-10-30,0.05055878269370474,2026-03-09
2013-10-31,-0.02717070887637046,2026-03-09
2013-11-01,0.0023743678865905636,2026-03-09
2013-11-04,0.0344030434286769,2026-03-09
2013-11-05,0.000947724265646039,2026-03-09
2013-11-06,-0.01832286554233937,2026-03-09
2013-11-07,-0.012133095501853089,2026-03-09
2013-11-08,0.010926435155802924,2026-03-09
2013-11-11,0.011445132513000217,2026-03-09
2013-11-12,0.005871663113857702,2026-03-09
2013-11-13,0.020360865916008105,2026-03-09
2013-11-14,-0.017595717270967207,2026-03-09
2013-11-15,0.0018129326178897877,2026-03-09
2013-11-18,-0.006795718559624319,2026-03-09
2013-11-19,-0.01292817099298051,2026-03-09
2013-11-20,0.0045678775360824524,2026-03-09
2013-11-21,0.011447780115002458,2026-03-09
2013-11-22,0.0009480986616696617,2026-03-09
2013-11-25,-0.01135696166885633,2026-03-09
2013-11-26,0.02850358352114434,2026-03-09
2013-11-27,-0.0005435392058898305,2026-03-09
2013-11-29,0.004494707797547971,2026-03-09
2013-12-02,-0.030619395665294976,2026-03-09
2013-12-03,0.013383662149945097,2026-03-09
2013-12-04,0.0010221715825626287,2026-03-09
2013-12-05,0.007125796720838252,2026-03-09
2013-12-06,-0.01240496338501821,2026-03-09
2013-12-09,0.008260897785934697,2026-03-09
2013-12-10,-0.028531299540325444,2026-03-09
2013-12-11,-0.008826342122551704,2026-03-09
2013-12-12,-0.006200575778033356,2026-03-09
2013-12-13,0.01623542545419553,2026-03-09
2013-12-16,0.006421077207262952,2026-03-09
2013-12-17,-0.007952166909560273,2026-03-09
2013-12-18,0.0064308844141964675,2026-03-09
2013-12-19,-0.019744894984679982,2026-03-09
2013-12-20,-0.0003269339587451423,2026-03-09
2013-12-23,0.021273057809904187,2026-03-09
2013-12-24,-0.0004802725896867996,2026-03-09
2013-12-26,-0.0028867192853841285,2026-03-09
2013-12-27,0.0014443630501799407,2026-03-09
2013-12-30,-0.007242921988957351,2026-03-09
2013-12-31,0.0034670643378698833,2026-03-09
2014-01-02,-0.005731145419527001,2026-03-09
2014-01-03,-0.0021880533613294053,2026-03-09
2014-01-06,-0.014875644820162012,2026-03-09
2014-01-07,0.012438742715691103,2026-03-09
2014-01-08,-0.004237911166071292,2026-03-09
2014-01-09,-0.009601696879315056,2026-03-09
2014-01-10,0.014733859487299808,2026-03-09
2014-01-13,-0.015806384198240358,2026-03-09
2014-01-14,0.020265453873804018,2026-03-09
2014-01-15,0.0033917351118401095,2026-03-09
2014-01-16,-0.00972138912105211,2026-03-09
2014-01-17,0.0007323778085123648,2026-03-09
2014-01-21,0.007859710667265896,2026-03-09
2014-01-22,-0.012589054516788826,2026-03-09
2014-01-23,-0.0036026955025618306,2026-03-09
2014-01-24,-0.023151702928367324,2026-03-09
2014-01-27,-0.024388318929578053,2026-03-09
2014-01-28,0.08045949243840608,2026-03-09
2014-01-29,-0.04016411400061905,2026-03-09
2014-01-30,0.03730263424860419,2026-03-09
2014-01-31,0.0005570341642395067,2026-03-09
2014-02-03,-0.018385978000198235,2026-03-09
2014-02-04,0.005495027439659997,2026-03-09
2014-02-05,-0.0019359663416216217,2026-03-09
2014-02-06,-0.0009693904743408641,2026-03-09
2014-02-07,0.00234109342990938,2026-03-09
2014-02-10,-0.0072833655327103125,2026-03-09
2014-02-11,0.0016230732378280993,2026-03-09
2014-02-12,-0.0025169613465305133,2026-03-09
2014-02-13,0.05711329141162853,2026-03-09
2014-02-14,-0.0005376114244906308,2026-03-09
2014-02-18,0.008110216237104964,2026-03-09
2014-02-19,-0.0129617696840129,2026-03-09
2014-02-20,0.016005214281521258,2026-03-09
2014-02-21,0.003639977833602973,2026-03-09
2014-02-24,-0.0008330342486868299,2026-03-09
2014-02-25,-0.009897310855916849,2026-03-09
2014-02-26,0.010654617135171024,2026-03-09
2014-02-27,0.017633145600772192,2026-03-09
2014-02-28,-0.04037270288659878,2026-03-09
2014-03-03,-0.0017827205502320732,2026-03-09
2014-03-04,0.008420556733124291,2026-03-09
2014-03-05,-0.014880491364965552,2026-03-09
2014-03-06,0.03279738220128594,2026-03-09
2014-03-07,-0.007432762838900663,2026-03-09
2014-03-10,-0.018827150835134972,2026-03-09
2014-03-11,-0.011861198199844828,2026-03-09
2014-03-12,0.0013335357744984314,2026-03-09
2014-03-13,-0.02387957246739632,2026-03-09
2014-03-14,0.009111341778153556,2026-03-09
2014-03-17,0.010840864297221559,2026-03-09
2014-03-18,0.016779509467319237,2026-03-09
2014-03-19,-0.015521070279444008,2026-03-09
2014-03-20,-0.011860704721014102,2026-03-09
2014-03-21,-0.01095697213063592,2026-03-09
2014-03-24,-0.04658511528620251,2026-03-09
2014-03-25,-0.020428042333585833,2026-03-09
2014-03-26,-0.009243674921683194,2026-03-09
2014-03-27,-0.010469462378161707,2026-03-09
2014-03-28,-0.004571038543464359,2026-03-09
2014-03-31,0.01651478632681773,2026-03-09
2014-04-01,0.007511440195746173,2026-03-09
2014-04-02,0.004034507368988186,2026-03-09
2014-04-03,-0.015366363169198744,2026-03-09
2014-04-04,-0.02903866857429651,2026-03-09
2014-04-07,-0.026131054838125403,2026-03-09
2014-04-08,-0.03918396256329516,2026-03-09
2014-04-09,0.03586901925812036,2026-03-09
2014-04-10,-0.04114104735974658,2026-03-09
2014-04-11,-0.03431587877664738,2026-03-09
2014-04-14,0.005455581143732204,2026-03-09
2014-04-15,0.009843511766322298,2026-03-09
2014-04-16,0.0073196796654039185,2026-03-09
2014-04-17,0.016012632177780133,2026-03-09
2014-04-21,-0.023822113522543948,2026-03-09
2014-04-22,0.058708853119083936,2026-03-09
2014-04-23,-0.009284291211459636,2026-03-09
2014-04-24,0.16750600499668847,2026-03-09
2014-04-25,-0.048159227349503723,2026-03-09
2014-04-28,-0.006644536402944578,2026-03-09
2014-04-29,-0.030716965450292864,2026-03-09
2014-04-30,0.04256315883237256,2026-03-09
2014-05-01,-0.004539593584619612,2026-03-09
2014-05-02,-0.015506760465800514,2026-03-09
2014-05-05,-0.00987896567920132,2026-03-09
2014-05-06,8.488433704991674e-05,2026-03-09
2014-05-07,-0.0025486962126284006,2026-03-09
2014-05-08,-0.011808089367789328,2026-03-09
2014-05-09,0.044114910848184995,2026-03-09
2014-05-12,0.03137544674887656,2026-03-09
2014-05-13,-0.010752777375681902,2026-03-09
2014-05-14,-0.01552939680442276,2026-03-09
2014-05-15,0.05755434522890733,2026-03-09
2014-05-16,0.01809172071484348,2026-03-09
2014-05-19,0.053615252849750314,2026-03-09
2014-05-20,-0.00715398363909587,2026-03-09
2014-05-21,0.020386923993198643,2026-03-09
2014-05-22,0.009054334944042038,2026-03-09
2014-05-23,0.004286263784820663,2026-03-09
2014-05-27,0.01523877816796334,2026-03-09
2014-05-28,-0.019736335265424843,2026-03-09
2014-05-29,0.004006623999707892,2026-03-09
2014-05-30,-0.010082198149791393,2026-03-09
2014-06-02,-0.007468329764796592,2026-03-09
2014-06-03,0.012557367369509522,2026-03-09
2014-06-04,-0.01162965559047688,2026-03-09
2014-06-05,0.014164528896287266,2026-03-09
2014-06-06,0.005889768343792853,2026-03-09
2014-06-09,0.0019555725077697794,2026-03-09
2014-06-10,-0.008619243122283982,2026-03-09
2014-06-11,-0.0057168786605056345,2026-03-09
2014-06-12,0.010281050085520715,2026-03-09
2014-06-13,0.0037759572429583717,2026-03-09
2014-06-16,0.006539144182726121,2026-03-09
2014-06-17,-0.005492766697466107,2026-03-09
2014-06-18,-0.0016049068146625502,2026-03-09
2014-06-19,0.005432151399097207,2026-03-09
2014-06-20,0.004296927748283248,2026-03-09
2014-06-23,-0.003602612024591798,2026-03-09
2014-06-24,-0.029655247273705318,2026-03-09
2014-06-25,0.000428846684069024,2026-03-09
2014-06-26,-0.003507881028123469,2026-03-09
2014-06-27,0.009350834748061237,2026-03-09
2014-06-30,-0.0009240171655176928,2026-03-09
2014-07-01,0.012508557993951406,2026-03-09
2014-07-02,-0.0010540241404408527,2026-03-09
2014-07-03,0.00951586254938366,2026-03-09
2014-07-07,-0.026818835650326913,2026-03-09
2014-07-08,-0.00609860792252582,2026-03-09
2014-07-09,-0.0005039717314069794,2026-03-09
2014-07-10,-0.016553281435320977,2026-03-09
2014-07-11,0.028506383099236726,2026-03-09
2014-07-14,0.01124915062041935,2026-03-09
2014-07-15,-0.015884604374882396,2026-03-09
2014-07-16,-0.004513366959166972,2026-03-09
2014-07-17,0.0006460054455026415,2026-03-09
2014-07-18,0.0013624507178083703,2026-03-09
2014-07-21,-0.010734598923522387,2026-03-09
2014-07-22,0.01323950971937863,2026-03-09
2014-07-23,-0.010996616349022714,2026-03-09
2014-07-24,0.02201508114777651,2026-03-09
2014-07-25,-0.01999357455589946,2026-03-09
2014-07-28,-0.008110661565988225,2026-03-09
2014-07-29,0.0892568097586992,2026-03-09
2014-07-30,-0.00419844847260137,2026-03-09
2014-07-31,-0.045147166267308095,2026-03-09
2014-08-01,-0.020611996803349016,2026-03-09
2014-08-04,0.0258382942781511,2026-03-09
2014-08-05,0.0030534809343389525,2026-03-09
2014-08-06,-0.0008318372741528291,2026-03-09
2014-08-07,-0.009056147875356442,2026-03-09
2014-08-08,-0.0002799349159593261,2026-03-09
2014-08-11,-0.016586512252128274,2026-03-09
2014-08-12,-0.01954782760563673,2026-03-09
2014-08-13,-0.005676876035807952,2026-03-09
2014-08-14,-0.010934697175226842,2026-03-09
2014-08-15,-0.004882026449323407,2026-03-09
2014-08-18,0.022726545949459515,2026-03-09
2014-08-19,0.00520536923568656,2026-03-09
2014-08-20,-0.009782348919557529,2026-03-09
2014-08-21,-0.0021138855648676342,2026-03-09
2014-08-22,-0.0021915916698968052,2026-03-09
2014-08-25,-0.006161964478024281,2026-03-09
2014-08-26,0.026718594322270747,2026-03-09
2014-08-27,-0.0065409439005413164,2026-03-09
2014-08-28,-0.006801753049633537,2026-03-09
2014-08-29,0.008674954142544844,2026-03-09
2014-09-02,0.0012948212704147232,2026-03-09
2014-09-03,0.012288497041730904,2026-03-09
2014-09-04,-0.021967843143783396,2026-03-09
2014-09-05,0.0031886157240708004,2026-03-09
2014-09-08,0.0334408123268615,2026-03-09
2014-09-09,-0.020644124517024937,2026-03-09
2014-09-10,0.0027108097469801286,2026-03-09
2014-09-11,0.008865620864489894,2026-03-09
2014-09-12,-0.016804729448101526,2026-03-09
2014-09-15,-0.018846547615469493,2026-03-09
2014-09-16,0.017049758485653415,2026-03-09
2014-09-17,0.0019404531430769418,2026-03-09
2014-09-18,0.002509760485143032,2026-03-09
2014-09-19,-0.016900604685655882,2026-03-09
2014-09-22,-0.02515164199690958,2026-03-09
2014-09-23,-0.016037639682668255,2026-03-09
2014-09-24,0.02236654215797335,2026-03-09
2014-09-25,-0.03343328041906044,2026-03-09
2014-09-26,0.007035820511033774,2026-03-09
2014-09-29,0.01797495125628612,2026-03-09
2014-09-30,-0.020875060723770083,2026-03-09
2014-10-01,-0.017346110379202032,2026-03-09
2014-10-02,0.03926852208944225,2026-03-09
2014-10-03,0.02254930945946291,2026-03-09
2014-10-06,-0.0018292631861816257,2026-03-09
2014-10-07,-0.006244742514095469,2026-03-09
2014-10-08,0.01099392617754384,2026-03-09
2014-10-09,-0.011509938820195525,2026-03-09
2014-10-10,0.08437796574964013,2026-03-09
2014-10-13,-0.0035981909977080887,2026-03-09
2014-10-14,-0.011079288549561805,2026-03-09
2014-10-15,-0.0060702604984725255,2026-03-09
2014-10-16,0.00269473701891558,2026-03-09
2014-10-17,0.0026187119679282555,2026-03-09
2014-10-20,0.03103441612763764,2026-03-09
2014-10-21,0.009693981345433061,2026-03-09
2014-10-22,-0.017934415624809737,2026-03-09
2014-10-23,0.03704493321384117,2026-03-09
2014-10-24,0.020785991005105486,2026-03-09
2014-10-27,-0.021174992188731947,2026-03-09
2014-10-28,0.025040519041966705,2026-03-09
2014-10-29,0.01188283011490433,2026-03-09
2014-10-30,0.0,2026-03-09
2014-10-31,0.005484889446883518,2026-03-09
2014-11-03,-0.009304667412493934,2026-03-09
2014-11-04,-0.006167453611868559,2026-03-09
2014-11-05,0.0021440541164531152,2026-03-09
2014-11-06,-0.0023334102036685926,2026-03-09
2014-11-07,-0.005952766643524892,2026-03-09
2014-11-10,0.006836322316588123,2026-03-09
2014-11-11,0.010604665701881682,2026-03-09
2014-11-12,-0.0014366324623629149,2026-03-09
2014-11-13,0.0,2026-03-09
2014-11-14,0.04144682256052719,2026-03-09
2014-11-17,-0.015471307115476772,2026-03-09
2014-11-18,0.02780872482110991,2026-03-09
2014-11-19,-0.010719511121783232,2026-03-09
2014-11-20,-0.00011968752434020871,2026-03-09
2014-11-21,-0.007332303322964517,2026-03-09
2014-11-24,0.04776135710520413,2026-03-09
2014-11-25,-0.016350061904671146,2026-03-09
2014-11-26,0.016234993537315598,2026-03-09
2014-11-28,-0.012326150711044079,2026-03-09
2014-12-01,-0.0028572156632566265,2026-03-09
2014-12-02,-0.004330496211519987,2026-03-09
2014-12-03,-0.005469178257371469,2026-03-09
2014-12-04,-0.004373235668276705,2026-03-09
2014-12-05,0.005434097973213873,2026-03-09
2014-12-08,-0.013402313713259232,2026-03-09
2014-12-09,0.01640208625970191,2026-03-09
2014-12-10,-0.026904762429322562,2026-03-09
2014-12-11,0.00996517184761849,2026-03-09
2014-12-12,-0.05633295640810407,2026-03-09
2014-12-15,-0.007294024335340495,2026-03-09
2014-12-16,-0.01967148548840798,2026-03-09
2014-12-17,0.03313950863660756,2026-03-09
2014-12-18,0.04230316401740487,2026-03-09
2014-12-19,-0.012357830420011689,2026-03-09
2014-12-22,0.006258603932327198,2026-03-09
2014-12-23,-0.006014838080019004,2026-03-09
2014-12-24,-0.003479489863578349,2026-03-09
2014-12-26,0.0015275807463290725,2026-03-09
2014-12-29,-0.012843119236640376,2026-03-09
2014-12-30,-0.01595947550937523,2026-03-09
2014-12-31,0.020340928699558045,2026-03-09
2015-01-02,0.004423729470131858,2026-03-09
2015-01-05,-0.0008586286147147341,2026-03-09
2015-01-06,-0.031222377254962533,2026-03-09
2015-01-07,0.0001899078644707906,2026-03-09
2015-01-08,0.027528909172056228,2026-03-09
2015-01-09,-0.017327970514599778,2026-03-09
2015-01-12,-0.005906386186905476,2026-03-09
2015-01-13,-0.003914905238588127,2026-03-09
2015-01-14,0.004040927990458937,2026-03-09
2015-01-15,-0.032273239461963824,2026-03-09
2015-01-16,0.027156179148395205,2026-03-09
2015-01-20,0.01315025647406753,2026-03-09
2015-01-21,-0.006773721332829467,2026-03-09
2015-01-22,0.02902706003150588,2026-03-09
2015-01-23,0.009915231220511224,2026-03-09
2015-01-26,0.018530710262646834,2026-03-09
2015-01-27,-0.041552571105987306,2026-03-09
2015-01-28,-0.01510266956566718,2026-03-09
2015-01-29,0.01776244704899218,2026-03-09
2015-01-30,-0.0017311663962116506,2026-03-09
2015-02-02,0.020881908190152287,2026-03-09
2015-02-03,0.01497730643029388,2026-03-09
2015-02-04,0.008678643834171423,2026-03-09
2015-02-05,0.030656924089854383,2026-03-09
2015-02-06,0.005380965429632334,2026-03-09
2015-02-09,0.0009700818212168384,2026-03-09
2015-02-10,0.014158124514971344,2026-03-09
2015-02-11,0.0012924674794139157,2026-03-09
2015-02-12,0.003867623139735717,2026-03-09
2015-02-13,0.013833968533604248,2026-03-09
2015-02-17,-0.008755996388844832,2026-03-09
2015-02-18,0.0,2026-03-09
2015-02-19,-0.00022265142260012152,2026-03-09
2015-02-20,-0.0003897858733599918,2026-03-09
2015-02-23,-0.012102999858221972,2026-03-09
2015-02-24,-0.00033832424647128623,2026-03-09
2015-02-25,0.011048005313264485,2026-03-09
2015-02-26,0.0011705309518335772,2026-03-09
2015-02-27,-0.006539108411013056,2026-03-09
2015-03-02,0.006984634466837321,2026-03-09
2015-03-03,-0.002229724313581493,2026-03-09
2015-03-04,-0.02549097812294502,2026-03-09
2015-03-05,-0.025394124214217422,2026-03-09
2015-03-06,-0.05169512849101426,2026-03-09
2015-03-09,0.01923013308993599,2026-03-09
2015-03-10,-0.02344384557069431,2026-03-09
2015-03-11,-0.0051673380725515295,2026-03-09
2015-03-12,0.01744875312114278,2026-03-09
2015-03-13,0.007516372475534393,2026-03-09
2015-03-16,0.024950884369906445,2026-03-09
2015-03-17,0.009161673393903884,2026-03-09
2015-03-18,0.019114749691088274,2026-03-09
2015-03-19,0.003112264342291728,2026-03-09
2015-03-20,0.005623448140879296,2026-03-09
2015-03-23,-0.002348851988516488,2026-03-09
2015-03-24,-0.010667506018893536,2026-03-09
2015-03-25,-0.032643024881925886,2026-03-09
2015-03-26,0.015334703491116288,2026-03-09
2015-03-27,0.0034739643139201394,2026-03-09
2015-03-30,0.00457419955317352,2026-03-09
2015-03-31,-0.01011469820020171,2026-03-09
2015-04-01,-0.00017734649441874427,2026-03-09
2015-04-02,0.0021258599043841577,2026-03-09
2015-04-06,0.0029452305976723596,2026-03-09
2015-04-07,0.0015280090360178468,2026-03-09
2015-04-08,0.010457279539257082,2026-03-09
2015-04-09,0.011096422615130722,2026-03-09
2015-04-10,0.011429392185158926,2026-03-09
2015-04-13,-0.023165386193953794,2026-03-09
2015-04-14,-0.004896805697030224,2026-03-09
2015-04-15,0.013178396798110267,2026-03-09
2015-04-16,-0.00023081372060104757,2026-03-09
2015-04-17,-0.015697912669013832,2026-03-09
2015-04-20,0.0033345575160640926,2026-03-09
2015-04-21,0.024062776376004773,2026-03-09
2015-04-22,0.005288483693464046,2026-03-09
2015-04-23,0.0017566309807992395,2026-03-09
2015-04-24,-0.008756983330704713,2026-03-09
2015-04-27,-0.008776759082949637,2026-03-09
2015-04-28,-0.022491281023024643,2026-03-09
2015-04-29,0.09745078573523824,2026-03-09
2015-04-30,-0.02681711291141837,2026-03-09
2015-05-01,0.0030701645038082475,2026-03-09
2015-05-04,-0.007582897634449921,2026-03-09
2015-05-05,-0.01276728694144469,2026-03-09
2015-05-06,0.0019533896712972216,2026-03-09
2015-05-07,-0.01014325489039258,2026-03-09
2015-05-08,0.018416722865353174,2026-03-09
2015-05-11,0.001215875593550179,2026-03-09
2015-05-12,-0.019407338817211545,2026-03-09
2015-05-13,-0.0008450122967267514,2026-03-09
2015-05-14,0.01338020341801854,2026-03-09
2015-05-15,-0.005688554271063418,2026-03-09
2015-05-18,0.0016764847445408636,2026-03-09
2015-05-19,-0.0022918686898491755,2026-03-09
2015-05-20,-0.012614855792866551,2026-03-09
2015-05-21,-0.006082521622746249,2026-03-09
2015-05-22,-0.0004562233445744155,2026-03-09
2015-05-26,-0.01442188562754315,2026-03-09
2015-05-27,0.01447889772990041,2026-03-09
2015-05-28,0.007784302074328059,2026-03-09
2015-05-29,-0.00396981733430227,2026-03-09
2015-06-01,0.0009088236300427169,2026-03-09
2015-06-02,-0.0014772445621748277,2026-03-09
2015-06-03,0.010857454691608712,2026-03-09
2015-06-04,-0.01650213851562257,2026-03-09
2015-06-05,0.031185627143911106,2026-03-09
2015-06-08,-0.019927835351554395,2026-03-09
2015-06-09,-0.0005090218267122533,2026-03-09
2015-06-10,0.027781175124557664,2026-03-09
2015-06-11,-0.006181113486198064,2026-03-09
2015-06-12,-0.010517873213050376,2026-03-09
2015-06-15,-0.026415751914788566,2026-03-09
2015-06-16,0.012047331472340814,2026-03-09
2015-06-17,0.0033994063329471987,2026-03-09
2015-06-18,0.010353458004733697,2026-03-09
2015-06-19,-0.005332217177490086,2026-03-09
2015-06-22,0.005220208627565038,2026-03-09
2015-06-23,0.0,2026-03-09
2015-06-24,-0.024884332217357825,2026-03-09
2015-06-25,-0.0019533728180764565,2026-03-09
2015-06-26,-0.0001725526636819191,2026-03-09
2015-06-29,-0.03500091439254553,2026-03-09
2015-06-30,0.013019435674035493,2026-03-09
2015-07-01,-0.00011753403734199434,2026-03-09
2015-07-02,0.014651603026613289,2026-03-09
2015-07-06,-0.000579656228023971,2026-03-09
2015-07-07,0.0065305441217029855,2026-03-09
2015-07-08,-0.007981101028685123,2026-03-09
2015-07-09,0.012808120614180497,2026-03-09
2015-07-10,0.007197120853667231,2026-03-09
2015-07-13,0.007936515269372519,2026-03-09
2015-07-14,0.020123687616365883,2026-03-09
2015-07-15,0.01193737305636415,2026-03-09
2015-07-16,0.0185826787941094,2026-03-09
2015-07-17,-0.003602802134994912,2026-03-09
2015-07-20,-0.008819693548193697,2026-03-09
2015-07-21,-0.013680104189645572,2026-03-09
2015-07-22,0.012157212651022948,2026-03-09
2015-07-23,-0.021456475264827357,2026-03-09
2015-07-24,0.008913514964919593,2026-03-09
2015-07-27,-0.01813176602997098,2026-03-09
2015-07-28,0.12557909269281137,2026-03-09
2015-07-29,0.012152957249252853,2026-03-09
2015-07-30,0.0016125951040790142,2026-03-09
2015-07-31,-0.004698323561360857,2026-03-09
2015-08-03,-0.001718416865125423,2026-03-09
2015-08-04,0.05432063245099989,2026-03-09
2015-08-05,0.006448489732898173,2026-03-09
2015-08-06,-0.014955164196840901,2026-03-09
2015-08-07,0.011991276749286149,2026-03-09
2015-08-10,0.014915315730859,2026-03-09
2015-08-11,-0.015843368194637754,2026-03-09
2015-08-12,0.0072619753839450575,2026-03-09
2015-08-13,0.00794148334563276,2026-03-09
2015-08-14,0.0004113675614041381,2026-03-09
2015-08-17,0.012715915795756328,2026-03-09
2015-08-18,-0.01761815198498225,2026-03-09
2015-08-19,0.004079244528576125,2026-03-09
2015-08-20,-0.04218181661864871,2026-03-09
2015-08-21,-0.027033248767618846,2026-03-09
2015-08-24,-0.03969919439312818,2026-03-09
2015-08-25,-0.0001530393168580231,2026-03-09
2015-08-26,0.025733457512522834,2026-03-09
2015-08-27,-0.0013432716182449767,2026-03-09
2015-08-28,0.0005972745587195671,2026-03-09
2015-08-31,-0.011459010093755616,2026-03-09
2015-09-01,-0.013477467082523956,2026-03-09
2015-09-02,0.004986504677539238,2026-03-09
2015-09-03,0.006828738966567054,2026-03-09
2015-09-04,-0.014931746791026464,2026-03-09
2015-09-08,0.029345694734141663,2026-03-09
2015-09-09,-0.01456520500449028,2026-03-09
2015-09-10,0.0003528655168072249,2026-03-09
2015-09-11,0.01366562213626694,2026-03-09
2015-09-14,-0.000945112222015003,2026-03-09
2015-09-15,0.03424158313253928,2026-03-09
2015-09-16,0.00919059828565812,2026-03-09
2015-09-17,0.0001429477788208665,2026-03-09
2015-09-18,-0.015459547940758319,2026-03-09
2015-09-21,0.008767391553264637,2026-03-09
2015-09-22,-0.006882123812095139,2026-03-09
2015-09-23,0.005826350080680031,2026-03-09
2015-09-24,-0.014946950512570414,2026-03-09
2015-09-25,0.0,2026-03-09
2015-09-28,-0.0495019154571161,2026-03-09
2015-09-29,-0.002871784325429758,2026-03-09
2015-09-30,0.00894707977065096,2026-03-09
2015-10-01,0.014301527252245542,2026-03-09
2015-10-02,-0.0023107221677540275,2026-03-09
2015-10-05,0.01075468152435398,2026-03-09
2015-10-06,-0.017111665618199167,2026-03-09
2015-10-07,0.01007163136117434,2026-03-09
2015-10-08,-0.0002506110209897649,2026-03-09
2015-10-09,0.028264173137206826,2026-03-09
2015-10-12,0.004181280069572946,2026-03-09
2015-10-13,-0.0331974719975532,2026-03-09
2015-10-14,-0.013278689298531985,2026-03-09
2015-10-15,0.015332970973894527,2026-03-09
2015-10-16,0.01648092527698723,2026-03-09
2015-10-19,0.003047803327045306,2026-03-09
2015-10-20,-0.0330335771098591,2026-03-09
2015-10-21,-0.03484499160803814,2026-03-09
2015-10-22,0.023672268342143952,2026-03-09
2015-10-23,-0.03519025397917571,2026-03-09
2015-10-26,0.04204128904571914,2026-03-09
2015-10-27,-0.15404878676634273,2026-03-09
2015-10-28,0.06115598247965982,2026-03-09
2015-10-29,-0.025310668253333085,2026-03-09
2015-10-30,-0.013335396918703042,2026-03-09
2015-11-02,0.023491215468310005,2026-03-09
2015-11-03,0.005434834131146407,2026-03-09
2015-11-04,0.017406389866396175,2026-03-09
2015-11-05,-0.0185362317074633,2026-03-09
2015-11-06,0.004117667021267503,2026-03-09
2015-11-09,-0.015829630866805548,2026-03-09
2015-11-10,-0.00234750710407347,2026-03-09
2015-11-11,0.0022903482773498013,2026-03-09
2015-11-12,-0.0122567493144981,2026-03-09
2015-11-13,-0.02254261246216852,2026-03-09
2015-11-16,0.015920548642196643,2026-03-09
2015-11-17,0.002037778099692515,2026-03-09
2015-11-18,0.01666942984563936,2026-03-09
2015-11-19,-0.010465342830167267,2026-03-09
2015-11-20,0.0012131314522277393,2026-03-09
2015-11-23,0.002709845477692365,2026-03-09
2015-11-24,-0.0021903350080116767,2026-03-09
2015-11-25,0.012044939815483137,2026-03-09
2015-11-27,0.0009117187790176753,2026-03-09
2015-11-30,-0.012552818076744443,2026-03-09
2015-12-01,0.021794562582695094,2026-03-09
2015-12-02,-0.005659666662472357,2026-03-09
2015-12-03,-0.014924351968849297,2026-03-09
2015-12-04,0.018606793032631304,2026-03-09
2015-12-07,-0.017743046465247558,2026-03-09
2015-12-08,0.010079725696914815,2026-03-09
2015-12-09,-0.01701089962376341,2026-03-09
2015-12-10,0.0012742911367903396,2026-03-09
2015-12-11,0.008014107424004581,2026-03-09
2015-12-14,0.006353956157925397,2026-03-09
2015-12-15,0.020781144142309617,2026-03-09
2015-12-16,-0.010167185359968925,2026-03-09
2015-12-17,-0.02059223798988821,2026-03-09
2015-12-18,0.012770371265605929,2026-03-09
2015-12-21,0.009232322482946257,2026-03-09
2015-12-22,-0.0012974986828249112,2026-03-09
2015-12-23,0.0017485063808765984,2026-03-09
2015-12-24,0.0009011908511825085,2026-03-09
2015-12-28,-0.006779243546327979,2026-03-09
2015-12-29,0.02369518109573124,2026-03-09
2015-12-30,-0.009567265135762988,2026-03-09
2015-12-31,0.0020658646157100118,2026-03-09
2016-01-04,-0.046581101853763116,2026-03-09
2016-01-05,0.0037328229005631616,2026-03-09
2016-01-06,-0.014661299408568225,2026-03-09
2016-01-07,-0.04990435307732135,2026-03-09
2016-01-08,-0.08336547713222398,2026-03-09
2016-01-11,0.02861142023167942,2026-03-09
2016-01-12,0.024236576784873443,2026-03-09
2016-01-13,-0.03817382057427789,2026-03-09
2016-01-14,0.014461892880218185,2026-03-09
2016-01-15,-0.017192794476026882,2026-03-09
2016-01-19,-0.02423585107736798,2026-03-09
2016-01-20,0.022633810288012073,2026-03-09
2016-01-21,0.003534427328092476,2026-03-09
2016-01-22,-0.0020657813513517715,2026-03-09
2016-01-25,-0.027250739392518347,2026-03-09
2016-01-26,0.008668098711895979,2026-03-09
2016-01-27,-0.03288269075211813,2026-03-09
2016-01-28,0.1609796836213928,2026-03-09
2016-01-29,0.030905696044765143,2026-03-09
2016-02-01,0.004799788616388177,2026-03-09
2016-02-02,-0.00840027317555011,2026-03-09
2016-02-03,-0.0023880058521648325,2026-03-09
2016-02-04,-0.021455515266451102,2026-03-09
2016-02-05,-0.07021078787986704,2026-03-09
2016-02-08,-0.009375263486177354,2026-03-09
2016-02-09,-0.019807782072964176,2026-03-09
2016-02-10,-0.011982517551625181,2026-03-09
2016-02-11,-0.0038703214159903623,2026-03-09
2016-02-12,0.015457886098524007,2026-03-09
2016-02-16,0.003023763639195319,2026-03-09
2016-02-17,0.027448628196517583,2026-03-09
2016-02-18,-0.04760310903672672,2026-03-09
2016-02-19,0.025978897594149217,2026-03-09
2016-02-22,0.008770576250457882,2026-03-09
2016-02-23,-0.013086564216981084,2026-03-09
2016-02-24,0.025812486588712807,2026-03-09
2016-02-25,0.009976862226311925,2026-03-09
2016-02-26,0.002715262116643283,2026-03-09
2016-02-29,0.014461759953818269,2026-03-09
2016-03-01,0.06903842520536772,2026-03-09
2016-03-02,-0.02436787447187154,2026-03-09
2016-03-03,0.014984630635044823,2026-03-09
2016-03-04,-0.010595719492424577,2026-03-09
2016-03-07,-0.0013620774127667363,2026-03-09
2016-03-08,-0.0065398932466988755,2026-03-09
2016-03-09,0.00351305951684544,2026-03-09
2016-03-10,-0.00667938516578248,2026-03-09
2016-03-11,0.020550906729896314,2026-03-09
2016-03-14,-0.0150609204351967,2026-03-09
2016-03-15,-0.013359580368978512,2026-03-09
2016-03-16,0.009424211784660621,2026-03-09
2016-03-17,0.009513678598020847,2026-03-09
2016-03-18,0.03569099638320117,2026-03-09
2016-03-21,0.0024525164498147532,2026-03-09
2016-03-22,0.00125238312794045,2026-03-09
2016-03-23,-0.03644138006899306,2026-03-09
2016-03-24,0.019515643516785114,2026-03-09
2016-03-28,-0.004639836965607489,2026-03-09
2016-03-29,0.03299231115702609,2026-03-09
2016-03-30,0.017175494498420492,2026-03-09
2016-03-31,-0.0063784442697843455,2026-03-09
2016-04-01,0.016718986761822284,2026-03-09
2016-04-04,0.010667986183348768,2026-03-09
2016-04-05,-0.008754641426453214,2026-03-09
2016-04-06,-0.004159387360923856,2026-03-09
2016-04-07,-0.01792873460504049,2026-03-09
2016-04-08,-0.0016764847445408344,2026-03-09
2016-04-11,0.010681084220320294,2026-03-09
2016-04-12,0.010622819802093267,2026-03-09
2016-04-13,0.02391119768826627,2026-03-09
2016-04-14,0.004693056556353589,2026-03-09
2016-04-15,-0.009515708140246125,2026-03-09
2016-04-18,0.011110641278785421,2026-03-09
2016-04-19,0.005826218935023502,2026-03-09
2016-04-20,-0.005666956615057406,2026-03-09
2016-04-21,-0.00010617206165111481,2026-03-09
2016-04-22,0.018629180894174556,2026-03-09
2016-04-25,-0.033398337441806224,2026-03-09
2016-04-26,0.0230740834341992,2026-03-09
2016-04-27,0.0007372269493241143,2026-03-09
2016-04-28,-0.039732491848336916,2026-03-09
2016-04-29,-0.01796178441473186,2026-03-09
2016-05-02,0.026307204911584333,2026-03-09
2016-05-03,-0.02063509988003653,2026-03-09
2016-05-04,-0.0014983175840278045,2026-03-09
2016-05-05,-0.0013337133402010594,2026-03-09
2016-05-06,0.01512171030741286,2026-03-09
2016-05-09,0.030159004445450683,2026-03-09
2016-05-10,0.012359490618125113,2026-03-09
2016-05-11,-0.028269878056764713,2026-03-09
2016-05-12,-0.004003868963167098,2026-03-09
2016-05-13,-0.012547875665889325,2026-03-09
2016-05-16,0.0018648752702830004,2026-03-09
2016-05-17,-0.019309622572304858,2026-03-09
2016-05-18,0.007014416962909901,2026-03-09
2016-05-19,-0.007908606613070671,2026-03-09
2016-05-20,0.0024572065264414863,2026-03-09
2016-05-23,0.02337481289698463,2026-03-09
2016-05-24,0.031484723238016606,2026-03-09
2016-05-25,-0.012218572617603621,2026-03-09
2016-05-26,0.005011732864336421,2026-03-09
2016-05-27,0.015305392515685324,2026-03-09
2016-05-31,-0.023261232996148677,2026-03-09
2016-06-01,-0.0003753234396319007,2026-03-09
2016-06-02,0.022431162735931796,2026-03-09
2016-06-03,-0.010596067298596667,2026-03-09
2016-06-06,0.03140587730404573,2026-03-09
2016-06-07,-0.004271870447007508,2026-03-09
2016-06-08,-0.008182807371819019,2026-03-09
2016-06-09,-0.0010926356558001841,2026-03-09
2016-06-10,-0.022799491164689305,2026-03-09
2016-06-13,-0.007698878031407775,2026-03-09
2016-06-14,-0.00441078301949599,2026-03-09
2016-06-15,-0.003456055780349705,2026-03-09
2016-06-16,-0.00075761348369075,2026-03-09
2016-06-17,-0.030450325361524033,2026-03-09
2016-06-20,0.026381819709054066,2026-03-09
2016-06-21,-0.009667718862671334,2026-03-09
2016-06-22,-0.014261444843219288,2026-03-09
2016-06-23,0.018314762129511844,2026-03-09
2016-06-24,-0.05517325290247965,2026-03-09
2016-06-27,-0.035213098081012535,2026-03-09
2016-06-28,0.00608455650476811,2026-03-09
2016-06-29,0.03603617517203046,2026-03-09
2016-06-30,0.004007654195641184,2026-03-09
2016-07-01,-0.015140928820078411,2026-03-09
2016-07-05,0.0028383478823352723,2026-03-09
2016-07-06,0.00011572726351419538,2026-03-09
2016-07-07,0.00542193507286663,2026-03-09
2016-07-08,0.02527608386437597,2026-03-09
2016-07-11,0.012596300048280539,2026-03-09
2016-07-12,0.005798693138745936,2026-03-09
2016-07-13,-0.00011007772044360234,2026-03-09
2016-07-14,0.0034635248643187424,2026-03-09
2016-07-15,0.027071112374284643,2026-03-09
2016-07-18,0.0010143403078408148,2026-03-09
2016-07-19,-0.004546021116024876,2026-03-09
2016-07-20,0.02084788332740442,2026-03-09
2016-07-21,-0.03575343409913515,2026-03-09
2016-07-22,0.021796772057265965,2026-03-09
2016-07-25,-0.017886883628638585,2026-03-09
2016-07-26,0.0037866373598767177,2026-03-09
2016-07-27,-0.012113435894231545,2026-03-09
2016-07-28,0.01141125711267504,2026-03-09
2016-07-29,-0.05663090952680515,2026-03-09
2016-08-01,-0.016604596105641328,2026-03-09
2016-08-02,-0.028122664933446978,2026-03-09
2016-08-03,-0.002394691900754362,2026-03-09
2016-08-04,-0.014185528337306305,2026-03-09
2016-08-05,0.011063899808871888,2026-03-09
2016-08-08,-0.011367864838418123,2026-03-09
2016-08-09,0.003763298718993403,2026-03-09
2016-08-10,0.0031454202120208474,2026-03-09
2016-08-11,0.003316170944541077,2026-03-09
2016-08-12,-0.004222566406923918,2026-03-09
2016-08-15,0.007947538697142298,2026-03-09
2016-08-16,-0.00812880110033401,2026-03-09
2016-08-17,-0.008378440285228394,2026-03-09
2016-08-18,0.009466098150802998,2026-03-09
2016-08-19,0.006381274590692191,2026-03-09
2016-08-22,0.0014392043958621936,2026-03-09
2016-08-23,0.009185828636039563,2026-03-09
2016-08-24,-0.009785254963109216,2026-03-09
2016-08-25,0.00919142459603405,2026-03-09
2016-08-26,-0.005062757805920778,2026-03-09
2016-08-29,-0.008816403920433384,2026-03-09
2016-08-30,0.005766400252841603,2026-03-09
2016-08-31,-0.00101862426878831,2026-03-09
2016-09-01,0.0031725802282043386,2026-03-09
2016-09-02,0.01459535150795014,2026-03-09
2016-09-06,0.004993934385606155,2026-03-09
2016-09-07,0.006309526335497198,2026-03-09
2016-09-08,0.005459408706084157,2026-03-09
2016-09-09,-0.01135877656154917,2026-03-09
2016-09-12,0.010199776125673063,2026-03-09
2016-09-13,-0.014720798706260915,2026-03-09
2016-09-14,-0.009103830036435568,2026-03-09
2016-09-15,-0.004583298522968739,2026-03-09
2016-09-16,-0.016724199669848516,2026-03-09
2016-09-19,-0.003585650197824269,2026-03-09
2016-09-20,0.013905994952449366,2026-03-09
2016-09-21,0.0064635929044205885,2026-03-09
2016-09-22,0.015802429216703336,2026-03-09
2016-09-23,0.008652931036599655,2026-03-09
2016-09-26,-0.005311531815859289,2026-03-09
2016-09-27,-0.010649337585261785,2026-03-09
2016-09-28,0.007014232999296572,2026-03-09
2016-09-29,-0.026847663107480036,2026-03-09
2016-09-30,0.010204787637884198,2026-03-09
2016-10-03,-0.021734657804987536,2026-03-09
2016-10-04,0.039844862627795435,2026-03-09
2016-10-05,0.0029867725335524513,2026-03-09
2016-10-06,0.010239230405932375,2026-03-09
2016-10-07,0.0012147453689762078,2026-03-09
2016-10-10,0.009836966370985627,2026-03-09
2016-10-11,-0.009374625584524805,2026-03-09
2016-10-12,0.000577680621273366,2026-03-09
2016-10-13,-0.004572720853791969,2026-03-09
2016-10-14,-0.0009867487200466056,2026-03-09
2016-10-17,-0.0020345798998664083,2026-03-09
2016-10-18,0.004238891263299366,2026-03-09
2016-10-19,-0.014239239521789045,2026-03-09
2016-10-20,-0.010042028819660412,2026-03-09
2016-10-21,0.0010087642690617383,2026-03-09
2016-10-24,0.03169675986611263,2026-03-09
2016-10-25,-0.01010601041771439,2026-03-09
2016-10-26,-0.0028480815446008173,2026-03-09
2016-10-27,0.010019504720140526,2026-03-09
2016-10-28,0.09838057288038957,2026-03-09
2016-10-31,0.017293665891639356,2026-03-09
2016-11-01,0.0011798800627147454,2026-03-09
2016-11-02,-0.016386577183657627,2026-03-09
2016-11-03,-0.015282726080847991,2026-03-09
2016-11-04,0.006330514766474478,2026-03-09
2016-11-07,0.011242837765716733,2026-03-09
2016-11-08,-0.012084627975671778,2026-03-09
2016-11-09,0.009846090159315847,2026-03-09
2016-11-10,0.006648697895583267,2026-03-09
2016-11-11,0.0184149883050261,2026-03-09
2016-11-14,-0.023865700846127547,2026-03-09
2016-11-15,0.00514001410313543,2026-03-09
2016-11-16,0.017352519681921984,2026-03-09
2016-11-17,0.005025979473734063,2026-03-09
2016-11-18,-0.004008655628602888,2026-03-09
2016-11-21,0.0012703706309552352,2026-03-09
2016-11-22,0.008293324537489752,2026-03-09
2016-11-23,-0.0018146688734621385,2026-03-09
2016-11-25,-0.0018178714803236678,2026-03-09
2016-11-28,-0.014355753934156723,2026-03-09
2016-11-29,0.0010249812440020491,2026-03-09
2016-11-30,-0.006165607437106991,2026-03-09
2016-12-01,-0.012602922418987085,2026-03-09
2016-12-02,0.0017729783362312693,2026-03-09
2016-12-05,0.01970659413779938,2026-03-09
2016-12-06,0.014252270426003797,2026-03-09
2016-12-07,-0.0006045558442722063,2026-03-09
2016-12-08,0.012668234734027508,2026-03-09
2016-12-09,-4.973010033032593e-05,2026-03-09
2016-12-12,0.00446829021169089,2026-03-09
2016-12-13,0.012650606367966331,2026-03-09
2016-12-14,-0.024009301768254263,2026-03-09
2016-12-15,0.009772279557675576,2026-03-09
2016-12-16,-0.005722108735714834,2026-03-09
2016-12-19,0.013776909819618169,2026-03-09
2016-12-20,0.0034883050200252954,2026-03-09
2016-12-21,-0.01771445634163368,2026-03-09
2016-12-22,-0.02083356670195539,2026-03-09
2016-12-23,0.025366217280810757,2026-03-09
2016-12-27,0.00129133249963134,2026-03-09
2016-12-28,-0.019445359575345975,2026-03-09
2016-12-29,0.004544322448007174,2026-03-09
2016-12-30,-0.005557003940306732,2026-03-09
2017-01-03,0.002226527861602051,2026-03-09
2017-01-04,0.0005053428084459001,2026-03-09
2017-01-05,0.008401498916659136,2026-03-09
2017-01-06,-0.0022067627855121854,2026-03-09
2017-01-09,-0.0027148808133948686,2026-03-09
2017-01-10,0.010765895792441051,2026-03-09
2017-01-11,0.0010951898528710968,2026-03-09
2017-01-12,-0.0026402732745416987,2026-03-09
2017-01-13,0.016474425846232422,2026-03-09
2017-01-17,-0.014232307813168942,2026-03-09
2017-01-18,0.007882469121769271,2026-03-09
2017-01-19,-0.017484435362800838,2026-03-09
2017-01-20,0.012732718076261475,2026-03-09
2017-01-23,0.017460152606438073,2026-03-09
2017-01-24,-0.01048878425302408,2026-03-09
2017-01-25,0.0016738248966896951,2026-03-09
2017-01-26,-0.00988642592646006,2026-03-09
2017-01-27,-0.008581123324358014,2026-03-09
2017-01-30,-0.0006014954972635784,2026-03-09
2017-01-31,0.00918261882162154,2026-03-09
2017-02-01,-0.024083017721230317,2026-03-09
2017-02-02,-0.02582548453322379,2026-03-09
2017-02-03,0.02057030087411625,2026-03-09
2017-02-06,-0.02685627919035811,2026-03-09
2017-02-07,-0.012213051822030838,2026-03-09
2017-02-08,-0.002663218609040943,2026-03-09
2017-02-09,0.013351133491275318,2026-03-09
2017-02-10,-0.0034795473015541874,2026-03-09
2017-02-13,0.01045486477796765,2026-03-09
2017-02-14,0.008586372100908152,2026-03-09
2017-02-15,0.005992740311452428,2026-03-09
2017-02-16,-0.007600339785574851,2026-03-09
2017-02-17,0.0009856572931138336,2026-03-09
2017-02-21,0.015077305359001017,2026-03-09
2017-02-22,-0.006147603494608185,2026-03-09
2017-02-23,-0.006702740437911322,2026-03-09
2017-02-24,0.005314391661640675,2026-03-09
2017-02-27,0.0004629644249694311,2026-03-09
2017-02-28,-0.013150576034174069,2026-03-09
2017-03-01,0.00985334602334005,2026-03-09
2017-03-02,-0.018489604263303927,2026-03-09
2017-03-03,-0.0012098319193520955,2026-03-09
2017-03-06,-0.010848098091030985,2026-03-09
2017-03-07,-0.00202386662420199,2026-03-09
2017-03-08,0.008441129690272492,2026-03-09
2017-03-09,-0.008174642794771972,2026-03-09
2017-03-10,-0.0034703912319758077,2026-03-09
2017-03-13,0.010004858169456943,2026-03-09
2017-03-14,-0.0012186780495310372,2026-03-09
2017-03-15,0.007394989109409553,2026-03-09
2017-03-16,0.005405777594383461,2026-03-09
2017-03-17,0.004230832403963513,2026-03-09
2017-03-20,0.0029145307304270654,2026-03-09
2017-03-21,-0.023291754504549674,2026-03-09
2017-03-22,-0.005547573463140099,2026-03-09
2017-03-23,-0.002892596108572238,2026-03-09
2017-03-24,-0.0014494930183531608,2026-03-09
2017-03-27,0.004288626842004029,2026-03-09
2017-03-28,0.004270313034948931,2026-03-09
2017-03-29,0.00037278495575051153,2026-03-09
2017-03-30,0.002552531825378417,2026-03-09
2017-03-31,-0.0026057492935985006,2026-03-09
2017-04-03,-0.0019721593376498454,2026-03-09
2017-04-04,-0.006315586739436824,2026-03-09
2017-04-05,-0.01155649031473536,2026-03-09
2017-04-06,-0.0033731461212682767,2026-03-09
2017-04-07,-0.003767524240951845,2026-03-09
2017-04-10,0.010827353561041132,2026-03-09
2017-04-11,0.0047508238681709045,2026-03-09
2017-04-12,-0.009469982771644068,2026-03-09
2017-04-13,-0.012639399158864459,2026-03-09
2017-04-17,0.014323503149427931,2026-03-09
2017-04-18,0.006384613630329348,2026-03-09
2017-04-19,0.002854424780870088,2026-03-09
2017-04-20,0.01160290826569138,2026-03-09
2017-04-21,-0.0027681701764263027,2026-03-09
2017-04-24,0.01628538373497411,2026-03-09
2017-04-25,5.251648231005508e-05,2026-03-09
2017-04-26,0.012145359917747626,2026-03-09
2017-04-27,-0.0026977990023977234,2026-03-09
2017-04-28,-0.012125813468867439,2026-03-09
2017-05-01,0.006185804438058651,2026-03-09
2017-05-02,-0.017609039276253992,2026-03-09
2017-05-03,-0.0009046267965936756,2026-03-09
2017-05-04,0.007055514237871342,2026-03-09
2017-05-05,0.009365505713926315,2026-03-09
2017-05-08,0.0029806864057493393,2026-03-09
2017-05-09,-0.01918879727394679,2026-03-09
2017-05-10,-0.004106763988295207,2026-03-09
2017-05-11,-0.0003207461402363249,2026-03-09
2017-05-12,-0.009345850928661492,2026-03-09
2017-05-15,0.00945281172640751,2026-03-09
2017-05-16,0.0031489371911044934,2026-03-09
2017-05-17,-0.020239756283249515,2026-03-09
2017-05-18,0.0012499372590476505,2026-03-09
2017-05-19,-0.0019026314925950413,2026-03-09
2017-05-22,0.007804868954284421,2026-03-09
2017-05-23,-0.016988336684208658,2026-03-09
2017-05-24,-0.0006042286443718914,2026-03-09
2017-05-25,-0.002696075125823637,2026-03-09
2017-05-26,-0.004030146270718535,2026-03-09
2017-05-30,0.011385988745097272,2026-03-09
2017-05-31,-0.0026287164694679213,2026-03-09
2017-06-01,0.01944127494984406,2026-03-09
2017-06-02,0.012718648762331976,2026-03-09
2017-06-05,-0.02250064672437195,2026-03-09
2017-06-06,-0.007139995989465055,2026-03-09
2017-06-07,-0.0016422393229985175,2026-03-09
2017-06-08,0.011385715384650639,2026-03-09
2017-06-09,-0.020909352894074855,2026-03-09
2017-06-12,0.002210012957036939,2026-03-09
2017-06-13,0.005119628786529511,2026-03-09
2017-06-14,0.007003763540631543,2026-03-09
2017-06-15,-0.0031675284517756457,2026-03-09
2017-06-16,-0.0012040589950690127,2026-03-09
2017-06-19,-0.001150711550916094,2026-03-09
2017-06-20,0.004103573543515792,2026-03-09
2017-06-21,0.0072360332419993895,2026-03-09
2017-06-22,0.0007043965434839135,2026-03-09
2017-06-23,0.001894291181140187,2026-03-09
2017-06-26,-0.0005950181027834644,2026-03-09
2017-06-27,0.0014596801091889373,2026-03-09
2017-06-28,0.019896883025720725,2026-03-09
2017-06-29,0.0014288589084281765,2026-03-09
2017-06-30,0.013499166133951015,2026-03-09
2017-07-03,-0.027129476422050585,2026-03-09
2017-07-05,-0.01088781681031864,2026-03-09
2017-07-06,-0.010350396934908608,2026-03-09
2017-07-07,0.012894355695760026,2026-03-09
2017-07-10,-0.00661677954339361,2026-03-09
2017-07-11,0.0030968596789832164,2026-03-09
2017-07-12,0.017956486812398104,2026-03-09
2017-07-13,-0.010121337127529493,2026-03-09
2017-07-14,-0.005721752635731567,2026-03-09
2017-07-17,0.0058832261864221885,2026-03-09
2017-07-18,0.01564488550030412,2026-03-09
2017-07-19,0.0056002311277529035,2026-03-09
2017-07-20,-0.002584956129733896,2026-03-09
2017-07-21,-0.004446785331911806,2026-03-09
2017-07-24,0.017982553048408338,2026-03-09
2017-07-25,0.003173641052448801,2026-03-09
2017-07-26,-0.004946989252703411,2026-03-09
2017-07-27,-0.012502178573979315,2026-03-09
2017-07-28,-0.30112794146745314,2026-03-09
2017-07-31,-0.039932400999898726,2026-03-09
2017-08-01,0.013073050224999948,2026-03-09
2017-08-02,-0.002571534171123325,2026-03-09
2017-08-03,-0.01758926657912102,2026-03-09
2017-08-04,0.016116803860449367,2026-03-09
2017-08-07,-0.02688130599192856,2026-03-09
2017-08-08,-0.004855493081535984,2026-03-09
2017-08-09,-0.006791566891558303,2026-03-09
2017-08-10,-0.022142287699090955,2026-03-09
2017-08-11,0.009892961238030617,2026-03-09
2017-08-14,-0.0006978501773321609,2026-03-09
2017-08-15,-0.001785627035795537,2026-03-09
2017-08-16,0.00023303723384686194,2026-03-09
2017-08-17,-0.009836869900033228,2026-03-09
2017-08-18,-0.012076382898536353,2026-03-09
2017-08-21,-0.005733909364413354,2026-03-09
2017-08-22,0.007400106269672624,2026-03-09
2017-08-23,-0.00397174164502632,2026-03-09
2017-08-24,0.0,2026-03-09
2017-08-25,0.0009546606738937947,2026-03-09
2017-08-28,0.004363822689200662,2026-03-09
2017-08-29,0.003082924992052538,2026-03-09
2017-08-30,-0.007685346384471891,2026-03-09
2017-08-31,0.02567562782613203,2026-03-09
2017-09-01,-0.003883440768740925,2026-03-09
2017-09-05,-0.0014796975466329291,2026-03-09
2017-09-06,-0.0009356791057419815,2026-03-09
2017-09-07,0.0013252933461329567,2026-03-09
2017-09-08,-0.000857381536627411,2026-03-09
2017-09-11,-0.00038994849685846246,2026-03-09
2017-09-12,0.002493031968430347,2026-03-09
2017-09-13,0.028306993520212636,2026-03-09
2017-09-14,-0.016088143059327653,2026-03-09
2017-09-15,-0.02561351911688772,2026-03-09
2017-09-18,-0.006804859994539185,2026-03-09
2017-09-19,-0.0007942993873238545,2026-03-09
2017-09-20,-0.004379884021606407,2026-03-09
2017-09-21,-0.006324789469443845,2026-03-09
2017-09-22,0.0020058271646165972,2026-03-09
2017-09-25,-0.006432952752157293,2026-03-09
2017-09-26,0.004668061891994344,2026-03-09
2017-09-27,0.022155138580717233,2026-03-09
2017-09-28,0.0030582663314690575,2026-03-09
2017-09-29,-7.833099868892534e-05,2026-03-09
2017-10-02,0.010515361809039848,2026-03-09
2017-10-03,0.0016258206885889609,2026-03-09
2017-10-04,0.013217738825234296,2026-03-09
2017-10-05,0.0012969826929925795,2026-03-09
2017-10-06,0.0015236559552724597,2026-03-09
2017-10-09,0.005768971127656918,2026-03-09
2017-10-10,0.0017393102944358954,2026-03-09
2017-10-11,-0.001663593787251853,2026-03-09
2017-10-12,0.010839402318446871,2026-03-09
2017-10-13,0.010649067174642325,2026-03-09
2017-10-16,0.006129338876457874,2026-03-09
2017-10-17,0.0004415990900317545,2026-03-09
2017-10-18,0.0008091973803771969,2026-03-09
2017-10-19,-0.003240585056229272,2026-03-09
2017-10-20,0.010566583176805009,2026-03-09
2017-10-23,-0.0008763023875538927,2026-03-09
2017-10-24,0.0011682790146546424,2026-03-09
2017-10-25,0.005893237867707727,2026-03-09
2017-10-26,0.022310015761110514,2026-03-09
2017-10-27,-0.0007096214300104664,2026-03-09
2017-10-30,-0.03650964645970606,2026-03-09
2017-10-31,-0.026487204716219046,2026-03-09
2017-11-01,0.017091918200103882,2026-03-09
2017-11-02,-0.004096404928636221,2026-03-09
2017-11-03,-0.002316296257301932,2026-03-09
2017-11-06,0.004627239682609146,2026-03-09
2017-11-07,-0.004402828943535052,2026-03-09
2017-11-08,0.005072732900871451,2026-03-09
2017-11-09,-0.007468880931743881,2026-03-09
2017-11-10,0.0008243571365924458,2026-03-09
2017-11-13,-0.009634295277019447,2026-03-09
2017-11-14,0.007234373514549429,2026-03-09
2017-11-15,-0.007083132870382813,2026-03-09
2017-11-16,0.008883596071239955,2026-03-09
2017-11-17,0.002545131713295767,2026-03-09
2017-11-20,0.006185913469753885,2026-03-09
2017-11-21,0.017747818869620024,2026-03-09
2017-11-22,0.0033520748785946554,2026-03-09
2017-11-24,-0.00021828799711553118,2026-03-09
2017-11-27,-0.008256351688612005,2026-03-09
2017-11-28,0.013843542152646347,2026-03-09
2017-11-29,-0.011718122191376032,2026-03-09
2017-11-30,0.0012437714913230843,2026-03-09
2017-12-01,-0.012952760112902997,2026-03-09
2017-12-04,0.0017022365572854977,2026-03-09
2017-12-05,-0.004966794390580463,2026-03-09
2017-12-06,-0.0006691282440554021,2026-03-09
2017-12-07,-0.0035759095337560454,2026-03-09
2017-12-08,0.016726250716030424,2026-03-09
2017-12-11,-0.019042546973332283,2026-03-09
2017-12-12,-0.009923398905310493,2026-03-09
2017-12-13,0.003695173055384258,2026-03-09
2017-12-14,-0.008314458821593821,2026-03-09
2017-12-15,0.0068079045670981836,2026-03-09
2017-12-18,0.009976410961795492,2026-03-09
2017-12-19,0.006250064029061378,2026-03-09
2017-12-20,0.001852578856826811,2026-03-09
2017-12-21,-0.010568734853819824,2026-03-09
2017-12-22,-0.01295295870789118,2026-03-09
2017-12-26,-0.006768839660187722,2026-03-09
2017-12-27,0.0026673679170038044,2026-03-09
2017-12-28,0.0015970122880041837,2026-03-09
2017-12-29,-0.002282217271654169,2026-03-09
2018-01-02,0.003800855198128415,2026-03-09
2018-01-03,0.004390923128331708,2026-03-09
2018-01-04,0.020042523596808467,2026-03-09
2018-01-05,-0.00037021222863313215,2026-03-09
2018-01-08,0.01178128960986026,2026-03-09
2018-01-09,-0.0026387357858803084,2026-03-09
2018-01-10,0.0027118939812258466,2026-03-09
2018-01-11,0.012655688526527606,2026-03-09
2018-01-12,0.009996123280682594,2026-03-09
2018-01-16,-0.010357572975705175,2026-03-09
2018-01-17,0.009283626704778867,2026-03-09
2018-01-18,-0.005386962823947097,2026-03-09
2018-01-19,0.015223775803372787,2026-03-09
2018-01-22,-0.012562595231858152,2026-03-09
2018-01-23,-0.0008623228486879094,2026-03-09
2018-01-24,-0.005840124278066922,2026-03-09
2018-01-25,-0.006966189583835537,2026-03-09
2018-01-26,0.0033440333947696035,2026-03-09
2018-01-29,0.0011604987012355282,2026-03-09
2018-01-30,0.0031122393789427267,2026-03-09
2018-01-31,-0.004708315815640681,2026-03-09
2018-02-01,0.01018535893549508,2026-03-09
2018-02-02,-0.024518335805603093,2026-03-09
2018-02-05,-0.031271194576156264,2026-03-09
2018-02-06,0.010658084251837278,2026-03-09
2018-02-07,0.0039021545044020506,2026-03-09
2018-02-08,-0.015016343867231774,2026-03-09
2018-02-09,-0.006942587698109969,2026-03-09
2018-02-12,0.017078818707637815,2026-03-09
2018-02-13,0.012267377392644779,2026-03-09
2018-02-14,0.00976555571282358,2026-03-09
2018-02-15,0.014762009085793277,2026-03-09
2018-02-16,-0.002178630710146543,2026-03-09
2018-02-20,0.0031937075918763587,2026-03-09
2018-02-21,-0.008880517041990806,2026-03-09
2018-02-22,0.004377362975493238,2026-03-09
2018-02-23,0.004430722231181616,2026-03-09
2018-02-26,-0.002103986112117358,2026-03-09
2018-02-27,-0.018545538729613634,2026-03-09
2018-02-28,-0.054585218663907135,2026-03-09
2018-03-01,-0.03264139260023322,2026-03-09
2018-03-02,0.012515216334875819,2026-03-09
2018-03-05,0.06713614600720509,2026-03-09
2018-03-06,-0.007032262488109775,2026-03-09
2018-03-07,0.0003753135366990438,2026-03-09
2018-03-08,0.007178653432872182,2026-03-09
2018-03-09,0.015232498959370226,2026-03-09
2018-03-12,-0.0014687161293387035,2026-03-09
2018-03-13,-0.007598475616121263,2026-03-09
2018-03-14,-0.011993982747684128,2026-03-09
2018-03-15,-0.0004498140053498827,2026-03-09
2018-03-16,-0.01214515397100651,2026-03-09
2018-03-19,-0.006930426763159049,2026-03-09
2018-03-20,-0.0010704955060626127,2026-03-09
2018-03-21,0.00015298768675952752,2026-03-09
2018-03-22,0.000993959184556608,2026-03-09
2018-03-23,-0.008364412282173628,2026-03-09
2018-03-26,0.007140926306287555,2026-03-09
2018-03-27,-0.01759845432084366,2026-03-09
2018-03-28,-0.005622344074703594,2026-03-09
2018-03-29,0.010051096104128196,2026-03-09
2018-04-02,-0.02711047000047863,2026-03-09
2018-04-03,0.01014434591638021,2026-03-09
2018-04-04,-0.00015770483470954098,2026-03-09
2018-04-05,0.006132582045617479,2026-03-09
2018-04-06,-0.013494028298680072,2026-03-09
2018-04-09,-0.003422089368514282,2026-03-09
2018-04-10,0.016367294158269697,2026-03-09
2018-04-11,0.009289281102703894,2026-03-09
2018-04-12,0.006351177741102429,2026-03-09
2018-04-13,0.005082797734134624,2026-03-09
2018-04-16,0.016607406479460952,2026-03-09
2018-04-17,0.01700480942747901,2026-03-09
2018-04-18,0.0014102843642665916,2026-03-09
2018-04-19,-0.0043113546510768425,2026-03-09
2018-04-20,-0.020242239617732905,2026-03-09
2018-04-23,-0.00022802339452057544,2026-03-09
2018-04-24,-0.009012512450920855,2026-03-09
2018-04-25,0.009468579735817535,2026-03-09
2018-04-26,0.005381458316875002,2026-03-09
2018-04-27,-0.04325335767595251,2026-03-09
2018-04-30,0.006059480912926297,2026-03-09
2018-05-01,0.026019702988456874,2026-03-09
2018-05-02,-0.003906077924867373,2026-03-09
2018-05-03,-0.009174056217997512,2026-03-09
2018-05-04,0.008329583455504849,2026-03-09
2018-05-07,-0.002075918689552698,2026-03-09
2018-05-08,0.008506780847968536,2026-03-09
2018-05-09,-0.0033633781191384046,2026-03-09
2018-05-10,-0.0032211677869962182,2026-03-09
2018-05-11,-0.0069374515939100555,2026-03-09
2018-05-14,-0.016770421224417055,2026-03-09
2018-05-15,0.002592404264949018,2026-03-09
2018-05-16,0.010535804015121001,2026-03-09
2018-05-17,0.005188008875650706,2026-03-09
2018-05-18,0.010143007667584905,2026-03-09
2018-05-21,-0.004751352004978211,2026-03-09
2018-05-22,-0.0033085297388877324,2026-03-09
2018-05-23,0.002693851664859679,2026-03-09
2018-05-24,0.006512188234160728,2026-03-09
2018-05-25,-0.001757994668686818,2026-03-09
2018-05-29,-0.0111543528396952,2026-03-09
2018-05-30,0.022715207944962148,2026-03-09
2018-05-31,-0.02039719321714351,2026-03-09
2018-06-01,0.0065387393605601815,2026-03-09
2018-06-04,0.005352972003869611,2026-03-09
2018-06-05,0.0014479368234338076,2026-03-09
2018-06-06,0.0035729928910025756,2026-03-09
2018-06-07,-0.014368993586979989,2026-03-09
2018-06-08,0.00046182705236552944,2026-03-09
2018-06-11,0.008657392814557857,2026-03-09
2018-06-12,0.010849440569454005,2026-03-09
2018-06-13,0.0015081029579112372,2026-03-09
2018-06-14,0.003309742109931779,2026-03-09
2018-06-15,0.01179558227289587,2026-03-09
2018-06-18,0.0076889400967242085,2026-03-09
2018-06-19,-0.002064279534416425,2026-03-09
2018-06-20,-0.0036968759576997004,2026-03-09
2018-06-21,-0.018994043494461203,2026-03-09
2018-06-22,-0.009939046082998582,2026-03-09
2018-06-25,-0.018391451026362336,2026-03-09
2018-06-26,0.0065797377419366115,2026-03-09
2018-06-27,-0.03573638821074067,2026-03-09
2018-06-28,0.01775288223811676,2026-03-09
2018-06-29,0.0035287296192493176,2026-03-09
2018-07-02,0.01460906234229461,2026-03-09
2018-07-03,0.01629779708917078,2026-03-09
2018-07-05,0.01723078610724312,2026-03-09
2018-07-06,0.006172643269592877,2026-03-09
2018-07-09,0.0017777906790965197,2026-03-09
2018-07-10,-0.001481296225414488,2026-03-09
2018-07-11,-0.004903790682542928,2026-03-09
2018-07-12,0.015153479876723424,2026-03-09
2018-07-13,-0.003527554364446061,2026-03-09
2018-07-16,-0.003909601874199006,2026-03-09
2018-07-17,-0.0031090274092174224,2026-03-09
2018-07-18,0.00701862928341635,2026-03-09
2018-07-19,0.012510645498062325,2026-03-09
2018-07-20,-0.01649411933231052,2026-03-09
2018-07-23,-0.008089413257964981,2026-03-09
2018-07-24,-0.006578993378728114,2026-03-09
2018-07-25,0.014520575841845388,2026-03-09
2018-07-26,0.015477989991097119,2026-03-09
2018-07-27,-0.06169882843353661,2026-03-09
2018-07-30,-0.00956871761960343,2026-03-09
2018-07-31,0.017204401195830745,2026-03-09
2018-08-01,0.016459992198328752,2026-03-09
2018-08-02,0.03154317834641875,2026-03-09
2018-08-03,-0.012231173127488672,2026-03-09
2018-08-06,0.016761377809677208,2026-03-09
2018-08-07,0.005017662673721754,2026-03-09
2018-08-08,0.00079756952293071,2026-03-09
2018-08-09,0.012818874088621552,2026-03-09
2018-08-10,0.012161845804066795,2026-03-09
2018-08-13,-0.004818592078434441,2026-03-09
2018-08-14,0.009684455773873843,2026-03-09
2018-08-15,-0.011177252089934465,2026-03-09
2018-08-16,0.0035506492229218944,2026-03-09
2018-08-17,-0.010976609139036154,2026-03-09
2018-08-20,0.009912717189188893,2026-03-09
2018-08-21,0.0010638919498474624,2026-03-09
2018-08-22,0.0034674192141025927,2026-03-09
2018-08-23,0.0016234175760789342,2026-03-09
2018-08-24,0.05408578829633866,2026-03-09
2018-08-27,-0.018476599067276167,2026-03-09
2018-08-28,0.006174362744837962,2026-03-09
2018-08-29,-0.0002706442811658242,2026-03-09
2018-08-30,-0.004203634956675612,2026-03-09
2018-08-31,0.012289924852939912,2026-03-09
2018-09-04,-0.008424649875850542,2026-03-09
2018-09-05,-0.01989193134802068,2026-03-09
2018-09-06,-0.0002071644670698282,2026-03-09
2018-09-07,-0.0018662160716289586,2026-03-09
2018-09-10,0.015310420161132255,2026-03-09
2018-09-11,0.0069932517051734516,2026-03-09
2018-09-12,0.007347783720914051,2026-03-09
2018-09-13,-0.008092288113822977,2026-03-09
2018-09-14,0.009702929882710076,2026-03-09
2018-09-17,-0.013705785736340632,2026-03-09
2018-09-18,0.019255981000006243,2026-03-09
2018-09-19,-0.014440936685763753,2026-03-09
2018-09-20,-0.0010830430724984678,2026-03-09
2018-09-21,0.003178143145959951,2026-03-09
2018-09-24,-0.005008494943861091,2026-03-09
2018-09-25,-0.0038750625228337523,2026-03-09
2018-09-26,-0.037475759369104474,2026-03-09
2018-09-27,-0.006171319045729828,2026-03-09
2018-09-28,0.000569097596124984,2026-03-09
2018-10-01,-0.029956403131769657,2026-03-09
2018-10-02,-0.029597692811040004,2026-03-09
2018-10-03,0.007444481514774913,2026-03-09
2018-10-04,-0.013425007332679192,2026-03-09
2018-10-05,-0.0038037467548879293,2026-03-09
2018-10-08,-0.002747693106393667,2026-03-09
2018-10-09,-0.0009940382955509965,2026-03-09
2018-10-10,-0.031001213737901365,2026-03-09
2018-10-11,0.0006311434231042352,2026-03-09
2018-10-12,0.0037782933827699467,2026-03-09
2018-10-15,0.005718998402637262,2026-03-09
2018-10-16,0.024233331004946464,2026-03-09
2018-10-17,-0.004662003251732766,2026-03-09
2018-10-18,-0.017542294468317617,2026-03-09
2018-10-19,-0.014053216939199442,2026-03-09
2018-10-22,0.008659473914513409,2026-03-09
2018-10-23,-0.005580686314936369,2026-03-09
2018-10-24,-0.04530843198370444,2026-03-09
2018-10-25,0.01636026762976152,2026-03-09
2018-10-26,-0.0061854364592643036,2026-03-09
2018-10-29,-0.006388233966341096,2026-03-09
2018-10-30,0.01896298996828693,2026-03-09
2018-10-31,0.015439676064603173,2026-03-09
2018-11-01,-0.0027027359007819577,2026-03-09
2018-11-02,0.008717808428978529,2026-03-09
2018-11-05,-0.0007104849520314709,2026-03-09
2018-11-06,-0.0024508201964943714,2026-03-09
2018-11-07,0.027559391346104745,2026-03-09
2018-11-08,-0.010450242522346649,2026-03-09
2018-11-09,-0.0017913290804045963,2026-03-09
2018-11-12,-0.013261831189285733,2026-03-09
2018-11-13,-0.005386214483665268,2026-03-09
2018-11-14,-0.003660055610659168,2026-03-09
2018-11-15,0.0155814084550693,2026-03-09
2018-11-16,-0.002671863539130067,2026-03-09
2018-11-19,-0.02091281951835079,2026-03-09
2018-11-20,-0.01155705679036856,2026-03-09
2018-11-21,0.017405725959481762,2026-03-09
2018-11-23,-0.006652469466532611,2026-03-09
2018-11-26,0.013816406382141003,2026-03-09
2018-11-27,-0.0063653878776690894,2026-03-09
2018-11-28,0.017251390133177343,2026-03-09
2018-11-29,0.002350893066384,2026-03-09
2018-11-30,0.014607853154385996,2026-03-09
2018-12-03,0.010970199554744915,2026-03-09
2018-12-04,-0.0338305849276775,2026-03-09
2018-12-06,0.007391197103416586,2026-03-09
2018-12-07,-0.0005485224668919803,2026-03-09
2018-12-10,0.0004701485119888495,2026-03-09
2018-12-11,-0.00510542519029014,2026-03-09
2018-12-12,0.006749318364348173,2026-03-09
2018-12-13,0.001953551857370923,2026-03-09
2018-12-14,-0.009254244287619305,2026-03-09
2018-12-17,-0.032837162014770875,2026-03-09
2018-12-18,0.0043060107106844495,2026-03-09
2018-12-19,-0.004224561138077032,2026-03-09
2018-12-20,-0.018239096088361613,2026-03-09
2018-12-21,-0.03398445687853745,2026-03-09
2018-12-24,0.0010288138671539849,2026-03-09
2018-12-26,0.03692754194776688,2026-03-09
2018-12-27,0.03935093622190452,2026-03-09
2018-12-28,0.007356712239658808,2026-03-09
2018-12-31,0.006833462983715993,2026-03-09
2019-01-02,0.0063983311695691375,2026-03-09
2019-01-03,-0.01567804813853661,2026-03-09
2019-01-04,0.02981116431296928,2026-03-09
2019-01-07,0.006344873387164024,2026-03-09
2019-01-08,0.008196130063572631,2026-03-09
2019-01-09,-0.005532618939885513,2026-03-09
2019-01-10,0.007043113713796826,2026-03-09
2019-01-11,0.010136308942638943,2026-03-09
2019-01-14,-0.013159511349011605,2026-03-09
2019-01-15,0.016515600358139607,2026-03-09
2019-01-16,-0.003505499175901985,2026-03-09
2019-01-17,0.0077404444637866245,2026-03-09
2019-01-18,0.010619572810862508,2026-03-09
2019-01-22,0.0067261554801666965,2026-03-09
2019-01-23,0.001747246203102654,2026-03-09
2019-01-24,0.005802157493437949,2026-03-09
2019-01-25,0.008066848205754061,2026-03-09
2019-01-28,-0.0064049551558063925,2026-03-09
2019-01-29,-0.001734241946567135,2026-03-09
2019-01-30,-0.08211199798208166,2026-03-09
2019-01-31,-0.0037756935100878262,2026-03-09
2019-02-01,0.009022127725227381,2026-03-09
2019-02-04,0.01557629333894441,2026-03-09
2019-02-05,0.016018651902442213,2026-03-09
2019-02-06,-0.02980026145594635,2026-03-09
2019-02-07,0.006759661791884284,2026-03-09
2019-02-08,0.012619474450712364,2026-03-09
2019-02-11,0.04500350011310483,2026-03-09
2019-02-12,0.03808140924534313,2026-03-09
2019-02-13,-0.01189227700652098,2026-03-09
2019-02-14,-0.0026382885573000138,2026-03-09
2019-02-15,0.00711445681585849,2026-03-09
2019-02-19,0.006007724777200429,2026-03-09
2019-02-20,-0.010555134221941877,2026-03-09
2019-02-21,0.019115370457442625,2026-03-09
2019-02-22,0.015804074703406078,2026-03-09
2019-02-25,0.005349811560695416,2026-03-09
2019-02-26,-0.030489539651213055,2026-03-09
2019-02-27,-0.004311103797429208,2026-03-09
2019-02-28,0.0021931583021387807,2026-03-09
2019-03-01,0.0016946881863370144,2026-03-09
2019-03-04,-0.017292730117493427,2026-03-09
2019-03-05,-0.004676742023666889,2026-03-09
2019-03-06,-0.01226301528646099,2026-03-09
2019-03-07,0.002770496662070075,2026-03-09
2019-03-08,0.005590504862181593,2026-03-09
2019-03-11,0.03472175119074149,2026-03-09
2019-03-12,0.015198589575922827,2026-03-09
2019-03-13,0.015784942605942157,2026-03-09
2019-03-14,0.0033841108717312415,2026-03-09
2019-03-15,0.0022272470283814785,2026-03-09
2019-03-18,-0.003376569283081155,2026-03-09
2019-03-19,-0.0029130001696100515,2026-03-09
2019-03-20,0.0009493415787993856,2026-03-09
2019-03-21,0.01399943349930997,2026-03-09
2019-03-22,-0.039466666697789005,2026-03-09
2019-03-25,0.001806059270608826,2026-03-09
2019-03-26,0.010768322717283048,2026-03-09
2019-03-27,-0.014035499508862773,2026-03-09
2019-03-28,0.008182493251456537,2026-03-09
2019-03-29,-0.003805529727372484,2026-03-09
2019-04-01,0.02119493662477473,2026-03-09
2019-04-02,-0.007767315747522491,2026-03-09
2019-04-03,0.011763664372725796,2026-03-09
2019-04-04,-0.02297539984453056,2026-03-09
2019-04-05,0.01339816305401123,2026-03-09
2019-04-08,-0.014436219104962131,2026-03-09
2019-04-09,-0.002010070459438201,2026-03-09
2019-04-10,0.02473830595575403,2026-03-09
2019-04-11,0.005265661771874652,2026-03-09
2019-04-12,0.014239592489146179,2026-03-09
2019-04-15,-0.007395290518958758,2026-03-09
2019-04-16,0.010510306785908603,2026-03-09
2019-04-17,-0.020119021807616606,2026-03-09
2019-04-18,-0.011066347961956484,2026-03-09
2019-04-22,0.00585397101556477,2026-03-09
2019-04-23,0.012276724626666551,2026-03-09
2019-04-24,0.0025443673414329796,2026-03-09
2019-04-25,-0.010351660551998286,2026-03-09
2019-04-26,0.009548871936681008,2026-03-09
2019-04-29,-0.0012723961498784858,2026-03-09
2019-04-30,0.003144546824770219,2026-03-09
2019-05-01,-0.05973156820081666,2026-03-09
2019-05-02,-0.0012772727774227708,2026-03-09
2019-05-03,0.0013481432391647644,2026-03-09
2019-05-06,0.0029737185856970397,2026-03-09
2019-05-07,-0.018408080355209407,2026-03-09
2019-05-08,-0.006501984511423089,2026-03-09
2019-05-09,0.0011589855846630415,2026-03-09
2019-05-10,0.00814741293749956,2026-03-09
2019-05-13,-0.030697575052739675,2026-03-09
2019-05-14,0.010679497965922926,2026-03-09
2019-05-15,-0.0020533799080238112,2026-03-09
2019-05-16,0.013417148821178214,2026-03-09
2019-05-17,-0.008875994367181795,2026-03-09
2019-05-20,-0.004174160100351319,2026-03-09
2019-05-21,0.0076029383200954094,2026-03-09
2019-05-22,-0.007602938320095353,2026-03-09
2019-05-23,-0.017395579570824146,2026-03-09
2019-05-24,0.0011940146114438805,2026-03-09
2019-05-28,0.009279603359897274,2026-03-09
2019-05-29,-0.011743853748536036,2026-03-09
2019-05-30,-0.0006731105646512869,2026-03-09
2019-05-31,-0.005627040224921558,2026-03-09
2019-06-03,-0.015238550413859943,2026-03-09
2019-06-04,0.022061926501493252,2026-03-09
2019-06-05,0.004175975978907569,2026-03-09
2019-06-06,0.00022324189473085432,2026-03-09
2019-06-07,0.02010745454979039,2026-03-09
2019-06-10,-0.00431145513327821,2026-03-09
2019-06-11,-0.017806830681023376,2026-03-09
2019-06-12,-0.010943810055473341,2026-03-09
2019-06-13,-0.00475955466234478,2026-03-09
2019-06-14,0.012043792493977676,2026-03-09
2019-06-17,0.05530694456708711,2026-03-09
2019-06-18,0.030263083106749897,2026-03-09
2019-06-19,0.014185614785324537,2026-03-09
2019-06-20,0.001488656338835213,2026-03-09
2019-06-21,-0.007942720429277307,2026-03-09
2019-06-24,-0.03566107602101454,2026-03-09
2019-06-25,-0.010080315316122499,2026-03-09
2019-06-26,-0.007447763832768755,2026-03-09
2019-06-27,0.013635762865826725,2026-03-09
2019-06-28,0.016037527437786515,2026-03-09
2019-07-01,-0.023153435069644495,2026-03-09
2019-07-02,0.00335079845698989,2026-03-09
2019-07-03,0.004686508888839412,2026-03-09
2019-07-05,-0.006538758656564727,2026-03-09
2019-07-08,-0.10762902284817505,2026-03-09
2019-07-09,-0.015525299004470139,2026-03-09
2019-07-10,-0.008341869968146242,2026-03-09
2019-07-11,-0.0013834585988360493,2026-03-09
2019-07-12,0.001871345339390443,2026-03-09
2019-07-15,0.004865434376922446,2026-03-09
2019-07-16,0.0070933187064974165,2026-03-09
2019-07-17,-0.01611300827249956,2026-03-09
2019-07-18,0.0012235910917707392,2026-03-09
2019-07-19,-0.0074465057751571225,2026-03-09
2019-07-22,0.004098381930241684,2026-03-09
2019-07-23,-0.005495677865992674,2026-03-09
2019-07-24,0.009414319645503547,2026-03-09
2019-07-25,-0.004409602249109113,2026-03-09
2019-07-26,0.00920538598717216,2026-03-09
2019-07-29,-0.00928718413530154,2026-03-09
2019-07-30,0.008232497850779239,2026-03-09
2019-07-31,0.10428030408044088,2026-03-09
2019-08-01,-0.00918415014489556,2026-03-09
2019-08-02,-0.008747926475015273,2026-03-09
2019-08-05,-0.01334255975954802,2026-03-09
2019-08-06,0.011852212415885991,2026-03-09
2019-08-07,0.031200930081246997,2026-03-09
2019-08-08,0.013782458200200508,2026-03-09
2019-08-09,0.003060775240106536,2026-03-09
2019-08-12,0.0002842995861768305,2026-03-09
2019-08-13,-0.014384633475099494,2026-03-09
2019-08-14,-0.005638302347753844,2026-03-09
2019-08-15,-0.011372881730108145,2026-03-09
2019-08-16,0.0068683496341029274,2026-03-09
2019-08-19,0.017468365233949113,2026-03-09
2019-08-20,0.00542349576645726,2026-03-09
2019-08-21,0.0027007910969673813,2026-03-09
2019-08-22,0.0023395135245246816,2026-03-09
2019-08-23,-0.02226848002094565,2026-03-09
2019-08-26,0.010873979193302647,2026-03-09
2019-08-27,-0.006466944559360968,2026-03-09
2019-08-28,0.0053203345719987595,2026-03-09
2019-08-29,0.013744196382220913,2026-03-09
2019-08-30,0.013348556453103485,2026-03-09
2019-09-03,0.002161050965795625,2026-03-09
2019-09-04,-0.045810599659338196,2026-03-09
2019-09-05,0.03044242470604879,2026-03-09
2019-09-06,-0.010807035358044201,2026-03-09
2019-09-09,0.026801809111434816,2026-03-09
2019-09-10,0.008799630788506457,2026-03-09
2019-09-11,0.017641443511634058,2026-03-09
2019-09-12,0.005812035209387468,2026-03-09
2019-09-13,-0.017812700351267058,2026-03-09
2019-09-16,0.011390486835732187,2026-03-09
2019-09-17,0.010524291823437499,2026-03-09
2019-09-18,-0.005923171271124916,2026-03-09
2019-09-19,0.015540560094843643,2026-03-09
2019-09-20,-0.009349005938408506,2026-03-09
2019-09-23,0.010279110903299598,2026-03-09
2019-09-24,-0.011420332037609867,2026-03-09
2019-09-25,0.004623914804281666,2026-03-09
2019-09-26,-0.0013380281686905804,2026-03-09
2019-09-27,-0.015789815450305753,2026-03-09
2019-09-30,0.009072494504034233,2026-03-09
2019-10-01,-0.013776477298806005,2026-03-09
2019-10-02,-0.009888835934110139,2026-03-09
2019-10-03,0.0035822610996304564,2026-03-09
2019-10-04,0.0080135067353386,2026-03-09
2019-10-07,0.005171084518131902,2026-03-09
2019-10-08,-0.02327520903265527,2026-03-09
2019-10-09,0.002843990815092001,2026-03-09
2019-10-10,-0.005905052876518763,2026-03-09
2019-10-11,0.004380006648264578,2026-03-09
2019-10-14,-0.0014578716481349176,2026-03-09
2019-10-15,0.00166598453206566,2026-03-09
2019-10-16,-0.005354901244819467,2026-03-09
2019-10-17,0.0021593111191906783,2026-03-09
2019-10-18,-0.0039739419653280076,2026-03-09
2019-10-21,0.006059206255421139,2026-03-09
2019-10-22,-0.006967724665520943,2026-03-09
2019-10-23,-0.002940959790131783,2026-03-09
2019-10-24,0.01392778833195237,2026-03-09
2019-10-25,0.008058701694179092,2026-03-09
2019-10-28,0.002740288268531991,2026-03-09
2019-10-29,0.003278490496755766,2026-03-09
2019-10-30,0.045065257173778656,2026-03-09
2019-10-31,-0.001043487625686879,2026-03-09
2019-11-01,0.002867052544520752,2026-03-09
2019-11-04,-0.0011719143636617175,2026-03-09
2019-11-05,0.009659416368061346,2026-03-09
2019-11-06,-0.0002580791113561533,2026-03-09
2019-11-07,0.005277722091701778,2026-03-09
2019-11-08,0.002244228278614695,2026-03-09
2019-11-11,-0.0013459324895869417,2026-03-09
2019-11-12,0.013631636642136333,2026-03-09
2019-11-13,-0.006983690194760556,2026-03-09
2019-11-14,-0.0020408516035970584,2026-03-09
2019-11-15,-0.0015333004696056593,2026-03-09
2019-11-18,-0.007508977260621826,2026-03-09
2019-11-19,0.014454065709169442,2026-03-09
2019-11-20,-0.022279446660586722,2026-03-09
2019-11-21,-0.02978611177819769,2026-03-09
2019-11-22,0.013949083070550783,2026-03-09
2019-11-25,0.007622600712518445,2026-03-09
2019-11-26,-0.0023594356215728496,2026-03-09
2019-11-27,0.0014425491262773787,2026-03-09
2019-11-29,-0.015118300228096805,2026-03-09
2019-12-02,-0.0016643669649151242,2026-03-09
2019-12-03,-0.0006665486288862944,2026-03-09
2019-12-04,0.010743501604675285,2026-03-09
2019-12-05,-0.011543934134130601,2026-03-09
2019-12-06,0.011543934134130674,2026-03-09
2019-12-09,0.004606766701300177,2026-03-09
2019-12-10,0.0026230123581537975,2026-03-09
2019-12-11,-0.014711517995112484,2026-03-09
2019-12-12,-0.02435203798830843,2026-03-09
2019-12-13,-0.01026706971221804,2026-03-09
2019-12-16,0.008085560812273141,2026-03-09
2019-12-17,0.005580508564694614,2026-03-09
2019-12-18,-0.01043771667858893,2026-03-09
2019-12-19,0.0008911463907328997,2026-03-09
2019-12-20,-0.005151981678914877,2026-03-09
2019-12-23,-0.006009816496638503,2026-03-09
2019-12-24,0.0004848799789169042,2026-03-09
2019-12-26,0.004491321057772212,2026-03-09
2019-12-27,-0.002001331356452383,2026-03-09
2019-12-30,-0.019109317983818055,2026-03-09
2019-12-31,0.004285962789035971,2026-03-09
2020-01-02,0.011709914624261368,2026-03-09
2020-01-03,-0.0051410009459226325,2026-03-09
2020-01-06,0.004725173026455926,2026-03-09
2020-01-07,-0.002637798728512187,2026-03-09
2020-01-08,-0.0011127196223100495,2026-03-09
2020-01-09,-0.0014623384769758534,2026-03-09
2020-01-10,-0.007765267486020665,2026-03-09
2020-01-13,0.015332331415581043,2026-03-09
2020-01-14,0.0012441667904931574,2026-03-09
2020-01-15,0.010307926485674771,2026-03-09
2020-01-16,0.003071784839522526,2026-03-09
2020-01-17,0.00013629489973661862,2026-03-09
2020-01-21,-0.005398183131885552,2026-03-09
2020-01-22,-0.0002055887471646655,2026-03-09
2020-01-23,-0.0012342900025378324,2026-03-09
2020-01-24,-0.017861352014361752,2026-03-09
2020-01-27,-0.004410362765393765,2026-03-09
2020-01-28,0.010260751018471341,2026-03-09
2020-01-29,0.05800686076411913,2026-03-09
2020-01-30,0.000655108353394776,2026-03-09
2020-01-31,-0.0043973678933030905,2026-03-09
2020-02-03,-0.016915272754348763,2026-03-09
2020-02-04,0.015467121307728903,2026-03-09
2020-02-05,0.0067619256731738684,2026-03-09
2020-02-06,-0.0039334270513456185,2026-03-09
2020-02-07,0.0027549913922346723,2026-03-09
2020-02-10,-0.007957645178055837,2026-03-09
2020-02-11,0.004282634074621373,2026-03-09
2020-02-12,-0.014970129889859188,2026-03-09
2020-02-13,-0.0118829261424053,2026-03-09
2020-02-14,0.005186745947841959,2026-03-09
2020-02-18,-0.005862345814838402,2026-03-09
2020-02-19,0.010955522216302749,2026-03-09
2020-02-20,0.0013359724344878872,2026-03-09
2020-02-21,0.0010008570382833955,2026-03-09
2020-02-24,-0.027517511225946405,2026-03-09
2020-02-25,-0.040784876459582696,2026-03-09
2020-02-26,0.0004996944411261791,2026-03-09
2020-02-27,-0.02822799754818637,2026-03-09
2020-02-28,-0.007811960165126989,2026-03-09
2020-03-02,0.011475787179696864,2026-03-09
2020-03-03,-0.0171890035750933,2026-03-09
2020-03-04,0.013158047472574617,2026-03-09
2020-03-05,0.0052005318357769064,2026-03-09
2020-03-06,-0.00439299769125436,2026-03-09
2020-03-09,-0.051571429751399334,2026-03-09
2020-03-10,0.004240421542907728,2026-03-09
2020-03-11,-0.04589009473704833,2026-03-09
2020-03-12,-0.13446390524560153,2026-03-09
2020-03-13,0.025472193684171498,2026-03-09
2020-03-16,-0.04285255781321684,2026-03-09
2020-03-17,0.024998941048931744,2026-03-09
2020-03-18,-0.17068502103135114,2026-03-09
2020-03-19,0.133612715392526,2026-03-09
2020-03-20,-0.04502989900472667,2026-03-09
2020-03-23,0.01702707158470021,2026-03-09
2020-03-24,0.042230232922839166,2026-03-09
2020-03-25,-0.026160151620475015,2026-03-09
2020-03-26,0.05973730863328511,2026-03-09
2020-03-27,-0.03901812403845122,2026-03-09
2020-03-30,0.036300509096762724,2026-03-09
2020-03-31,0.06887193624302448,2026-03-09
2020-04-01,-0.040698576954094144,2026-03-09
2020-04-02,0.009654332475772704,2026-03-09
2020-04-03,-0.019937215296253072,2026-03-09
2020-04-06,0.03329845244109437,2026-03-09
2020-04-07,0.014375213246105557,2026-03-09
2020-04-08,0.043960406232748946,2026-03-09
2020-04-09,0.019483719636174252,2026-03-09
2020-04-13,-0.02690964282988987,2026-03-09
2020-04-14,0.0354838303262637,2026-03-09
2020-04-15,-0.03131523584076248,2026-03-09
2020-04-16,0.01240236996156537,2026-03-09
2020-04-17,0.019150012420965246,2026-03-09
2020-04-20,0.0030775728183988315,2026-03-09
2020-04-21,-0.03373315684447805,2026-03-09
2020-04-22,0.018569925920962564,2026-03-09
2020-04-23,0.00772936383146274,2026-03-09
2020-04-24,-0.003419020369274145,2026-03-09
2020-04-27,0.028889678602821187,2026-03-09
2020-04-28,-0.0029448336517190745,2026-03-09
2020-04-29,-0.010689453941593973,2026-03-09
2020-04-30,-0.009061940485903601,2026-03-09
2020-05-01,-0.030052120641467745,2026-03-09
2020-05-04,-0.03351066589498106,2026-03-09
2020-05-05,0.018884316788976438,2026-03-09
2020-05-06,0.00980193841241416,2026-03-09
2020-05-07,0.012058135934278073,2026-03-09
2020-05-08,0.009591081935321499,2026-03-09
2020-05-11,-0.006841351342437404,2026-03-09
2020-05-12,-0.030420932738440376,2026-03-09
2020-05-13,-0.04391072163449521,2026-03-09
2020-05-14,-0.015252731402561486,2026-03-09
2020-05-15,0.020718387373797113,2026-03-09
2020-05-18,0.03861155376778311,2026-03-09
2020-05-19,-0.008946871732807666,2026-03-09
2020-05-20,0.0181444395780563,2026-03-09
2020-05-21,-0.004298241665617397,2026-03-09
2020-05-22,0.013575502857079027,2026-03-09
2020-05-26,0.018941739267926482,2026-03-09
2020-05-27,0.009655765977851965,2026-03-09
2020-05-28,-0.004616708826269091,2026-03-09
2020-05-29,-0.006885019696042152,2026-03-09
2020-06-01,-0.015218014581571735,2026-03-09
2020-06-02,-0.012392954393212119,2026-03-09
2020-06-03,0.0681501737875738,2026-03-09
2020-06-04,-0.0339734209745996,2026-03-09
2020-06-05,-0.0007185202219428784,2026-03-09
2020-06-08,0.009142630206101409,2026-03-09
2020-06-09,-0.005395969375690832,2026-03-09
2020-06-10,-0.014102769083274147,2026-03-09
2020-06-11,-0.0545604910630646,2026-03-09
2020-06-12,0.005778384454725055,2026-03-09
2020-06-15,0.03864373370750191,2026-03-09
2020-06-16,-0.0058047089628172985,2026-03-09
2020-06-17,-0.0018876252540185705,2026-03-09
2020-06-18,-0.01882390939168578,2026-03-09
2020-06-19,-0.010688075925926941,2026-03-09
2020-06-22,0.004390048806959395,2026-03-09
2020-06-23,-0.009904891968616982,2026-03-09
2020-06-24,-0.027252462044726655,2026-03-09
2020-06-25,0.029377187461633106,2026-03-09
2020-06-26,-0.015313177944335375,2026-03-09
2020-06-29,0.021322768775038175,2026-03-09
2020-06-30,-0.0017737162207060759,2026-03-09
2020-07-01,-0.004151027996511669,2026-03-09
2020-07-02,-0.0038273555087799315,2026-03-09
2020-07-06,0.020245375105807702,2026-03-09
2020-07-07,-0.013959221241211258,2026-03-09
2020-07-08,0.0011002104149166582,2026-03-09
2020-07-09,-0.007215879556416787,2026-03-09
2020-07-10,0.0024677141649526863,2026-03-09
2020-07-13,-0.016020845452840198,2026-03-09
2020-07-14,0.007485506240858776,2026-03-09
2020-07-15,0.03197098267816265,2026-03-09
2020-07-16,-0.016659408375919525,2026-03-09
2020-07-17,-0.0010135207161490116,2026-03-09
2020-07-20,0.01817090098107723,2026-03-09
2020-07-21,0.004388369759976776,2026-03-09
2020-07-22,0.0014035253570490284,2026-03-09
2020-07-23,-0.012034876304871754,2026-03-09
2020-07-24,-0.02374325916048291,2026-03-09
2020-07-27,0.006052624993139045,2026-03-09
2020-07-28,0.0012740769860815858,2026-03-09
2020-07-29,0.04099514172107192,2026-03-09
2020-07-30,-0.004818500440334127,2026-03-09
2020-07-31,0.014386401920463344,2026-03-09
2020-08-03,-0.002100333795430561,2026-03-09
2020-08-04,-0.002753293244004845,2026-03-09
2020-08-05,0.005095710335892871,2026-03-09
2020-08-06,-0.004852449344570025,2026-03-09
2020-08-07,0.00032420443808633514,2026-03-09
2020-08-10,0.0018623313721636504,2026-03-09
2020-08-11,0.08724727335864282,2026-03-09
2020-08-12,0.01581323329613455,2026-03-09
2020-08-13,-0.00029197662710080634,2026-03-09
2020-08-14,0.06793150236754085,2026-03-09
2020-08-17,-0.01921085574949615,2026-03-09
2020-08-18,-0.00487837715242664,2026-03-09
2020-08-19,-0.010322784905018308,2026-03-09
2020-08-20,0.017284622330163958,2026-03-09
2020-08-21,0.006500321385940679,2026-03-09
2020-08-24,0.0238381801904134,2026-03-09
2020-08-25,-0.01096307271719964,2026-03-09
2020-08-26,-0.006142955120252821,2026-03-09
2020-08-27,0.0031444745346508327,2026-03-09
2020-08-28,0.0025220491028516935,2026-03-09
2020-08-31,-0.016819802861219816,2026-03-09
2020-09-01,0.029873306606658108,2026-03-09
2020-09-02,0.007897774177777433,2026-03-09
2020-09-03,-0.0388794068622572,2026-03-09
2020-09-04,-0.01459170548385609,2026-03-09
2020-09-08,-0.023986054037060767,2026-03-09
2020-09-09,0.01664501077091275,2026-03-09
2020-09-10,-0.01018270980858163,2026-03-09
2020-09-11,0.010041016803975487,2026-03-09
2020-09-14,0.010502311005171261,2026-03-09
2020-09-15,0.0880683889367838,2026-03-09
2020-09-16,0.11596222351677297,2026-03-09
2020-09-17,-0.06672881821260389,2026-03-09
2020-09-18,-0.024877547261402982,2026-03-09
2020-09-21,-0.0476754307401445,2026-03-09
2020-09-22,0.01364210242683936,2026-03-09
2020-09-23,-0.039472292237537024,2026-03-09
2020-09-24,-0.015084890377729884,2026-03-09
2020-09-25,0.00047913820796328965,2026-03-09
2020-09-28,0.03582492689749522,2026-03-09
2020-09-29,-0.01175507788808508,2026-03-09
2020-09-30,0.005795179868654786,2026-03-09
2020-10-01,-0.01068385223893741,2026-03-09
2020-10-02,-0.016925460000744654,2026-03-09
2020-10-05,0.011877846278939935,2026-03-09
2020-10-06,0.012271712230216327,2026-03-09
2020-10-07,0.020124078849670227,2026-03-09
2020-10-08,0.06847446756965841,2026-03-09
2020-10-09,0.0048072917123786795,2026-03-09
2020-10-12,0.010447290795217935,2026-03-09
2020-10-13,-0.0022854467843392676,2026-03-09
2020-10-14,-0.011140828329708965,2026-03-09
2020-10-15,0.010478296783673147,2026-03-09
2020-10-16,-0.00768146099467661,2026-03-09
2020-10-19,-0.0034059002503392757,2026-03-09
2020-10-20,0.029593110738447018,2026-03-09
2020-10-21,0.06846040494680282,2026-03-09
2020-10-22,0.010986145310138301,2026-03-09
2020-10-23,0.006805524996457803,2026-03-09
2020-10-26,-0.05177890731090592,2026-03-09
2020-10-27,0.00330883772941732,2026-03-09
2020-10-28,-0.07957296948931214,2026-03-09
2020-10-29,-0.0011725037591186318,2026-03-09
2020-10-30,0.031063591704406927,2026-03-09
2020-11-02,-0.002997313353475238,2026-03-09
2020-11-03,0.03178810237490537,2026-03-09
2020-11-04,0.0033674302984670283,2026-03-09
2020-11-05,0.051675708054655795,2026-03-09
2020-11-06,0.02145473048058617,2026-03-09
2020-11-09,-0.0032917399837098025,2026-03-09
2020-11-10,0.006089247991935179,2026-03-09
2020-11-11,0.031829241713662325,2026-03-09
2020-11-12,-0.027540614871658466,2026-03-09
2020-11-13,0.028112874070177332,2026-03-09
2020-11-16,0.05887618361036055,2026-03-09
2020-11-17,0.0207223610282362,2026-03-09
2020-11-18,0.022605190911952757,2026-03-09
2020-11-19,0.01929982549274139,2026-03-09
2020-11-20,0.022768616645453908,2026-03-09
2020-11-23,-0.006096626325187679,2026-03-09
2020-11-24,0.11324291191407064,2026-03-09
2020-11-25,0.08910241497749855,2026-03-09
2020-11-27,0.003656275144439587,2026-03-09
2020-11-30,0.23398193048872898,2026-03-09
2020-12-01,-0.05631611788539175,2026-03-09
2020-12-02,-0.008306052531501053,2026-03-09
2020-12-03,0.03149190830371975,2026-03-09
2020-12-04,-0.010915833535780753,2026-03-09
2020-12-07,0.02475217149513228,2026-03-09
2020-12-08,-0.14978319663721174,2026-03-09
2020-12-09,-0.011256742739274567,2026-03-09
2020-12-10,0.014292422404946442,2026-03-09
2020-12-11,-0.015306221324018298,2026-03-09
2020-12-14,-0.022602428622850147,2026-03-09
2020-12-15,0.022147702231352782,2026-03-09
2020-12-16,0.04558756067226155,2026-03-09
2020-12-17,-0.004422709296953936,2026-03-09
2020-12-18,0.011352380481554276,2026-03-09
2020-12-21,0.053018212790854814,2026-03-09
2020-12-22,0.042835119075858095,2026-03-09
2020-12-23,0.01698901238315672,2026-03-09
2020-12-24,-0.04417265549795629,2026-03-09
2020-12-28,0.13705879309762398,2026-03-09
2020-12-29,-0.010678476209922242,2026-03-09
2020-12-30,0.06324532591804743,2026-03-09
2020-12-31,-0.003648005472476684,2026-03-09
2021-01-04,0.09018481710482862,2026-03-09
2021-01-05,0.007987384737510773,2026-03-09
2021-01-06,0.11433723590358742,2026-03-09
2021-01-07,0.10873636097442786,2026-03-09
2021-01-08,-0.007701052487839732,2026-03-09
2021-01-11,-0.07041942848610462,2026-03-09
2021-01-12,0.03714291077466806,2026-03-09
2021-01-13,0.009714617450107623,2026-03-09
2021-01-14,0.19490114251419222,2026-03-09
2021-01-15,-0.08761088347934427,2026-03-09
2021-01-19,0.024166358169037606,2026-03-09
2021-01-20,-0.07245322273615083,2026-03-09
2021-01-21,-0.05669502683552653,2026-03-09
2021-01-22,0.10318117940945835,2026-03-09
2021-01-25,-0.009769781860233395,2026-03-09
2021-01-26,-0.020527038571725293,2026-03-09
2021-01-27,-0.03584314593293084,2026-03-09
2021-01-28,0.06847683721141837,2026-03-09
2021-01-29,0.0651401988001404,2026-03-09
2021-02-01,0.02756055299684144,2026-03-09
2021-02-02,0.08074068391063301,2026-03-09
2021-02-03,0.07458449771174899,2026-03-09
2021-02-04,0.032389706535643624,2026-03-09
2021-02-05,0.05143696988682062,2026-03-09
2021-02-08,0.25585333038202224,2026-03-09
2021-02-09,0.20114740066308878,2026-03-09
2021-02-10,-0.26718047927127647,2026-03-09
2021-02-11,0.03574225941574168,2026-03-09
2021-02-12,0.023843579586641305,2026-03-09
2021-02-16,-0.07977847387061529,2026-03-09
2021-02-17,-0.013918399430930154,2026-03-09
2021-02-18,-0.01499830665013082,2026-03-09
2021-02-19,0.038006178688577356,2026-03-09
2021-02-22,-0.09543473957056431,2026-03-09
2021-02-23,-0.23689343829804999,2026-03-09
2021-02-24,0.16801062211356363,2026-03-09
2021-02-25,-0.11123562969133387,2026-03-09
2021-02-26,0.025372101067516882,2026-03-09
2021-03-01,0.04179755557211637,2026-03-09
2021-03-02,-0.044346100807636346,2026-03-09
2021-03-03,-0.022878305515674883,2026-03-09
2021-03-04,-0.12491979921308884,2026-03-09
2021-03-05,-0.04016660688001907,2026-03-09
2021-03-08,0.006348316802599606,2026-03-09
2021-03-09,0.1372113980756588,2026-03-09
2021-03-10,0.05510242201911656,2026-03-09
2021-03-11,0.060519666789377716,2026-03-09
2021-03-12,-0.02487923573868031,2026-03-09
2021-03-15,-0.019305053791927484,2026-03-09
2021-03-16,-0.0599121095513962,2026-03-09
2021-03-17,0.062483514174434214,2026-03-09
2021-03-18,-0.05182654799206859,2026-03-09
2021-03-19,0.05964301707571348,2026-03-09
2021-03-22,-0.06992726797132666,2026-03-09
2021-03-23,-0.06758316500625748,2026-03-09
2021-03-24,-0.0857328673520089,2026-03-09
2021-03-25,-0.0010624218935433806,2026-03-09
2021-03-26,0.004964255317847281,2026-03-09
2021-03-29,0.01169413397665572,2026-03-09
2021-03-30,0.03523228328193828,2026-03-09
2021-03-31,0.03724968281654522,2026-03-09
2021-04-01,0.03582670777223619,2026-03-09
2021-04-05,0.023861612849697542,2026-03-09
2021-04-06,-0.022412930315854073,2026-03-09
2021-04-07,-0.07113622082096568,2026-03-09
2021-04-08,0.05039984816582737,2026-03-09
2021-04-09,0.029806897793519825,2026-03-09
2021-04-12,0.010131331850107944,2026-03-09
2021-04-13,0.16671344150906245,2026-03-09
2021-04-14,-0.14296660016760585,2026-03-09
2021-04-15,0.0063022785793987405,2026-03-09
2021-04-16,-0.06492860703873923,2026-03-09
2021-04-19,-0.084338621217862,2026-03-09
2021-04-20,0.013910171915240516,2026-03-09
2021-04-21,0.00618396453424115,2026-03-09
2021-04-22,-0.08375462721177915,2026-03-09
2021-04-23,0.024505059506472988,2026-03-09
2021-04-26,0.07202021290775788,2026-03-09
2021-04-27,0.027206051281695988,2026-03-09
2021-04-28,0.0056414999986833195,2026-03-09
2021-04-29,-0.03864747048098984,2026-03-09
2021-04-30,0.003277077741445514,2026-03-09
2021-05-03,-0.03332666722970668,2026-03-09
2021-05-04,-0.029926393747310497,2026-03-09
2021-05-05,0.010594077950074355,2026-03-09
2021-05-06,-0.023318951517512333,2026-03-09
2021-05-07,0.018511524037189524,2026-03-09
2021-05-10,-0.0857726331769309,2026-03-09
2021-05-11,0.013084396839553222,2026-03-09
2021-05-12,-0.06272835556078336,2026-03-09
2021-05-13,-0.10456527031166139,2026-03-09
2021-05-14,0.06586558502184478,2026-03-09
2021-05-17,-0.06326687641869971,2026-03-09
2021-05-18,-0.004403266484232801,2026-03-09
2021-05-19,-0.06868506081305742,2026-03-09
2021-05-20,0.03838660877909795,2026-03-09
2021-05-21,-0.04797385955824002,2026-03-09
2021-05-24,0.04752946876165832,2026-03-09
2021-05-25,-0.0059015983259223725,2026-03-09
2021-05-26,0.027551462297414318,2026-03-09
2021-05-27,0.022650030774634386,2026-03-09
2021-05-28,-0.04949909866265072,2026-03-09
2021-06-01,0.01637584008716198,2026-03-09
2021-06-02,0.04249502400121995,2026-03-09
2021-06-03,-0.019977569238358295,2026-03-09
2021-06-04,-0.008157762092693501,2026-03-09
2021-06-07,-0.031139891245590277,2026-03-09
2021-06-08,-0.022450587933124662,2026-03-09
2021-06-09,0.11037859935639452,2026-03-09
2021-06-10,-0.008496157400894693,2026-03-09
2021-06-11,0.015198944568725982,2026-03-09
2021-06-14,0.14745066529662754,2026-03-09
2021-06-15,0.05216680855373957,2026-03-09
2021-06-16,-0.017147520461038752,2026-03-09
2021-06-17,0.017575639971106845,2026-03-09
2021-06-18,0.024506654106812624,2026-03-09
2021-06-21,-0.1021756177162081,2026-03-09
2021-06-22,-0.05267659097703349,2026-03-09
2021-06-23,-0.0013011858549902631,2026-03-09
2021-06-24,0.05090624845911353,2026-03-09
2021-06-25,-0.056255033581118705,2026-03-09
2021-06-28,0.1264135616254037,2026-03-09
2021-06-29,0.06934637912386685,2026-03-09
2021-06-30,-0.006734311125553237,2026-03-09
2021-07-01,-0.020740289416201877,2026-03-09
2021-07-02,-0.023709362143637898,2026-03-09
2021-07-06,-0.002078904091314043,2026-03-09
2021-07-07,0.008743126801809784,2026-03-09
2021-07-08,-0.03404919652322061,2026-03-09
2021-07-09,0.016390381121311144,2026-03-09
2021-07-12,-0.06569086747984706,2026-03-09
2021-07-13,-0.015078552807193162,2026-03-09
2021-07-14,-0.034116834537726806,2026-03-09
2021-07-15,-0.03521111819280642,2026-03-09
2021-07-16,-0.03373971774008216,2026-03-09
2021-07-19,-0.04770864815616196,2026-03-09
2021-07-20,0.006116955535461829,2026-03-09
2021-07-21,0.10429571398243208,2026-03-09
2021-07-22,-0.0017971119837588117,2026-03-09
2021-07-23,-0.029628435891725785,2026-03-09
2021-07-26,0.2347305563541029,2026-03-09
2021-07-27,-0.07907490909448059,2026-03-09
2021-07-28,0.025117586054623334,2026-03-09
2021-07-29,-0.034037563199776556,2026-03-09
2021-07-30,0.0015987323810490682,2026-03-09
2021-08-02,0.01864269182953864,2026-03-09
2021-08-03,-0.020161411601387774,2026-03-09
2021-08-04,0.07081719076246151,2026-03-09
2021-08-05,0.06448440615934865,2026-03-09
2021-08-06,0.04521585350873009,2026-03-09
2021-08-09,0.02507303916121482,2026-03-09
2021-08-10,-0.022711768503084262,2026-03-09
2021-08-11,-0.004005439919604248,2026-03-09
2021-08-12,-0.03609568057924693,2026-03-09
2021-08-13,0.009675836097934562,2026-03-09
2021-08-16,-0.04278424748151566,2026-03-09
2021-08-17,-0.049701619984706555,2026-03-09
2021-08-18,-0.013103695979883664,2026-03-09
2021-08-19,0.0318660826888546,2026-03-09
2021-08-20,0.05788435010613209,2026-03-09
2021-08-23,0.002717634959465078,2026-03-09
2021-08-24,-0.004197952776175779,2026-03-09
2021-08-25,0.015545823960516557,2026-03-09
2021-08-26,-0.04654557740944566,2026-03-09
2021-08-27,0.01933164038483067,2026-03-09
2021-08-30,-0.005970810400970112,2026-03-09
2021-08-31,-0.01243857002886384,2026-03-09
2021-09-01,0.011741253053227645,2026-03-09
2021-09-02,-0.009712506652127873,2026-03-09
2021-09-03,0.02351008960236209,2026-03-09
2021-09-07,-0.09453681720884215,2026-03-09
2021-09-08,-0.014596576295667473,2026-03-09
2021-09-09,0.003126811505061472,2026-03-09
2021-09-10,-0.0398877472147147,2026-03-09
2021-09-13,0.04312934520153218,2026-03-09
2021-09-14,-0.038413152041286876,2026-03-09
2021-09-15,0.02320556198720272,2026-03-09
2021-09-16,0.0,2026-03-09
2021-09-17,-0.030003266834990192,2026-03-09
2021-09-20,-0.043077137985665065,2026-03-09
2021-09-21,-0.012604805118992273,2026-03-09
2021-09-22,0.03149421929284515,2026-03-09
2021-09-23,0.027892465168165976,2026-03-09
2021-09-24,-0.028259426966292356,2026-03-09
2021-09-27,-0.007771334119227879,2026-03-09
2021-09-28,-0.03636571998742293,2026-03-09
2021-09-29,-0.012616114612781728,2026-03-09
2021-09-30,0.021106384555599565,2026-03-09
2021-10-01,0.057217934272465076,2026-03-09
2021-10-04,-0.00854306500053052,2026-03-09
2021-10-05,0.06958442844254982,2026-03-09
2021-10-06,0.0344231519499891,2026-03-09
2021-10-07,0.027778790125724723,2026-03-09
2021-10-08,0.022874755711251978,2026-03-09
2021-10-11,0.03190558777120565,2026-03-09
2021-10-12,-0.0293271782157415,2026-03-09
2021-10-13,0.021783036256467478,2026-03-09
2021-10-14,-0.0032408319382986116,2026-03-09
2021-10-15,0.03515091180959663,2026-03-09
2021-10-18,-0.013709655413797059,2026-03-09
2021-10-19,-0.01689326285972062,2026-03-09
2021-10-20,0.04165055854147717,2026-03-09
2021-10-21,-0.030465482733634607,2026-03-09
2021-10-22,-0.0232618478276627,2026-03-09
2021-10-25,0.037558869941683455,2026-03-09
2021-10-26,-0.015072368605647899,2026-03-09
2021-10-27,-0.027369506744329867,2026-03-09
2021-10-28,0.00294660047085902,2026-03-09
2021-10-29,-0.002890690272013412,2026-03-09
2021-11-01,0.029026733119267713,2026-03-09
2021-11-02,0.07586664428414328,2026-03-09
2021-11-03,0.020083074285893024,2026-03-09
2021-11-04,-0.012731133185928032,2026-03-09
2021-11-05,-0.0031173607904832305,2026-03-09
2021-11-08,0.07543802237010937,2026-03-09
2021-11-09,-0.0011518145190553028,2026-03-09
2021-11-10,-0.050949606981769,2026-03-09
2021-11-11,0.002471351941148695,2026-03-09
2021-11-12,-0.008134589995076337,2026-03-09
2021-11-15,-0.020825615038469646,2026-03-09
2021-11-16,-0.055579149051353416,2026-03-09
2021-11-17,0.0013023027249065373,2026-03-09
2021-11-18,-0.034643726824573916,2026-03-09
2021-11-19,-0.012520292915947745,2026-03-09
2021-11-22,-0.04018068183063687,2026-03-09
2021-11-23,0.009734831924882777,2026-03-09
2021-11-24,0.005909772575997193,2026-03-09
2021-11-26,-0.05559013504221535,2026-03-09
2021-11-29,0.047827168421134804,2026-03-09
2021-11-30,0.036633117470507785,2026-03-09
2021-12-01,-0.022371116279771057,2026-03-09
2021-12-02,-0.031842420170007824,2026-03-09
2021-12-03,-0.0797317865788309,2026-03-09
2021-12-06,-0.05626106292761109,2026-03-09
2021-12-07,0.05178191569747782,2026-03-09
2021-12-08,0.013236397303504812,2026-03-09
2021-12-09,-0.07274334215789942,2026-03-09
2021-12-10,0.015024763040974876,2026-03-09
2021-12-13,-0.04981922179599314,2026-03-09
2021-12-14,0.015173582160214706,2026-03-09
2021-12-15,0.030893878606783148,2026-03-09
2021-12-16,-0.05432342667699946,2026-03-09
2021-12-17,0.008150990162939848,2026-03-09
2021-12-20,-0.04507146713031624,2026-03-09
2021-12-21,0.037907743994057774,2026-03-09
2021-12-22,0.004378077096792705,2026-03-09
2021-12-23,0.04664999512365559,2026-03-09
2021-12-27,0.018366466146871013,2026-03-09
2021-12-28,-0.06856667171601498,2026-03-09
2021-12-29,-0.02113844349833708,2026-03-09
2021-12-30,0.01117649728579701,2026-03-09
2021-12-31,-0.03225706896222324,2026-03-09
2022-01-03,0.024975206675679085,2026-03-09
2022-01-04,-0.012962992924867607,2026-03-09
2022-01-05,-0.07921735667182832,2026-03-09
2022-01-06,-0.02080018510427382,2026-03-09
2022-01-07,-0.031931182095463494,2026-03-09
2022-01-10,-0.0020727228134719005,2026-03-09
2022-01-11,0.049802373852821866,2026-03-09
2022-01-12,0.015824898990793868,2026-03-09
2022-01-13,-0.049899342068514534,2026-03-09
2022-01-14,0.020159437979254385,2026-03-09
2022-01-18,-0.06466134793991453,2026-03-09
2022-01-19,-0.016927276298485765,2026-03-09
2022-01-20,-0.006296692096012511,2026-03-09
2022-01-21,-0.19654585424831303,2026-03-09
2022-01-24,-0.014578132634687158,2026-03-09
2022-01-25,-0.014684073673297892,2026-03-09
2022-01-26,-0.031726588818278216,2026-03-09
2022-01-27,-0.10170701344804949,2026-03-09
2022-01-28,0.05925185988712999,2026-03-09
2022-01-31,0.0822574586722924,2026-03-09
2022-02-01,0.013468323135062377,2026-03-09
2022-02-02,-0.06696506719960911,2026-03-09
2022-02-03,-0.02540307672744365,2026-03-09
2022-02-04,0.14113283262606066,2026-03-09
2022-02-07,0.054241875504853695,2026-03-09
2022-02-08,0.028515441531790878,2026-03-09
2022-02-09,0.048562931064073916,2026-03-09
2022-02-10,-0.03444220406596689,2026-03-09
2022-02-11,-0.048603544500329686,2026-03-09
2022-02-14,-0.0037050724064715775,2026-03-09
2022-02-15,0.06556970607429999,2026-03-09
2022-02-16,-0.005182142813630375,2026-03-09
2022-02-17,-0.0724011761716195,2026-03-09
2022-02-18,-0.021560448213892774,2026-03-09
2022-02-22,-0.04723821205361011,2026-03-09
2022-02-23,-0.03412074499801006,2026-03-09
2022-02-24,0.08385600157741921,2026-03-09
2022-02-25,0.020051568688949934,2026-03-09
2022-02-28,0.08968268571648688,2026-03-09
2022-03-01,0.0478868297699292,2026-03-09
2022-03-02,-0.01177474515573171,2026-03-09
2022-03-03,-0.06892448874850654,2026-03-09
2022-03-04,-0.043722542573803314,2026-03-09
2022-03-07,-0.053686881551173384,2026-03-09
2022-03-08,0.05368688155117334,2026-03-09
2022-03-09,0.06232612543069006,2026-03-09
2022-03-10,-0.036419381568451925,2026-03-09
2022-03-11,-0.07469443530470977,2026-03-09
2022-03-14,-0.054933315296937624,2026-03-09
2022-03-15,0.06845384469418803,2026-03-09
2022-03-16,0.07917628437464812,2026-03-09
2022-03-17,0.012307966568403734,2026-03-09
2022-03-18,0.04546188391253657,2026-03-09
2022-03-21,-0.03997125097805261,2026-03-09
2022-03-22,0.052375236753517136,2026-03-09
2022-03-23,-0.02033801754126231,2026-03-09
2022-03-24,0.07113982132374325,2026-03-09
2022-03-25,-0.024051135779967852,2026-03-09
2022-03-28,0.07654229301511278,2026-03-09
2022-03-29,0.019418085857101516,2026-03-09
2022-03-30,-0.037841659602079455,2026-03-09
2022-03-31,-0.02912030916044704,2026-03-09
2022-04-01,0.009536542252494652,2026-03-09
2022-04-04,0.020721532522312895,2026-03-09
2022-04-05,-0.028285997907555864,2026-03-09
2022-04-06,-0.06829973683750219,2026-03-09
2022-04-07,0.01850450002602503,2026-03-09
2022-04-08,-0.02262186740357416,2026-03-09
2022-04-11,-0.03788547792451936,2026-03-09
2022-04-12,0.016048745809246562,2026-03-09
2022-04-13,0.044393923411585386,2026-03-09
2022-04-14,-0.03153307447815742,2026-03-09
2022-04-18,-0.007373631712741789,2026-03-09
2022-04-19,0.055082955511468634,2026-03-09
2022-04-20,-0.04806555814557416,2026-03-09
2022-04-21,-0.04829367507318664,2026-03-09
2022-04-22,-0.044885263799296846,2026-03-09
2022-04-25,0.045212418692137483,2026-03-09
2022-04-26,-0.09038999816281627,2026-03-09
2022-04-27,-0.013465943737987417,2026-03-09
2022-04-28,0.03742155621832808,2026-03-09
2022-04-29,-0.12291177339274326,2026-03-09
2022-05-02,0.03261037200012383,2026-03-09
2022-05-03,-0.06349143777419369,2026-03-09
2022-05-04,0.06493887172299742,2026-03-09
2022-05-05,-0.15278716817969798,2026-03-09
2022-05-06,-0.06665190285427165,2026-03-09
2022-05-09,-0.2950957079894212,2026-03-09
2022-05-10,0.02910880322924471,2026-03-09
2022-05-11,-0.29325511944044924,2026-03-09
2022-05-12,0.017561906841018778,2026-03-09
2022-05-13,0.1781946147674251,2026-03-09
2022-05-16,-0.015071289247352,2026-03-09
2022-05-17,0.10968347397849265,2026-03-09
2022-05-18,-0.13008772129406174,2026-03-09
2022-05-19,0.06533276118121163,2026-03-09
2022-05-20,-0.038793801441217544,2026-03-09
2022-05-23,0.007958415778967822,2026-03-09
2022-05-24,-0.0571900580933658,2026-03-09
2022-05-25,0.026130889716920232,2026-03-09
2022-05-26,0.08686837017351949,2026-03-09
2022-05-27,0.01510963863665992,2026-03-09
2022-05-31,0.1877083943203827,2026-03-09
2022-06-01,-0.1057006232912238,2026-03-09
2022-06-02,0.026192959972242136,2026-03-09
2022-06-03,-0.07313294488074333,2026-03-09
2022-06-06,0.03553741398308375,2026-03-09
2022-06-07,0.019182792844809074,2026-03-09
2022-06-08,-0.030072703256888968,2026-03-09
2022-06-09,-0.06717272392561617,2026-03-09
2022-06-10,-0.06841566695866103,2026-03-09
2022-06-13,-0.2901109428290649,2026-03-09
2022-06-14,0.03055056800503924,2026-03-09
2022-06-15,0.08823247757746099,2026-03-09
2022-06-16,-0.06013594421199828,2026-03-09
2022-06-17,0.03806621396215443,2026-03-09
2022-06-21,0.06558211036163626,2026-03-09
2022-06-22,-0.046025233118354617,2026-03-09
2022-06-23,0.0969524288274862,2026-03-09
2022-06-24,0.08706454317862848,2026-03-09
2022-06-27,-0.0433218036019802,2026-03-09
2022-06-28,-0.05544064661014001,2026-03-09
2022-06-29,-0.035158464445887334,2026-03-09
2022-06-30,-0.08953909267828146,2026-03-09
2022-07-01,0.014921576760843856,2026-03-09
2022-07-05,0.1181227458273007,2026-03-09
2022-07-06,0.0032980654057149146,2026-03-09
2022-07-07,0.15336136768447847,2026-03-09
2022-07-08,0.008031080343263589,2026-03-09
2022-07-11,-0.09662160022302108,2026-03-09
2022-07-12,-0.042607192974349936,2026-03-09
2022-07-13,0.015616030365791175,2026-03-09
2022-07-14,0.04519184176044127,2026-03-09
2022-07-15,0.04487462765789873,2026-03-09
2022-07-18,0.05301389110758848,2026-03-09
2022-07-19,0.16898864716670545,2026-03-09
2022-07-20,0.0777454270119768,2026-03-09
2022-07-21,0.003249894309219809,2026-03-09
2022-07-22,-0.027257123099640155,2026-03-09
2022-07-25,-0.05865345163800127,2026-03-09
2022-07-26,-0.11221295016458167,2026-03-09
2022-07-27,0.09911312742814962,2026-03-09
2022-07-28,0.04951582793287957,2026-03-09
2022-07-29,0.036815734217889966,2026-03-09
2022-08-01,-0.03674323933625287,2026-03-09
2022-08-02,0.009097564929013167,2026-03-09
2022-08-03,0.11981742286613214,2026-03-09
2022-08-04,-0.014029356611492976,2026-03-09
2022-08-05,0.0313172380430217,2026-03-09
2022-08-08,0.03346169999776018,2026-03-09
2022-08-09,-0.032741332573263844,2026-03-09
2022-08-10,0.050134191358581326,2026-03-09
2022-08-11,0.003537496090513909,2026-03-09
2022-08-12,0.04596141237234531,2026-03-09
2022-08-15,-0.01071355823822831,2026-03-09
2022-08-16,-0.018620817870406925,2026-03-09
2022-08-17,-0.05223993977576624,2026-03-09
2022-08-18,-0.002524732157660084,2026-03-09
2022-08-19,-0.13646878890812306,2026-03-09
2022-08-22,-0.05412412508391622,2026-03-09
2022-08-23,-0.008578602191536389,2026-03-09
2022-08-24,0.0318791943715313,2026-03-09
2022-08-25,-0.005847750557496056,2026-03-09
2022-08-26,-0.09051979724797578,2026-03-09
2022-08-29,-0.017160846230200373,2026-03-09
2022-08-30,-0.019498116124363276,2026-03-09
2022-08-31,-0.03675780247887978,2026-03-09
2022-09-01,-0.04703842293138755,2026-03-09
2022-09-02,-0.013030359127815966,2026-03-09
2022-09-06,-0.06542554669531112,2026-03-09
2022-09-07,0.06794462675537118,2026-03-09
2022-09-08,0.0701662972787991,2026-03-09
2022-09-09,0.11077439218846163,2026-03-09
2022-09-12,0.003847983814222959,2026-03-09
2022-09-13,-0.1285786200312149,2026-03-09
2022-09-14,-0.023008584699772804,2026-03-09
2022-09-15,-0.04086996282685856,2026-03-09
2022-09-16,-0.050095497479307305,2026-03-09
2022-09-19,-0.0006787191037662579,2026-03-09
2022-09-20,-0.04767541233110063,2026-03-09
2022-09-21,-0.0034648355951249184,2026-03-09
2022-09-22,-0.018545694761417535,2026-03-09
2022-09-23,-0.004533967761532037,2026-03-09
2022-09-26,0.0445902424253896,2026-03-09
2022-09-27,0.02899898966558085,2026-03-09
2022-09-28,0.06754573742622284,2026-03-09
2022-09-29,-0.04002485139434836,2026-03-09
2022-09-30,0.0020751104695790955,2026-03-09
2022-10-03,0.056152844696318635,2026-03-09
2022-10-04,0.10244342118715734,2026-03-09
2022-10-05,-0.026685659904824736,2026-03-09
2022-10-06,-0.0021493847865135716,2026-03-09
2022-10-07,-0.0925828666412621,2026-03-09
2022-10-10,0.0015874749424372478,2026-03-09
2022-10-11,-0.0195878949174457,2026-03-09
2022-10-12,0.009246769538735473,2026-03-09
2022-10-13,0.009842488535302465,2026-03-09
2022-10-14,-0.05226272812079717,2026-03-09
2022-10-17,0.0549344082462317,2026-03-09
2022-10-18,0.06083471094274126,2026-03-09
2022-10-19,-0.03869660398201535,2026-03-09
2022-10-20,-0.022680968393840425,2026-03-09
2022-10-21,0.05119824175324256,2026-03-09
2022-10-24,0.02118241360001815,2026-03-09
2022-10-25,0.12296968227261282,2026-03-09
2022-10-26,0.014887324936309043,2026-03-09
2022-10-27,-0.00795172820374533,2026-03-09
2022-10-28,0.03426003173816845,2026-03-09
2022-10-31,-0.04559697958443618,2026-03-09
2022-11-01,-0.03930296261395673,2026-03-09
2022-11-02,-0.035498231778427355,2026-03-09
2022-11-03,0.0008456282753572603,2026-03-09
2022-11-04,0.10917705666588556,2026-03-09
2022-11-07,-0.038479001425439724,2026-03-09
2022-11-08,-0.23006814393495018,2026-03-09
2022-11-09,-0.21791746961516772,2026-03-09
2022-11-10,0.026872170069740433,2026-03-09
2022-11-11,0.0010280227776264554,2026-03-09
2022-11-14,-0.054428790307159386,2026-03-09
2022-11-15,0.03337296491119501,2026-03-09
2022-11-16,-0.01225927504340268,2026-03-09
2022-11-17,0.025866537940324955,2026-03-09
2022-11-18,-0.02186141494240015,2026-03-09
2022-11-21,-0.07885791312978839,2026-03-09
2022-11-22,0.060826644458214355,2026-03-09
2022-11-23,0.05422469857502272,2026-03-09
2022-11-25,0.03678866198759286,2026-03-09
2022-11-28,-0.03520253589041548,2026-03-09
2022-11-29,0.029723153736220472,2026-03-09
2022-11-30,0.08471474464834079,2026-03-09
2022-12-01,0.0044828795582959385,2026-03-09
2022-12-02,0.039224554771275885,2026-03-09
2022-12-05,-0.0559993700378869,2026-03-09
2022-12-06,-0.0007668596120770828,2026-03-09
2022-12-07,-0.010436798671528342,2026-03-09
2022-12-08,0.04585962466623014,2026-03-09
2022-12-09,0.003351281645720952,2026-03-09
2022-12-12,-0.03550617288867687,2026-03-09
2022-12-13,0.028396035531836786,2026-03-09
2022-12-14,0.00454843124730788,2026-03-09
2022-12-15,-0.07543315760732094,2026-03-09
2022-12-16,-0.07882443780316108,2026-03-09
2022-12-19,-0.02058452100383031,2026-03-09
2022-12-20,-0.008022203054159304,2026-03-09
2022-12-21,-0.00017770363903716355,2026-03-09
2022-12-22,-0.015460733850921143,2026-03-09
2022-12-23,-0.021648701924317323,2026-03-09
2022-12-27,-0.09626963751109421,2026-03-09
2022-12-28,-0.06754833585929342,2026-03-09
2022-12-29,-0.010629097434277274,2026-03-09
2022-12-30,0.03551771513711997,2026-03-09
2023-01-03,0.024077388642596512,2026-03-09
2023-01-04,0.12943742164777378,2026-03-09
2023-01-05,-0.052869743735981176,2026-03-09
2023-01-06,0.024543040451383717,2026-03-09
2023-01-09,0.08686071144948618,2026-03-09
2023-01-10,0.08218098840013587,2026-03-09
2023-01-11,0.024743950535884907,2026-03-09
2023-01-12,0.07614871378122617,2026-03-09
2023-01-13,0.03184238186550141,2026-03-09
2023-01-17,0.08373360606367883,2026-03-09
2023-01-18,-0.06447068719200406,2026-03-09
2023-01-19,0.0011748138256312787,2026-03-09
2023-01-20,0.08056707529669561,2026-03-09
2023-01-23,0.04157657893992645,2026-03-09
2023-01-24,-0.010929923268281749,2026-03-09
2023-01-25,-0.006729679082828009,2026-03-09
2023-01-26,-0.002117438962007596,2026-03-09
2023-01-27,0.05179051432781566,2026-03-09
2023-01-30,-0.050283389696623056,2026-03-09
2023-01-31,0.024286509290438758,2026-03-09
2023-02-01,0.06233132376607467,2026-03-09
2023-02-02,0.08651046456142805,2026-03-09
2023-02-03,-0.025552171871691755,2026-03-09
2023-02-06,-0.009562356860346009,2026-03-09
2023-02-07,0.006431998764366142,2026-03-09
2023-02-08,-0.028260404238332457,2026-03-09
2023-02-09,-0.10264245283267824,2026-03-09
2023-02-10,-0.023030584509214396,2026-03-09
2023-02-13,0.02387346356739417,2026-03-09
2023-02-14,0.08417892623675101,2026-03-09
2023-02-15,0.09579956897384918,2026-03-09
2023-02-16,-0.04935501135577182,2026-03-09
2023-02-17,0.03466998216991363,2026-03-09
2023-02-21,-0.08562420397792712,2026-03-09
2023-02-22,-0.004976826511993937,2026-03-09
2023-02-23,-0.010592767836388364,2026-03-09
2023-02-24,-0.03816015976879339,2026-03-09
2023-02-27,0.01107990143824944,2026-03-09
2023-02-28,0.013898692531358108,2026-03-09
2023-03-01,-0.01676377907814954,2026-03-09
2023-03-02,-0.019656106978096725,2026-03-09
2023-03-03,-0.02393069693496788,2026-03-09
2023-03-06,-0.03906678680185927,2026-03-09
2023-03-07,-0.02563648856940738,2026-03-09
2023-03-08,0.005515364879432662,2026-03-09
2023-03-09,-0.09883126308012227,2026-03-09
2023-03-10,-0.09345725843817107,2026-03-09
2023-03-13,0.15034153716312149,2026-03-09
2023-03-14,0.02788332165192739,2026-03-09
2023-03-15,-0.008402366364119129,2026-03-09
2023-03-16,0.057758862805316696,2026-03-09
2023-03-17,0.1045887259155062,2026-03-09
2023-03-20,-0.013919973255410126,2026-03-09
2023-03-21,0.035065171677135236,2026-03-09
2023-03-22,-0.10204133702992708,2026-03-09
2023-03-23,0.06458659774445678,2026-03-09
2023-03-24,-0.025616799464063884,2026-03-09
2023-03-27,-0.07149503589783482,2026-03-09
2023-03-28,0.03818042261605822,2026-03-09
2023-03-29,0.1346032693947562,2026-03-09
2023-03-30,-0.017044035092631422,2026-03-09
2023-03-31,0.04581327764071079,2026-03-09
2023-04-03,0.017195314852360893,2026-03-09
2023-04-04,0.005332286020550235,2026-03-09
2023-04-05,-0.02760343031799532,2026-03-09
2023-04-06,-0.0025475761732497754,2026-03-09
2023-04-10,0.07527436508820153,2026-03-09
2023-04-11,0.06068858474699699,2026-03-09
2023-04-12,-0.029062750667163326,2026-03-09
2023-04-13,0.05393508622856864,2026-03-09
2023-04-14,-0.020668774699259578,2026-03-09
2023-04-17,-0.06409319320793444,2026-03-09
2023-04-18,0.0523390076662677,2026-03-09
2023-04-19,-0.046954665653347744,2026-03-09
2023-04-20,-0.0656915137572036,2026-03-09
2023-04-21,-0.012599876073194684,2026-03-09
2023-04-24,-0.019745530370475793,2026-03-09
2023-04-25,0.019367489028493803,2026-03-09
2023-04-26,0.028966896828073106,2026-03-09
2023-04-27,0.06208112475457076,2026-03-09
2023-04-28,0.030109563557001773,2026-03-09
2023-05-01,-0.06579399941170531,2026-03-09
2023-05-02,0.06466654264269153,2026-03-09
2023-05-03,-0.07519434892613099,2026-03-09
2023-05-04,0.02592244589075167,2026-03-09
2023-05-05,0.0453314093816963,2026-03-09
2023-05-08,-0.10324750804650212,2026-03-09
2023-05-09,0.02929490095352214,2026-03-09
2023-05-10,0.03777081907648458,2026-03-09
2023-05-11,-0.09215120697598694,2026-03-09
2023-05-12,-0.05865173211545671,2026-03-09
2023-05-15,0.04155971563042125,2026-03-09
2023-05-16,-0.03259633624149045,2026-03-09
2023-05-17,0.060762269468340104,2026-03-09
2023-05-18,-0.010343421576278631,2026-03-09
2023-05-19,0.002431137119514495,2026-03-09
2023-05-22,0.020055670279611408,2026-03-09
2023-05-23,-0.016419944934451147,2026-03-09
2023-05-24,-0.017080719207373897,2026-03-09
2023-05-25,-0.012168090857232791,2026-03-09
2023-05-26,0.014520889309616366,2026-03-09
2023-05-30,0.04850617353870108,2026-03-09
2023-05-31,0.007854926738751733,2026-03-09
2023-06-01,-0.005618666867423581,2026-03-09
2023-06-02,0.007274929254640362,2026-03-09
2023-06-05,-0.08915301458565103,2026-03-09
2023-06-06,0.0781370323758997,2026-03-09
2023-06-07,-0.027171272950778057,2026-03-09
2023-06-08,0.00041259111671787497,2026-03-09
2023-06-09,-0.03000611005477452,2026-03-09
2023-06-12,-0.01653518171597307,2026-03-09
2023-06-13,0.021798822534285868,2026-03-09
2023-06-14,-0.003317450106008876,2026-03-09
2023-06-15,-0.017689487320767288,2026-03-09
2023-06-16,0.05416950998468209,2026-03-09
2023-06-20,0.0659775289016575,2026-03-09
2023-06-21,0.05557417384177397,2026-03-09
2023-06-22,-0.012391234121774418,2026-03-09
2023-06-23,0.005728745550536919,2026-03-09
2023-06-26,-0.07365697195237386,2026-03-09
2023-06-27,0.060720803331294045,2026-03-09
2023-06-28,0.002244520052877886,2026-03-09
2023-06-29,0.044009688461424695,2026-03-09
2023-06-30,0.00632801075561589,2026-03-09
2023-07-03,0.09843276537768325,2026-03-09
2023-07-05,0.0007143442809248514,2026-03-09
2023-07-06,-0.004134372239422657,2026-03-09
2023-07-07,0.01106595381430143,2026-03-09
2023-07-10,0.06843937317439383,2026-03-09
2023-07-11,0.011195093492203071,2026-03-09
2023-07-12,0.0028820781467266835,2026-03-09
2023-07-13,0.11056352216594974,2026-03-09
2023-07-14,-0.00645164169699168,2026-03-09
2023-07-17,-0.019764329753910084,2026-03-09
2023-07-18,-0.0091103954467206,2026-03-09
2023-07-19,0.016242419956652255,2026-03-09
2023-07-20,-0.02745356422913977,2026-03-09
2023-07-21,-0.009527337925919617,2026-03-09
2023-07-24,-0.013163069477274286,2026-03-09
2023-07-25,0.01355228241432892,2026-03-09
2023-07-26,0.015086428400714268,2026-03-09
2023-07-27,-0.03981618480951968,2026-03-09
2023-07-28,0.01965760716181607,2026-03-09
2023-07-31,0.007495815600054623,2026-03-09
2023-08-01,-0.006644780839634666,2026-03-09
2023-08-02,-0.06567636859764148,2026-03-09
2023-08-03,-0.043707737458797476,2026-03-09
2023-08-04,-0.03375040077524154,2026-03-09
2023-08-07,-0.01644878202450226,2026-03-09
2023-08-08,0.0490957744857855,2026-03-09
2023-08-09,-0.03034172781913555,2026-03-09
2023-08-10,0.0004497794934995549,2026-03-09
2023-08-11,0.016528896635776592,2026-03-09
2023-08-14,0.011692702974072874,2026-03-09
2023-08-15,-0.03315417056261592,2026-03-09
2023-08-16,-0.01737735444595435,2026-03-09
2023-08-17,-0.06389125611529026,2026-03-09
2023-08-18,-0.05381738090211016,2026-03-09
2023-08-21,0.019974514511297132,2026-03-09
2023-08-22,-0.017269858697695855,2026-03-09
2023-08-23,0.049987450089682216,2026-03-09
2023-08-24,-0.028817772377667316,2026-03-09
2023-08-25,-0.0015164418966807673,2026-03-09
2023-08-28,0.024456723927103595,2026-03-09
2023-08-29,0.10244661646730645,2026-03-09
2023-08-30,-0.026130035872105453,2026-03-09
2023-08-31,-0.038814020711781555,2026-03-09
2023-09-01,-0.01706645183907716,2026-03-09
2023-09-05,-0.006364800473538922,2026-03-09
2023-09-06,0.004143172152238261,2026-03-09
2023-09-07,0.006735166640372304,2026-03-09
2023-09-08,0.009050577224738652,2026-03-09
2023-09-11,-0.038919779795133315,2026-03-09
2023-09-12,0.014715502247837778,2026-03-09
2023-09-13,-0.017169878776434867,2026-03-09
2023-09-14,0.013251423082822457,2026-03-09
2023-09-15,-0.01635707725145885,2026-03-09
2023-09-18,-0.0004695873428039678,2026-03-09
2023-09-19,-0.004000758086538616,2026-03-09
2023-09-20,-0.017213826440027172,2026-03-09
2023-09-21,-0.022471527322437106,2026-03-09
2023-09-22,-0.010017522606506013,2026-03-09
2023-09-25,0.014729440725003507,2026-03-09
2023-09-26,-0.03194561658135423,2026-03-09
2023-09-27,-0.0052770513759067,2026-03-09
2023-09-28,0.04124387535884374,2026-03-09
2023-09-29,-0.0019476323427262284,2026-03-09
2023-10-02,0.003679168492723803,2026-03-09
2023-10-03,-0.05669262005435978,2026-03-09
2023-10-04,0.028716819527831717,2026-03-09
2023-10-05,0.009381515129801423,2026-03-09
2023-10-06,0.05184507724709879,2026-03-09
2023-10-09,-0.0005286180000068814,2026-03-09
2023-10-10,2.9468369880715994e-05,2026-03-09
2023-10-11,-0.017332055755441136,2026-03-09
2023-10-12,-0.03345742671441491,2026-03-09
2023-10-13,-0.01676522074227759,2026-03-09
2023-10-16,0.02354076906638901,2026-03-09
2023-10-17,0.02906992263930259,2026-03-09
2023-10-18,-0.018870438336623573,2026-03-09
2023-10-19,0.03935038672293988,2026-03-09
2023-10-20,0.01648381685401119,2026-03-09
2023-10-23,0.08122665257442502,2026-03-09
2023-10-24,0.1182391354636411,2026-03-09
2023-10-25,0.019462421421333052,2026-03-09
2023-10-26,-0.04670903201579194,2026-03-09
2023-10-27,-0.016313319031228117,2026-03-09
2023-10-30,0.03255506974834867,2026-03-09
2023-10-31,0.007515388262120157,2026-03-09
2023-11-01,0.007717119751312321,2026-03-09
2023-11-02,0.06127098849593737,2026-03-09
2023-11-03,0.0007052049823049402,2026-03-09
2023-11-06,0.012434775316340891,2026-03-09
2023-11-07,0.029835648787353758,2026-03-09
2023-11-08,0.0020041401233190912,2026-03-09
2023-11-09,0.040415603691619166,2026-03-09
2023-11-10,0.030124336409405462,2026-03-09
2023-11-13,-0.008480817505203086,2026-03-09
2023-11-14,-0.0505346528226755,2026-03-09
2023-11-15,0.05265177040078388,2026-03-09
2023-11-16,-0.03391177968337389,2026-03-09
2023-11-17,-0.005864864355028258,2026-03-09
2023-11-20,0.04486299313657244,2026-03-09
2023-11-21,-0.03093389941581048,2026-03-09
2023-11-22,0.029654839764491476,2026-03-09
2023-11-24,0.02404504637479582,2026-03-09
2023-11-27,-0.04896510164767783,2026-03-09
2023-11-28,0.020954646398784534,2026-03-09
2023-11-29,0.0024284498713215753,2026-03-09
2023-11-30,-0.017505862713407185,2026-03-09
2023-12-01,0.057287726832927176,2026-03-09
2023-12-04,0.06518022178594597,2026-03-09
2023-12-05,0.02503815174368697,2026-03-09
2023-12-06,-0.01502134964840343,2026-03-09
2023-12-07,0.003859743007900305,2026-03-09
2023-12-08,0.048365621891045756,2026-03-09
2023-12-11,-0.07550390739359962,2026-03-09
2023-12-12,0.004523737574321558,2026-03-09
2023-12-13,0.04838747571090988,2026-03-09
2023-12-14,-0.006213787355776392,2026-03-09
2023-12-15,-0.020750569258998982,2026-03-09
2023-12-18,0.002608719985140229,2026-03-09
2023-12-19,-0.0010496424818480495,2026-03-09
2023-12-20,0.003791142528285114,2026-03-09
2023-12-21,0.014678901189039827,2026-03-09
2023-12-22,0.06210838807853825,2026-03-09
2023-12-26,-0.025100855089402133,2026-03-09
2023-12-27,0.10494477891706248,2026-03-09
2023-12-28,-0.004228293211891757,2026-03-09
2023-12-29,-0.05582061915669014,2026-03-09
2024-01-02,0.0813498558023374,2026-03-09
2024-01-03,-0.08223685425851783,2026-03-09
2024-01-04,0.038470203164630214,2026-03-09
2024-01-05,-0.038438467920465826,2026-03-09
2024-01-08,-0.053825210194436084,2026-03-09
2024-01-09,-0.03526271278864666,2026-03-09
2024-01-10,-0.02033384844806114,2026-03-09
2024-01-11,-0.053540966878146586,2026-03-09
2024-01-12,-0.09922881945798503,2026-03-09
2024-01-16,-0.007006563836356188,2026-03-09
2024-01-17,0.03437158346431995,2026-03-09
2024-01-18,-0.02516369911662871,2026-03-09
2024-01-19,-0.011575188830918529,2026-03-09
2024-01-22,-0.022730348630043095,2026-03-09
2024-01-23,-0.043467151506684176,2026-03-09
2024-01-24,0.00177540640812255,2026-03-09
2024-01-25,0.014943572043829014,2026-03-09
2024-01-26,0.07715844979333861,2026-03-09
2024-01-29,0.03830639091821265,2026-03-09
2024-01-30,0.01103250633469754,2026-03-09
2024-01-31,-0.03586092107692143,2026-03-09
2024-02-01,0.004518838270185793,2026-03-09
2024-02-02,-0.006735936075209905,2026-03-09
2024-02-05,-0.019178885045774193,2026-03-09
2024-02-06,0.014970901888123611,2026-03-09
2024-02-07,0.01990104488822064,2026-03-09
2024-02-08,0.14590262972451307,2026-03-09
2024-02-09,0.0948910594037644,2026-03-09
2024-02-12,0.10450601077713728,2026-03-09
2024-02-13,-0.04489406293544148,2026-03-09
2024-02-14,0.1153279015067511,2026-03-09
2024-02-15,-0.06976503351771436,2026-03-09
2024-02-16,-0.026018027248760067,2026-03-09
2024-02-20,0.007717864896372686,2026-03-09
2024-02-21,-0.04672135868431402,2026-03-09
2024-02-22,0.058243720688437715,2026-03-09
2024-02-23,-0.03671721025405884,2026-03-09
2024-02-26,0.14722745118111757,2026-03-09
2024-02-27,0.09035799117420809,2026-03-09
2024-02-28,0.09944142705034892,2026-03-09
2024-02-29,0.06033684721077248,2026-03-09
2024-03-01,0.05381305587706291,2026-03-09
2024-03-04,0.2117933565768483,2026-03-09
2024-03-05,-0.23843786418507704,2026-03-09
2024-03-06,0.17035537626889544,2026-03-09
2024-03-07,0.04227267739211079,2026-03-09
2024-03-08,0.09220616285093917,2026-03-09
2024-03-11,0.040310343857605846,2026-03-09
2024-03-12,0.07094261294620605,2026-03-09
2024-03-13,0.10296330722119337,2026-03-09
2024-03-14,-0.051885048546758086,2026-03-09
2024-03-15,0.06102126754190132,2026-03-09
2024-03-18,-0.17063486250446575,2026-03-09
2024-03-19,-0.05840866726049377,2026-03-09
2024-03-20,0.08711244229762537,2026-03-09
2024-03-21,0.033552587185119435,2026-03-09
2024-03-22,-0.04887769215168448,2026-03-09
2024-03-25,0.19774157329849923,2026-03-09
2024-03-26,0.011245790005103666,2026-03-09
2024-03-27,0.022218134962392777,2026-03-09
2024-03-28,-0.11858061654111844,2026-03-09
2024-04-01,-0.040600541635711127,2026-03-09
2024-04-02,-0.03602239547457473,2026-03-09
2024-04-03,0.017131020641985434,2026-03-09
2024-04-04,0.005779971671542464,2026-03-09
2024-04-05,-0.11564664538869977,2026-03-09
2024-04-08,0.05013941328390235,2026-03-09
2024-04-09,-0.048736567871033955,2026-03-09
2024-04-10,0.08317340564068804,2026-03-09
2024-04-11,-0.009102646530723112,2026-03-09
2024-04-12,-0.04766377662212787,2026-03-09
2024-04-15,-0.10216798185929522,2026-03-09
2024-04-16,-0.06322786713554004,2026-03-09
2024-04-17,-0.05404905423052318,2026-03-09
2024-04-18,0.016785246568302742,2026-03-09
2024-04-19,-0.028588116442123335,2026-03-09
2024-04-22,0.12015457744040241,2026-03-09
2024-04-23,0.010989143617328799,2026-03-09
2024-04-24,-0.056052524504077855,2026-03-09
2024-04-25,-0.020159663765920596,2026-03-09
2024-04-26,0.03327580475696305,2026-03-09
2024-04-29,0.008224097169344224,2026-03-09
2024-04-30,-0.19393892270034815,2026-03-09
2024-05-01,-0.03512514000993406,2026-03-09
2024-05-02,0.0938264262111216,2026-03-09
2024-05-03,0.07961081524116502,2026-03-09
2024-05-06,0.036764373606070294,2026-03-09
2024-05-07,-0.00899354474157701,2026-03-09
2024-05-08,-0.01953836827275333,2026-03-09
2024-05-09,0.02444891813413957,2026-03-09
2024-05-10,-0.0680753265186224,2026-03-09
2024-05-13,0.05398521655465763,2026-03-09
2024-05-14,0.040633204970317166,2026-03-09
2024-05-15,0.14723624313727676,2026-03-09
2024-05-16,-0.043146538385259905,2026-03-09
2024-05-17,0.09563964865670059,2026-03-09
2024-05-20,0.0862558722774853,2026-03-09
2024-05-21,-0.042469955116709264,2026-03-09
2024-05-22,-0.005099365383234145,2026-03-09
2024-05-23,-0.06453366032476865,2026-03-09
2024-05-24,0.0872487930649593,2026-03-09
2024-05-28,-0.005648444874922468,2026-03-09
2024-05-29,-0.03439879273882719,2026-03-09
2024-05-30,-0.04919173184727579,2026-03-09
2024-05-31,-0.010771634417921375,2026-03-09
2024-06-03,0.06532981600281641,2026-03-09
2024-06-04,0.006956176211022164,2026-03-09
2024-06-05,0.0335538449340819,2026-03-09
2024-06-06,-0.02271441417228896,2026-03-09
2024-06-07,-0.03715961063364626,2026-03-09
2024-06-10,0.0023278815933461213,2026-03-09
2024-06-11,-0.028163072826462573,2026-03-09
2024-06-12,0.030504197383530277,2026-03-09
2024-06-13,-0.07763449778743893,2026-03-09
2024-06-14,0.007827069118649343,2026-03-09
2024-06-17,0.007806067845641418,2026-03-09
2024-06-18,-0.025418895225667315,2026-03-09
2024-06-20,-0.0027463270433494362,2026-03-09
2024-06-21,0.012451257388241758,2026-03-09
2024-06-24,-0.07820062823114417,2026-03-09
2024-06-25,0.08624227584857529,2026-03-09
2024-06-26,-0.025740705014476537,2026-03-09
2024-06-27,0.045376229815199745,2026-03-09
2024-06-28,-0.10200087587524594,2026-03-09
2024-07-01,-0.008390950990505812,2026-03-09
2024-07-02,-0.0340891555012624,2026-03-09
2024-07-03,-0.013804981358299901,2026-03-09
2024-07-05,-0.015767759958873948,2026-03-09
2024-07-08,0.006888816276894619,2026-03-09
2024-07-09,0.008633172552731844,2026-03-09
2024-07-10,0.0030297685684916678,2026-03-09
2024-07-11,0.03967067548692557,2026-03-09
2024-07-12,0.027729896167765687,2026-03-09
2024-07-15,0.14287369920200135,2026-03-09
2024-07-16,0.03237563929793031,2026-03-09
2024-07-17,-0.04567055437059899,2026-03-09
2024-07-18,-0.022155540401803522,2026-03-09
2024-07-19,0.13419187089436924,2026-03-09
2024-07-22,0.012066331846413732,2026-03-09
2024-07-23,-0.04448383576392844,2026-03-09
2024-07-24,-0.028919750632620388,2026-03-09
2024-07-25,-0.0403938471549444,2026-03-09
2024-07-26,0.08712389425714415,2026-03-09
2024-07-29,-0.039486596583955626,2026-03-09
2024-07-30,-0.049132407762042,2026-03-09
2024-07-31,0.006444013898658493,2026-03-09
2024-08-01,-0.06568054195869297,2026-03-09
2024-08-02,-0.04313124682849274,2026-03-09
2024-08-05,-0.1009129197417992,2026-03-09
2024-08-06,0.044970529217832594,2026-03-09
2024-08-07,-0.09361361832910042,2026-03-09
2024-08-08,0.08679085683747964,2026-03-09
2024-08-09,-0.004569659887177545,2026-03-09
2024-08-12,-0.029309060220583445,2026-03-09
2024-08-13,0.029383001240931045,2026-03-09
2024-08-14,-0.03770915092673024,2026-03-09
2024-08-15,0.011894899158548829,2026-03-09
2024-08-16,0.008378361039906246,2026-03-09
2024-08-19,0.0172142767349808,2026-03-09
2024-08-20,-0.012340355897897023,2026-03-09
2024-08-21,0.05621046797173075,2026-03-09
2024-08-22,-0.055313308156881215,2026-03-09
2024-08-23,0.11428105685056832,2026-03-09
2024-08-26,-0.020949880291093993,2026-03-09
2024-08-27,-0.048038232235302396,2026-03-09
2024-08-28,-0.05823032868432752,2026-03-09
2024-08-29,0.003551873989517852,2026-03-09
2024-08-30,-0.001056679031869214,2026-03-09
2024-09-03,-0.0793381165431605,2026-03-09
2024-09-04,0.020472445378174907,2026-03-09
2024-09-05,-0.043211033124873406,2026-03-09
2024-09-06,-0.04507537387890343,2026-03-09
2024-09-09,0.08804609956066196,2026-03-09
2024-09-10,0.03788867650432693,2026-03-09
2024-09-11,-0.0027807882348316734,2026-03-09
2024-09-12,0.011459502259513036,2026-03-09
2024-09-13,0.07864760150957117,2026-03-09
2024-09-16,-0.050300475675933855,2026-03-09
2024-09-17,-0.024530910061176477,2026-03-09
2024-09-18,0.010608524764813011,2026-03-09
2024-09-19,0.08652135860916868,2026-03-09
2024-09-20,0.0008291536971395911,2026-03-09
2024-09-23,0.03521994179967675,2026-03-09
2024-09-24,0.025737827382156894,2026-03-09
2024-09-25,-0.012687387472092882,2026-03-09
2024-09-26,0.0883815512861825,2026-03-09
2024-09-27,0.05986594793625417,2026-03-09
2024-09-30,-0.04420413959682324,2026-03-09
2024-10-01,-0.035682517241343435,2026-03-09
2024-10-02,0.011914703850979425,2026-03-09
2024-10-03,-0.0074988659042995775,2026-03-09
2024-10-04,0.07711509839695677,2026-03-09
2024-10-07,0.05285290710269002,2026-03-09
2024-10-08,0.03230607268426196,2026-03-09
2024-10-09,-0.017265750103927554,2026-03-09
2024-10-10,-0.029928397995018417,2026-03-09
2024-10-11,0.1480230783275968,2026-03-09
2024-10-14,-0.05273272181452004,2026-03-09
2024-10-15,-0.03717787977384621,2026-03-09
2024-10-16,-0.0011328591539078755,2026-03-09
2024-10-17,-0.0034579693224480366,2026-03-09
2024-10-18,0.10976607140264631,2026-03-09
2024-10-21,0.01466997596695925,2026-03-09
2024-10-22,0.002962937308302529,2026-03-09
2024-10-23,-0.026520636901053826,2026-03-09
2024-10-24,0.0976232634851504,2026-03-09
2024-10-25,-0.0065925554714171535,2026-03-09
2024-10-28,0.08582293943743843,2026-03-09
2024-10-29,0.011293371215387022,2026-03-09
2024-10-30,-0.043246746710980305,2026-03-09
2024-10-31,-0.011427291639594349,2026-03-09
2024-11-01,-0.06239763589420632,2026-03-09
2024-11-04,-0.02969072098128157,2026-03-09
2024-11-05,0.02134111237029687,2026-03-09
2024-11-06,0.12375480563276266,2026-03-09
2024-11-07,0.049194588920474985,2026-03-09
2024-11-08,-0.0014411033772545004,2026-03-09
2024-11-11,0.2289692620244882,2026-03-09
2024-11-12,0.0476410345310375,2026-03-09
2024-11-13,-0.08241516288796623,2026-03-09
2024-11-14,-0.0021644439065428424,2026-03-09
2024-11-15,0.03884849395567852,2026-03-09
2024-11-18,0.1218422138321831,2026-03-09
2024-11-19,0.1123425014786907,2026-03-09
2024-11-20,0.09580832462382428,2026-03-09
2024-11-21,-0.17620726054990737,2026-03-09
2024-11-22,0.06007960629514575,2026-03-09
2024-11-25,-0.04466833043122033,2026-03-09
2024-11-26,-0.131631764384055,2026-03-09
2024-11-27,0.09474710836775663,2026-03-09
2024-11-29,-0.0035295089428559723,2026-03-09
2024-12-02,-0.018678046756187647,2026-03-09
2024-12-03,-0.01822983177291069,2026-03-09
2024-12-04,0.08362260853885543,2026-03-09
2024-12-05,-0.04948007305921772,2026-03-09
2024-12-06,0.022038019216322192,2026-03-09
2024-12-09,-0.07808268893413857,2026-03-09
2024-12-10,0.03226523636811334,2026-03-09
2024-12-11,0.08647230919008062,2026-03-09
2024-12-12,-0.047819539915954314,2026-03-09
2024-12-13,0.0411615947918519,2026-03-09
2024-12-16,-0.0004161029587325517,2026-03-09
2024-12-17,-0.05556701871775402,2026-03-09
2024-12-18,-0.10002079997424594,2026-03-09
2024-12-19,-0.06859669205665254,2026-03-09
2024-12-20,0.10939579725948581,2026-03-09
2024-12-23,-0.0918756675967423,2026-03-09
2024-12-24,0.07520809967601416,2026-03-09
2024-12-26,-0.049006574581932624,2026-03-09
2024-12-27,-0.03293640384770435,2026-03-09
2024-12-30,-0.08549189907177264,2026-03-09
2024-12-31,-0.04503105334767303,2026-03-09
2025-01-02,0.03524613794390872,2026-03-09
2025-01-03,0.1241292880733261,2026-03-09
2025-01-06,0.10982850619148757,2026-03-09
2025-01-07,-0.10463097573949172,2026-03-09
2025-01-08,-0.028911675755884193,2026-03-09
2025-01-10,-0.011491791098044222,2026-03-09
2025-01-13,0.001493167336276512,2026-03-09
2025-01-14,0.041075369834849954,2026-03-09
2025-01-15,0.05251702998066423,2026-03-09
2025-01-16,0.01753708924639718,2026-03-09
2025-01-17,0.07731419302033242,2026-03-09
2025-01-21,-0.018839645398155833,2026-03-09
2025-01-22,-0.030769271420130993,2026-03-09
2025-01-23,-0.011167053620983015,2026-03-09
2025-01-24,-0.053535757696641845,2026-03-09
2025-01-27,-0.016391706055292818,2026-03-09
2025-01-28,-0.03506982376104319,2026-03-09
2025-01-29,0.015712563376514627,2026-03-09
2025-01-30,-0.0034050688030898657,2026-03-09
2025-01-31,-0.01570678258186122,2026-03-09
2025-02-03,0.03608060664643942,2026-03-09
2025-02-04,0.0035087790712809174,2026-03-09
2025-02-05,-0.033900518409991545,2026-03-09
2025-02-06,-0.033952822444385765,2026-03-09
2025-02-07,0.00643169697111598,2026-03-09
2025-02-10,0.021324308088727834,2026-03-09
2025-02-11,-0.04636350142361328,2026-03-09
2025-02-12,0.022777539420404357,2026-03-09
2025-02-13,-0.005830543525165716,2026-03-09
2025-02-14,0.038667752711888194,2026-03-09
2025-02-18,-0.011195619982461767,2026-03-09
2025-02-19,-0.04689504552202731,2026-03-09
2025-02-20,0.016340486461335214,2026-03-09
2025-02-21,-0.07774799796542273,2026-03-09
2025-02-24,-0.0581500993727915,2026-03-09
2025-02-25,-0.12109969787966242,2026-03-09
2025-02-26,0.04968126184739939,2026-03-09
2025-02-27,-0.0923328321173294,2026-03-09
2025-02-28,0.062101123139636706,2026-03-09
2025-03-03,-0.017814214898417047,2026-03-09
2025-03-04,0.09218222539208681,2026-03-09
2025-03-05,0.11456748388123932,2026-03-09
2025-03-06,-0.014494435310307757,2026-03-09
2025-03-07,-0.05728025853189639,2026-03-09
2025-03-10,-0.1825165321004812,2026-03-09
2025-03-11,0.08535563765409947,2026-03-09
2025-03-12,0.007493216673828636,2026-03-09
2025-03-13,0.0027006805024960847,2026-03-09
2025-03-14,0.12223840405638438,2026-03-09
2025-03-17,-0.010882902238470795,2026-03-09
2025-03-18,-0.03837961682740479,2026-03-09
2025-03-19,0.07166597132117786,2026-03-09
2025-03-20,-0.0071252275615370265,2026-03-09
2025-03-21,0.006368898563828853,2026-03-09
2025-03-24,0.09924978144448021,2026-03-09
2025-03-25,0.01797753713559734,2026-03-09
2025-03-26,-0.03725547103266659,2026-03-09
2025-03-27,-0.014436712777211844,2026-03-09
2025-03-28,-0.11471845567214185,2026-03-09
2025-03-31,-0.003946877658236817,2026-03-09
2025-04-01,0.059752920546937954,2026-03-09
2025-04-02,0.021082064932425214,2026-03-09
2025-04-03,-0.10183300651721654,2026-03-09
2025-04-04,0.039352824406848855,2026-03-09
2025-04-07,-0.09074301941181305,2026-03-09
2025-04-08,-0.1194487320613114,2026-03-09
2025-04-09,0.22120004311010602,2026-03-09
2025-04-10,-0.08620932560241892,2026-03-09
2025-04-11,0.09666457014114785,2026-03-09
2025-04-14,0.037523008503598285,2026-03-09
2025-04-15,-0.0023466618627586795,2026-03-09
2025-04-16,0.0030206727362157852,2026-03-09
2025-04-17,0.017619666476594013,2026-03-09
2025-04-21,0.0017638833451171989,2026-03-09
2025-04-22,0.07652149174997305,2026-03-09
2025-04-23,0.00784025204554951,2026-03-09
2025-04-24,0.01324594568544893,2026-03-09
2025-04-25,0.05110630294829651,2026-03-09
2025-04-28,0.001463517392706891,2026-03-09
2025-04-29,0.03250589112640343,2026-03-09
2025-04-30,-0.003519166560038814,2026-03-09
2025-05-01,0.003912309590815212,2026-03-09
2025-05-02,0.032916586976709024,2026-03-09
2025-05-05,-0.020080061024610837,2026-03-09
2025-05-06,-0.0024089029557577382,2026-03-09
2025-05-07,0.01768502993724022,2026-03-09
2025-05-08,0.05429783051350374,2026-03-09
2025-05-09,0.003973931095764689,2026-03-09
2025-05-12,-0.027117262147534082,2026-03-09
2025-05-13,0.04044057340291141,2026-03-09
2025-05-14,-0.011594159735992399,2026-03-09
2025-05-15,-0.04847468012269296,2026-03-09
2025-05-16,0.006952550025244154,2026-03-09
2025-05-19,0.03349966631727854,2026-03-09
2025-05-20,0.008430331227368455,2026-03-09
2025-05-21,-0.034727347847703635,2026-03-09
2025-05-22,-0.00805342758455539,2026-03-09
2025-05-23,-0.07793578359575934,2026-03-09
2025-05-27,0.007253546955033787,2026-03-09
2025-05-28,-0.02159093192980304,2026-03-09
2025-05-29,0.017363828485161523,2026-03-09
2025-05-30,-0.004245047727345376,2026-03-09
2025-06-02,0.008660142109786632,2026-03-09
2025-06-03,0.039915800466266915,2026-03-09
2025-06-04,-0.02437644136970084,2026-03-09
2025-06-05,-0.024931327521968017,2026-03-09
2025-06-06,0.015284296681774041,2026-03-09
2025-06-09,0.04605620674189371,2026-03-09
2025-06-10,-0.0024001095552091778,2026-03-09
2025-06-11,-0.01045894085848795,2026-03-09
2025-06-12,-0.019169352569169205,2026-03-09
2025-06-13,0.00815599326377243,2026-03-09
2025-06-16,-0.0016206484129173413,2026-03-09
2025-06-17,-0.01866895352378986,2026-03-09
2025-06-18,-0.016527953044448176,2026-03-09
2025-06-20,0.001813960720400255,2026-03-09
2025-06-23,-0.006839727876490597,2026-03-09
2025-06-24,0.026446036214014357,2026-03-09
2025-06-25,0.030432481783929696,2026-03-09
2025-06-26,-0.005754066115793342,2026-03-09
2025-06-27,-0.006646606497934653,2026-03-09
2025-06-30,0.051654033607481296,2026-03-09
2025-07-01,-0.07960169685632779,2026-03-09
2025-07-02,0.07476600732160543,2026-03-09
2025-07-03,0.004241740464798976,2026-03-09
2025-07-07,-0.020809536564014023,2026-03-09
2025-07-08,0.003204577472076637,2026-03-09
2025-07-09,0.04548085123570281,2026-03-09
2025-07-10,0.015122994109928027,2026-03-09
2025-07-11,0.029991029276790843,2026-03-09
2025-07-14,0.037131643521481475,2026-03-09
2025-07-15,-0.01950067187070217,2026-03-09
2025-07-16,0.03026248564367623,2026-03-09
2025-07-17,-0.010052546201652416,2026-03-09
2025-07-18,-0.06432878633895649,2026-03-09
2025-07-21,0.007204263198189092,2026-03-09
2025-07-22,0.00028145404843633214,2026-03-09
2025-07-23,-0.03272958391066571,2026-03-09
2025-07-24,0.0054374882989437255,2026-03-09
2025-07-25,-0.022003539904815756,2026-03-09
2025-07-28,-0.005162547372688788,2026-03-09
2025-07-29,-0.022895031627917395,2026-03-09
2025-07-30,0.0009624032069624771,2026-03-09
2025-07-31,0.017116685577420236,2026-03-09
2025-08-01,-0.0917505543687006,2026-03-09
2025-08-04,0.05984291642872053,2026-03-09
2025-08-05,-0.03604417672715794,2026-03-09
2025-08-06,0.02095300410559625,2026-03-09
2025-08-07,0.04737206598024256,2026-03-09
2025-08-08,-0.01726215118696507,2026-03-09
2025-08-11,0.012874514840275736,2026-03-09
2025-08-12,-0.014749047297350649,2026-03-09
2025-08-13,-0.01145002424497576,2026-03-09
2025-08-14,-0.04447272499217216,2026-03-09
2025-08-15,-0.017910266999440115,2026-03-09
2025-08-18,-0.007452909253215097,2026-03-09
2025-08-19,-0.07724820610333395,2026-03-09
2025-08-20,0.022910473580207032,2026-03-09
2025-08-21,-0.019914167082213444,2026-03-09
2025-08-22,0.05909358312698645,2026-03-09
2025-08-25,-0.04258265942923687,2026-03-09
2025-08-26,0.023497894008350298,2026-03-09
2025-08-27,-0.026825144056246846,2026-03-09
2025-08-28,-0.009458144378616248,2026-03-09
2025-08-29,-0.01316021273496828,2026-03-09
2025-09-02,0.021331197896205537,2026-03-09
2025-09-03,-0.03381874131245613,2026-03-09
2025-09-04,-0.00811743730079794,2026-03-09
2025-09-05,0.02496135049298587,2026-03-09
2025-09-08,-0.017934606063108316,2026-03-09
2025-09-09,-0.0041614054933017345,2026-03-09
2025-09-10,-0.006351319214219141,2026-03-09
2025-09-11,-0.0013181395460889658,2026-03-09
2025-09-12,0.016488109655386888,2026-03-09
2025-09-15,-0.011073619628869446,2026-03-09
2025-09-16,0.022025956024662292,2026-03-09
2025-09-17,-0.016185687226174316,2026-03-09
2025-09-18,0.05720223435382523,2026-03-09
2025-09-19,-0.012596171985236927,2026-03-09
2025-09-22,-0.025916733550756292,2026-03-09
2025-09-23,-0.024560135211127387,2026-03-09
2025-09-24,-0.01373104018596342,2026-03-09
2025-09-25,-0.07249847713569992,2026-03-09
2025-09-26,0.02742229431622748,2026-03-09
2025-09-29,0.054649511952828835,2026-03-09
2025-09-30,-0.012981456494186375,2026-03-09
2025-10-01,0.049054708579656575,2026-03-09
2025-10-02,0.04031000936380251,2026-03-09
2025-10-03,-0.001988698018771984,2026-03-09
2025-10-06,0.022663055868000152,2026-03-09
2025-10-07,-0.09101019716476244,2026-03-09
2025-10-08,0.007281567255330963,2026-03-09
2025-10-09,-0.03228706417211698,2026-03-09
2025-10-10,-0.04960381916509937,2026-03-09
2025-10-13,0.034440551255664704,2026-03-09
2025-10-14,-0.04805023169950358,2026-03-09
2025-10-15,-0.013089598238126159,2026-03-09
2025-10-16,-0.044513078009614196,2026-03-09
2025-10-17,0.02102184354875894,2026-03-09
2025-10-20,0.022985565423007594,2026-03-09
2025-10-21,0.017710876653908615,2026-03-09
2025-10-22,-0.07245069648586966,2026-03-09
2025-10-23,0.014530210879238153,2026-03-09
2025-10-24,0.01449493372665022,2026-03-09
2025-10-27,0.022405268974152955,2026-03-09
2025-10-28,-0.03788341355848567,2026-03-09
2025-10-29,-0.03314599611473325,2026-03-09
2025-10-30,-0.07850340320746338,2026-03-09
2025-10-31,0.057029655588422816,2026-03-09
2025-11-03,-0.018121713954754808,2026-03-09
2025-11-04,-0.06913594547315213,2026-03-09
2025-11-05,0.03191567293955097,2026-03-09
2025-11-06,-0.07235989090061384,2026-03-09
2025-11-07,0.019744743583759695,2026-03-09
2025-11-10,-0.012687043610251131,2026-03-09
2025-11-11,-0.03202961249614004,2026-03-09
2025-11-12,-0.029566174107093494,2026-03-09
2025-11-13,-0.07423473046126616,2026-03-09
2025-11-14,-0.04306425252043706,2026-03-09
2025-11-17,-0.021915505500029804,2026-03-09
2025-11-18,0.05660107824496917,2026-03-09
2025-11-19,-0.10332091830745309,2026-03-09
2025-11-20,-0.05154728525310029,2026-03-09
2025-11-21,-0.038148657107198454,2026-03-09
2025-11-24,0.04887391034078471,2026-03-09
2025-11-25,-0.039010674587701764,2026-03-09
2025-11-26,0.019837909741847664,2026-03-09
2025-11-28,0.008729681427654859,2026-03-09
2025-12-01,-0.0330494488571066,2026-03-09
2025-12-02,0.05620191097479765,2026-03-09
2025-12-03,0.03819569317360525,2026-03-09
2025-12-04,-0.012713872760146466,2026-03-09
2025-12-05,-0.0384704371291167,2026-03-09
2025-12-08,0.02591959840068731,2026-03-09
2025-12-09,0.0284445652239665,2026-03-09
2025-12-10,-0.023286152658739106,2026-03-09
2025-12-11,-0.00728380851946654,2026-03-09
2025-12-12,-0.03808663866867115,2026-03-09
2025-12-15,-0.0849474810283659,2026-03-09
2025-12-16,0.03289329946752019,2026-03-09
2025-12-17,-0.04343732144096831,2026-03-09
2025-12-18,-0.013433127235620566,2026-03-09
2025-12-19,0.04074111118438639,2026-03-09
2025-12-22,-0.0030382230197725526,2026-03-09
2025-12-23,-0.03998050903113439,2026-03-09
2025-12-24,0.005243398100190462,2026-03-09
2025-12-26,0.0006298239272264958,2026-03-09
2025-12-29,-0.021770421878654623,2026-03-09
2025-12-30,0.0014147990829605907,2026-03-09
2025-12-31,-0.023801381674893023,2026-03-09
2026-01-02,0.03371291871320793,2026-03-09
2026-01-05,0.04698265213826144,2026-03-09
2026-01-06,-0.041841920821868425,2026-03-09
2026-01-07,0.02414126353503198,2026-03-09
2026-01-08,0.031267750028304356,2026-03-09
2026-01-09,-0.059468640981140665,2026-03-09
2026-01-12,0.030669533195844145,2026-03-09
2026-01-13,0.06421876602663248,2026-03-09
2026-01-14,0.03599387305775017,2026-03-09
2026-01-15,-0.04809057058332928,2026-03-09
2026-01-16,0.016250157176155862,2026-03-09
2026-01-20,-0.08077702440845355,2026-03-09
2026-01-21,0.022096948357411907,2026-03-09
2026-01-22,-0.01742709758738361,2026-03-09
2026-01-23,0.013144716442635748,2026-03-09
2026-01-26,-0.015632551408607163,2026-03-09
2026-01-27,0.006208115224454221,2026-03-09
2026-01-28,-0.019561320506887643,2026-03-09
2026-01-29,-0.10126663014082962,2026-03-09
2026-01-30,0.044527697571529024,2026-03-09
2026-02-02,-0.06970403238380608,2026-03-09
2026-02-03,-0.046694036010766715,2026-03-09
2026-02-04,-0.03179225876302307,2026-03-09
2026-02-05,-0.18777445496608672,2026-03-09
2026-02-06,0.23202071897719803,2026-03-09
2026-02-09,0.025680965241188833,2026-03-09
2026-02-10,-0.04008790818051133,2026-03-09
2026-02-11,-0.05351182239926099,2026-03-09
2026-02-12,-0.024652950450075338,2026-03-09
2026-02-13,0.0847595574422681,2026-03-09
2026-02-17,-0.039692939848413225,2026-03-09
2026-02-18,-0.027338538675336938,2026-03-09
2026-02-19,0.03338224833181135,2026-03-09
2026-02-20,0.012284270433641269,2026-03-09
2026-02-23,-0.05763884358224078,2026-03-09
2026-02-24,0.007248755378723319,2026-03-09
2026-02-25,0.08488912925748283,2026-03-09
2026-02-26,-0.016725906382321687,2026-03-09
2026-02-27,-0.02967120658843936,2026-03-09
2026-03-02,0.06103330610819007,2026-03-09
2026-03-03,-0.03677402837106355,2026-03-09
2026-03-04,0.0986756460470333,2026-03-09
2026-03-05,-0.04633146438633423,2026-03-09
2026-03-06,-0.04595817798333482,2026-03-09
