path_idx, S_T     , H_max   , stock_pnl, W_options, Pi_final, full_pnl, ideal_floor_pnl, protection_gap, ever_breached
       0,   232.75,   343.54, 99.22    ,   2806.73, 16.69   ,  2922.64, 106.95         ,        2815.69,             0
       1,   112.73,   513.39, -20.8    ,   2592.73, 13.8    ,  2585.72, 225.84         ,        2359.88,             0
       2,   330.31,  1104.3 , 196.78   ,   3363.41, 29.94   ,  3590.13, 639.48         ,        2950.64,             0
       3,   866.09,  1126.51, 732.56   ,   2391.87, 113.2   ,  3237.63, 655.03         ,        2582.6 ,             0
       4,   746.1 ,   746.1 , 612.57   ,   2155.01, 13.77   ,  2781.35, 388.74         ,        2392.61,             0
       5,  1018.14,  1018.14, 884.61   ,   2801.57, 14.02   ,  3700.19, 579.17         ,        3121.02,             0
       6,  5077.05,  5077.05, 4943.52  ,   4571.31, 9.48    ,  9524.31, 3420.41        ,        6103.91,             0
       7,   859.88,  1503.87, 726.35   ,   3624.65, 43.2    ,  4394.19, 919.18         ,        3475.01,             0
       8,   124.68,   586.11, -8.85    ,   2606.26, 16.7    ,  2614.1 , 276.75         ,        2337.35,             0
       9,  1310.92,  1333.26, 1177.39  ,   3073.24, 10.74   ,  4261.36, 799.75         ,        3461.61,             0
      10,   353.69,   548.9 , 220.16   ,   2532.94, 17.97   ,  2771.08, 250.7          ,        2520.38,             0
      11,  2260.96,  2485.05, 2127.43  ,   4589.22, 97.83   ,  6814.48, 1606.0         ,        5208.48,             0
      12,     9.01,   133.74, -124.52  ,   4666.31, 7.67    ,  4549.46, -39.91         ,        4589.37,             1
      13,  4536.88,  4787.34, 4403.35  ,   3647.62, 45.31   ,  8096.28, 3217.61        ,        4878.67,             0
      14,    83.0 ,   358.56, -50.53   ,   2303.82, 10.27   ,  2263.55, 117.47         ,        2146.09,             0
      15,   385.97,  1407.17, 252.44   ,   3582.42, 17.96   ,  3852.82, 851.49         ,        3001.34,             0
      16,    59.31,   157.82, -74.22   ,   4115.46, 13.42   ,  4054.66, -23.06         ,        4077.72,             0
      17,    86.39,   140.26, -47.14   ,   3344.87, 5.77    ,  3303.5 , -35.34         ,        3338.84,             0
      18,  1855.8 ,  1999.69, 1722.27  ,   5019.11, 131.94  ,  6873.31, 1266.25        ,        5607.06,             0
      19,   311.64,   323.25, 178.11   ,   2229.31, 10.79   ,  2418.22, 92.74          ,        2325.47,             0
      20,   796.71,  1677.65, 663.18   ,   5736.33, 15.57   ,  6415.08, 1040.83        ,        5374.25,             0
      21,   267.13,   386.93, 133.6    ,   2199.18, 16.67   ,  2349.45, 137.32         ,        2212.13,             0
      22,   633.31,  1769.34, 499.78   ,   3837.27, 16.65   ,  4353.71, 1105.01        ,        3248.7 ,             0
      23,   111.27,   340.01, -22.26   ,   2246.24, 28.56   ,  2252.54, 104.48         ,        2148.06,             0
      24,   677.8 ,   686.15, 544.27   ,   2632.07, 10.99   ,  3187.33, 346.77         ,        2840.56,             0
      25,   772.81,   930.64, 639.28   ,   3129.96, 13.93   ,  3783.17, 517.92         ,        3265.25,             0
      26,   460.39,   592.67, 326.86   ,   2234.18, 39.0    ,  2600.04, 281.34         ,        2318.7 ,             0
      27,    42.81,   173.0 , -90.72   ,   3961.0 , 10.68   ,  3880.97, -12.43         ,        3893.4 ,             0
      28,   908.08,   964.43, 774.55   ,   2534.82, 41.17   ,  3350.55, 541.57         ,        2808.97,             0
      29,    23.9 ,   140.52, -109.63  ,   4200.29, 12.67   ,  4103.33, -35.17         ,        4138.49,             0
      30,  2559.53,  2769.44, 2426.0   ,   3900.06, 201.42  ,  6527.48, 1805.08        ,        4722.41,             0
      31,    68.5 ,   168.2 , -65.03   ,   4027.12, 9.88    ,  3971.97, -15.79         ,        3987.76,             0
      32,   243.82,   387.32, 110.29   ,   2137.95, 18.44   ,  2266.68, 137.6          ,        2129.08,             0
      33,   671.47,  2646.55, 537.94   ,   5717.58, 70.22   ,  6325.74, 1719.05        ,        4606.69,             0
      34,    31.72,   212.34, -101.81  ,   3242.99, 13.12   ,  3154.31, 15.11          ,        3139.19,             0
      35,   616.08,   679.74, 482.55   ,   2373.54, 54.33   ,  2910.42, 342.29         ,        2568.13,             0
      36,    63.14,   198.17, -70.39   ,   3878.31, 10.53   ,  3818.45, 5.19           ,        3813.26,             0
      37,  5311.21,  5311.21, 5177.68  ,   5314.81, 8.12    , 10500.6 , 3584.31        ,        6916.29,             0
      38,   237.21,   237.21, 103.68   ,   3286.09, 13.76   ,  3403.53, 32.52          ,        3371.02,             0
      39,   316.22,   401.05, 182.69   ,   2709.0 , 15.6    ,  2907.3 , 147.2          ,        2760.09,             0
      40,   214.06,  1288.15, 80.53    ,   3683.71, 15.51   ,  3779.75, 768.18         ,        3011.57,             0
      41,   693.49,   693.49, 559.96   ,   2160.66, 14.14   ,  2734.76, 351.91         ,        2382.85,             0
      42,   193.28,   496.0 , 59.75    ,   2203.09, 21.87   ,  2284.71, 213.67         ,        2071.04,             0
      43,    97.89,   222.05, -35.64   ,   2421.18, 19.21   ,  2404.75, 21.9           ,        2382.85,             0
      44,   250.92,   305.32, 117.39   ,   2259.62, 16.66   ,  2393.67, 80.2           ,        2313.47,             0
      45,  3476.71,  6484.2 , 3343.18  ,  10806.62, 169.52  , 14319.32, 4405.41        ,        9913.91,             0
      46,  1922.39,  2052.88, 1788.86  ,   3539.24, 13.95   ,  5342.05, 1303.49        ,        4038.57,             0
      47,   655.28,   978.06, 521.75   ,   2750.27, 17.97   ,  3289.99, 551.11         ,        2738.87,             0
      48,   200.56,   727.14, 67.03    ,   3068.59, 18.49   ,  3154.1 , 375.47         ,        2778.63,             0
      49,  1478.39,  1842.39, 1344.86  ,   4522.88, 110.12  ,  5977.87, 1156.14        ,        4821.72,             0
      50,   550.06,   550.06, 416.53   ,   2489.41, 16.64   ,  2922.58, 251.51         ,        2671.07,             0
      51,  3593.29,  4150.55, 3459.76  ,   7977.73, 16.35   , 11453.84, 2771.86        ,        8681.98,             0
      52,   235.77,   418.42, 102.24   ,   2209.9 , 18.86   ,  2331.0 , 159.36         ,        2171.64,             0
      53,   956.3 ,  1621.94, 822.77   ,   6117.0 , 15.52   ,  6955.29, 1001.82        ,        5953.46,             0
      54,   309.11,   449.8 , 175.58   ,   2694.01, 20.39   ,  2889.99, 181.33         ,        2708.66,             0
      55,   223.17,  1267.26, 89.64    ,   3296.57, 14.24   ,  3400.44, 753.55         ,        2646.89,             0
      56,    44.16,   140.17, -89.37   ,   4315.04, 12.63   ,  4238.3 , -35.41         ,        4273.71,             0
      57,   226.98,   333.09, 93.45    ,   2201.93, 14.06   ,  2309.44, 99.64          ,        2209.8 ,             0
      58,  2485.2 ,  2533.41, 2351.67  ,   4758.57, 14.75   ,  7124.99, 1639.86        ,        5485.14,             0
      59,   981.24,   981.99, 847.71   ,   2701.81, 15.92   ,  3565.44, 553.86         ,        3011.58,             0
      60,    12.25,   164.3 , -121.28  ,   3987.3 , 10.64   ,  3876.66, -18.52         ,        3895.18,             0
      61,   111.96,   250.34, -21.57   ,   2296.55, 12.24   ,  2287.22, 41.71          ,        2245.52,             0
      62,  1136.22,  1258.99, 1002.69  ,   3321.24, 36.83   ,  4360.76, 747.76         ,        3613.0 ,             0
      63,    45.53,   852.1 , -88.0    ,   3358.63, 13.39   ,  3284.02, 462.94         ,        2821.08,             0
      64,  1212.22,  1736.65, 1078.69  ,   4372.95, 15.64   ,  5467.28, 1082.13        ,        4385.15,             0
      65,    85.34,   174.1 , -48.19   ,   3532.32, 8.56    ,  3492.69, -11.66         ,        3504.35,             0
      66,   488.79,   808.73, 355.26   ,   2446.93, 64.47   ,  2866.65, 432.58         ,        2434.07,             0
      67,  9126.62,  9215.3 , 8993.09  ,   5716.49, 82.58   , 14792.17, 6317.18        ,        8474.99,             0
      68,  1798.45,  3697.26, 1664.92  ,   9039.85, 103.49  , 10808.27, 2454.56        ,        8353.71,             0
      69,   265.16,  1138.67, 131.63   ,   3180.87, 15.66   ,  3328.15, 663.54         ,        2664.62,             0
      70,   180.81,   338.61, 47.28    ,   2220.72, 16.73   ,  2284.72, 103.5          ,        2181.23,             0
      71,   779.3 ,   807.74, 645.77   ,   2265.86, 16.93   ,  2928.56, 431.89         ,        2496.67,             0
      72,   193.21,   418.74, 59.68    ,   2575.23, 26.82   ,  2661.73, 159.59         ,        2502.15,             0
      73,   401.05,   965.22, 267.52   ,   3381.52, 96.19   ,  3745.22, 542.12         ,        3203.1 ,             0
      74,  2278.93,  3387.13, 2145.4   ,   8734.41, 13.85   , 10893.66, 2237.46        ,        8656.2 ,             0
      75,   144.16,   423.3 , 10.63    ,   2458.73, 23.42   ,  2492.78, 162.78         ,        2330.01,             0
      76,   395.89,   410.59, 262.36   ,   2360.55, 17.95   ,  2640.87, 153.88         ,        2486.98,             0
      77,    30.92,   248.88, -102.61  ,   3395.97, 10.96   ,  3304.32, 40.69          ,        3263.64,             0
      78,   200.86,   709.78, 67.33    ,   3025.2 , 22.2    ,  3114.72, 363.32         ,        2751.4 ,             0
      79,  5638.48,  6107.64, 5504.95  ,   8975.35, 13.85   , 14494.15, 4141.82        ,       10352.33,             0
      80,   746.17,   792.24, 612.64   ,   2274.25, 34.58   ,  2921.47, 421.04         ,        2500.43,             0
      81,  1644.34,  1824.04, 1510.81  ,   3672.55, 138.83  ,  5322.19, 1143.3         ,        4178.89,             0
      82,    47.12,   149.06, -86.41   ,   4173.39, 8.35    ,  4095.34, -29.19         ,        4124.53,             0
      83,   866.55,   960.22, 733.02   ,   3047.67, 15.53   ,  3796.21, 538.63         ,        3257.58,             0
      84,    33.71,   150.89, -99.82   ,   4413.28, 10.71   ,  4324.17, -27.91         ,        4352.08,             0
      85,  1602.46,  1716.41, 1468.93  ,   2564.78, 13.91   ,  4047.62, 1067.96        ,        2979.66,             0
      86,    22.53,   178.04, -111.0   ,   4281.48, 9.38    ,  4179.86, -8.9           ,        4188.76,             0
      87,   358.81,   417.27, 225.28   ,   2400.63, 19.63   ,  2645.54, 158.56         ,        2486.98,             0
      88,   715.15,   763.3 , 581.62   ,   2364.65, 40.63   ,  2986.9 , 400.78         ,        2586.12,             0
      89,   731.3 ,   808.62, 597.77   ,   2867.35, 14.17   ,  3479.3 , 432.5          ,        3046.8 ,             0
      90,   352.46,   674.22, 218.93   ,   2431.01, 19.95   ,  2669.89, 338.43         ,        2331.46,             0
      91,    53.54,   303.49, -79.99   ,   2645.16, 13.07   ,  2578.24, 78.91          ,        2499.32,             0
      92,   244.79,   431.41, 111.26   ,   2208.04, 22.16   ,  2341.46, 168.46         ,        2173.01,             0
      93,   144.78,   398.74, 11.25    ,   2380.63, 28.57   ,  2420.46, 145.59         ,        2274.87,             0
      94,    99.53,   228.56, -34.0    ,   2805.51, 9.96    ,  2781.47, 26.46          ,        2755.02,             0
      95,   930.49,   930.49, 796.96   ,   2836.32, 14.11   ,  3647.39, 517.81         ,        3129.57,             0
      96,   557.6 ,   774.15, 424.07   ,   2309.39, 52.24   ,  2785.7 , 408.38         ,        2377.33,             0
      97,    45.77,   159.15, -87.76   ,   3944.75, 14.63   ,  3871.62, -22.12         ,        3893.74,             0
      98,  1116.24,  1181.68, 982.71   ,   2670.05, 15.56   ,  3668.32, 693.65         ,        2974.67,             0
      99,    56.11,   220.36, -77.42   ,   2525.86, 10.65   ,  2459.09, 20.72          ,        2438.37,             0
     100,  1568.78,  1718.92, 1435.25  ,   2880.42, 89.51   ,  4405.19, 1069.71        ,        3335.47,             0
     101,   396.01,   424.11, 262.48   ,   2205.48, 15.57   ,  2483.53, 163.35         ,        2320.18,             0
     102,   258.79,   270.25, 125.26   ,   2663.24, 15.59   ,  2804.09, 55.65          ,        2748.45,             0
     103,   426.13,   615.62, 292.6    ,   2247.99, 20.96   ,  2561.54, 297.4          ,        2264.14,             0
     104,    24.5 ,   144.94, -109.03  ,   4117.65, 8.67    ,  4017.29, -32.07         ,        4049.36,             0
     105,   871.83,  1305.2 , 738.3    ,   3558.49, 52.9    ,  4349.69, 780.11         ,        3569.58,             0
     106,   377.17,   435.33, 243.64   ,   2300.07, 42.14   ,  2585.85, 171.2          ,        2414.65,             0
     107,   124.43,   338.42, -9.1     ,   2256.3 , 18.29   ,  2265.48, 103.36         ,        2162.12,             0
     108,   146.23,   402.81, 12.7     ,   2278.83, 14.14   ,  2305.67, 148.44         ,        2157.23,             0
     109,   149.97,   449.97, 16.44    ,   2303.86, 16.66   ,  2336.96, 181.45         ,        2155.51,             0
     110,  6112.46,  8942.08, 5978.93  ,   7980.74, 37.95   , 13997.63, 6125.93        ,        7871.7 ,             0
     111,    47.08,   218.15, -86.45   ,   3461.44, 9.95    ,  3384.94, 19.17          ,        3365.77,             0
     112,   149.04,   193.6 , 15.51    ,   2841.11, 17.17   ,  2873.79, 1.99           ,        2871.8 ,             0
     113,   398.17,   534.66, 264.64   ,   2694.36, 16.68   ,  2975.68, 240.73         ,        2734.95,             0
     114,  5133.89,  7723.43, 5000.36  ,   9558.19, 14.12   , 14572.67, 5272.87        ,        9299.8 ,             0
     115,   182.86,   396.36, 49.33    ,   2466.44, 12.13   ,  2527.9 , 143.92         ,        2383.98,             0
     116,   395.37,   939.43, 261.84   ,   2801.26, 23.1    ,  3086.21, 524.07         ,        2562.14,             0
     117,    20.68,   221.15, -112.85  ,   3987.28, 13.2    ,  3887.64, 21.28          ,        3866.36,             0
     118,   681.7 ,   996.97, 548.17   ,   3428.93, 136.22  ,  4113.32, 564.35         ,        3548.97,             0
     119,   553.59,   961.47, 420.06   ,   3209.11, 15.6    ,  3644.77, 539.5          ,        3105.27,             0
     120,    23.88,   140.63, -109.65  ,   3991.77, 13.5    ,  3895.61, -35.09         ,        3930.7 ,             0
     121,  2794.33,  3846.25, 2660.8   ,   5247.49, 89.3    ,  7997.59, 2558.85        ,        5438.75,             0
     122,   671.31,  1071.06, 537.78   ,   3593.29, 12.08   ,  4143.15, 616.21         ,        3526.93,             0
     123,   318.1 ,   320.56, 184.57   ,   2441.77, 18.13   ,  2644.47, 90.86          ,        2553.61,             0
     124,   205.05,   913.54, 71.52    ,   3414.48, 19.97   ,  3505.97, 505.94         ,        3000.03,             0
     125,   689.83,   744.59, 556.3    ,   2153.14, 27.76   ,  2737.21, 387.68         ,        2349.53,             0
     126,   398.94,   559.31, 265.41   ,   2503.78, 40.01   ,  2809.19, 257.99         ,        2551.21,             0
     127,  2223.61,  3571.95, 2090.08  ,   7844.61, 104.06  , 10038.75, 2366.83        ,        7671.92,             0
     128,    82.95,   133.53, -50.58   ,   3856.69, 13.64   ,  3819.75, -40.06         ,        3859.81,             0
     129,    60.68,   210.91, -72.85   ,   3636.36, 11.86   ,  3575.38, 14.11          ,        3561.27,             0
     130,   112.83,   312.02, -20.7    ,   2681.49, 21.0    ,  2681.78, 84.88          ,        2596.9 ,             0
     131,  2548.16,  2548.16, 2414.63  ,   3492.59, 16.93   ,  5924.15, 1650.18        ,        4273.97,             0
     132, 12470.97, 12470.97, 12337.44 ,   9031.14, 13.93   , 21382.51, 8596.15        ,       12786.36,             0
     133,   139.26,   163.6 , 5.73     ,   2778.98, 12.16   ,  2796.87, -19.01         ,        2815.88,             0
     134,   264.76,   565.6 , 131.23   ,   2404.83, 16.68   ,  2552.74, 262.39         ,        2290.34,             0
     135,   486.67,   509.33, 353.14   ,   2265.64, 20.13   ,  2638.9 , 223.0          ,        2415.9 ,             0
     136,   568.15,  1125.57, 434.62   ,   3121.74, 35.16   ,  3591.51, 654.37         ,        2937.15,             0
     137,   330.09,   477.66, 196.56   ,   2358.62, 20.93   ,  2576.11, 200.83         ,        2375.28,             0
     138,   245.14,   518.44, 111.61   ,   2353.25, 20.34   ,  2485.2 , 229.38         ,        2255.82,             0
     139,   146.84,   275.29, 13.31    ,   2460.21, 19.19   ,  2492.71, 59.17          ,        2433.54,             0
     140,   159.97,   299.8 , 26.44    ,   2717.86, 20.88   ,  2765.18, 76.33          ,        2688.85,             0
     141,    20.02,   198.15, -113.51  ,   3920.12, 8.11    ,  3814.72, 5.18           ,        3809.54,             0
     142,  1458.73,  1458.73, 1325.2   ,   2592.48, 12.17   ,  3929.85, 887.58         ,        3042.27,             0
     143,    87.72,   286.3 , -45.81   ,   2427.74, 21.9    ,  2403.84, 66.88          ,        2336.96,             0
     144,  1292.01,  1369.09, 1158.48  ,   2862.93, 16.71   ,  4038.13, 824.83         ,        3213.29,             0
     145,    30.73,   140.72, -102.8   ,   3453.72, 8.11    ,  3359.03, -35.03         ,        3394.06,             0
     146,   172.6 ,   462.91, 39.07    ,   2398.76, 16.59   ,  2454.42, 190.51         ,        2263.91,             0
     147,   326.21,   386.18, 192.68   ,   2086.48, 34.82   ,  2313.98, 136.79         ,        2177.19,             0
     148,   423.74,   455.06, 290.21   ,   2242.67, 20.99   ,  2553.87, 185.01         ,        2368.86,             0
     149,   935.56,  1479.45, 802.03   ,   4959.81, 34.21   ,  5796.05, 902.09         ,        4893.96,             0
     150,   370.9 ,   482.26, 237.37   ,   2188.05, 34.33   ,  2459.75, 204.05         ,        2255.7 ,             0
     151,    10.96,   144.88, -122.57  ,   4356.4 , 13.12   ,  4246.96, -32.12         ,        4279.08,             0
     152,  1104.6 ,  1428.8 , 971.07   ,   3480.47, 153.31  ,  4604.85, 866.63         ,        3738.22,             0
     153,    72.5 ,   224.6 , -61.03   ,   3632.06, 9.57    ,  3580.6 , 23.69          ,        3556.91,             0
     154,   448.43,   485.66, 314.9    ,   2310.41, 17.62   ,  2642.93, 206.43         ,        2436.5 ,             0
     155,   439.9 ,  1035.28, 306.37   ,   3512.58, 30.44   ,  3849.38, 591.16         ,        3258.22,             0
     156,   197.74,   212.8 , 64.21    ,   2897.56, 10.86   ,  2972.64, 15.43          ,        2957.21,             0
     157,   564.93,   884.91, 431.4    ,   2891.24, 16.64   ,  3339.29, 485.91         ,        2853.38,             0
     158,    51.56,   182.35, -81.97   ,   3829.63, 13.42   ,  3761.08, -5.88          ,        3766.96,             0
     159,    51.27,   398.18, -82.26   ,   2664.29, 8.6     ,  2590.63, 145.2          ,        2445.43,             0
     160,   955.29,  1934.21, 821.76   ,   4072.96, 67.22   ,  4961.95, 1220.42        ,        3741.53,             0
     161,   738.96,  1495.34, 605.43   ,   3450.31, 14.74   ,  4070.49, 913.21         ,        3157.28,             0
     162,  6803.08,  8964.77, 6669.55  ,  12726.12, 15.66   , 19411.33, 6141.81        ,       13269.52,             0
     163,   507.88,  1031.8 , 374.35   ,   3265.84, 15.63   ,  3655.82, 588.73         ,        3067.08,             0
     164,  3002.39,  3271.28, 2868.86  ,   4294.55, 251.0   ,  7414.41, 2156.37        ,        5258.05,             0
     165,   245.73,   762.69, 112.2    ,   3176.65, 14.12   ,  3302.97, 400.35         ,        2902.62,             0
     166,   685.08,   940.08, 551.55   ,   3350.25, 28.87   ,  3930.67, 524.53         ,        3406.14,             0
     167,   403.85,  1305.32, 270.32   ,   3201.5 , 18.27   ,  3490.1 , 780.19         ,        2709.9 ,             0
     168,   513.67,   606.85, 380.14   ,   2330.37, 18.63   ,  2729.14, 291.26         ,        2437.87,             0
     169,   355.34,   593.77, 221.81   ,   2710.28, 15.57   ,  2947.65, 282.11         ,        2665.54,             0
     170,  2139.27,  2474.84, 2005.74  ,   4606.44, 19.19   ,  6631.37, 1598.85        ,        5032.51,             0
     171,   272.81,   677.44, 139.28   ,   2781.32, 13.76   ,  2934.35, 340.68         ,        2593.67,             0
     172,   243.39,   460.18, 109.86   ,   2347.35, 16.24   ,  2473.46, 188.59         ,        2284.86,             0
     173,   364.11,   581.91, 230.58   ,   2486.01, 33.32   ,  2749.91, 273.81         ,        2476.11,             0
     174,   295.41,   308.52, 161.88   ,   2162.62, 12.16   ,  2336.65, 82.44          ,        2254.21,             0
     175,   118.07,   171.95, -15.46   ,   3991.76, 16.86   ,  3993.17, -13.17         ,        4006.34,             0
     176,  4495.0 ,  5454.12, 4361.47  ,  13930.71, 17.11   , 18309.29, 3684.35        ,       14624.94,             0
     177,   697.51,  1099.23, 563.98   ,   3254.96, 16.66   ,  3835.6 , 635.93         ,        3199.67,             0
     178,   330.07,   647.8 , 196.54   ,   2632.92, 23.17   ,  2852.62, 319.93         ,        2532.7 ,             0
     179,   395.42,   948.75, 261.89   ,   3054.48, 9.44    ,  3325.82, 530.6          ,        2795.22,             0
     180,   359.23,   482.04, 225.7    ,   2191.37, 18.08   ,  2435.15, 203.9          ,        2231.25,             0
     181,   438.04,   458.63, 304.51   ,   2078.17, 14.16   ,  2396.84, 187.51         ,        2209.33,             0
     182,   135.93,   185.34, 2.4      ,   3245.99, 20.98   ,  3269.37, -3.79          ,        3273.16,             0
     183,   181.44,   310.36, 47.91    ,   2577.26, 16.65   ,  2641.82, 83.72          ,        2558.1 ,             0
     184,   569.38,   657.61, 435.85   ,   2603.8 , 43.63   ,  3083.28, 326.8          ,        2756.49,             0
     185,   282.95,   417.92, 149.42   ,   2480.28, 20.7    ,  2650.39, 159.01         ,        2491.38,             0
     186,   800.99,   800.99, 667.46   ,   2839.11, 14.13   ,  3520.7 , 427.17         ,        3093.53,             0
     187,   173.81,   319.37, 40.28    ,   2291.2 , 18.93   ,  2350.41, 90.03          ,        2260.38,             0
     188,   493.85,   625.03, 360.32   ,   2308.23, 14.14   ,  2682.69, 303.99         ,        2378.7 ,             0
     189,  4712.17,  5626.94, 4578.64  ,   5064.41, 730.58  , 10373.64, 3805.33        ,        6568.31,             0
     190,   373.17,   624.61, 239.64   ,   2912.51, 13.76   ,  3165.91, 303.69         ,        2862.21,             0
     191,  1520.04,  4257.35, 1386.51  ,   8233.14, 12.11   ,  9631.76, 2846.61        ,        6785.14,             0
     192,   128.35,   671.16, -5.18    ,   2699.44, 16.4    ,  2710.65, 336.28         ,        2374.37,             0
     193,   136.21,   389.77, 2.68     ,   2263.41, 14.13   ,  2280.22, 139.31         ,        2140.91,             0
     194,   316.93,   367.7 , 183.4    ,   2841.0 , 22.09   ,  3046.49, 123.86         ,        2922.63,             0
     195,    41.13,   228.5 , -92.4    ,   3580.43, 11.47   ,  3499.5 , 26.42          ,        3473.08,             0
     196,   392.51,   392.93, 258.98   ,   2149.48, 15.52   ,  2423.98, 141.52         ,        2282.46,             0
     197,   834.71,  1174.69, 701.18   ,   3013.36, 15.57   ,  3730.12, 688.75         ,        3041.36,             0
     198,    32.58,   283.4 , -100.95  ,   4034.51, 10.19   ,  3943.74, 64.85          ,        3878.9 ,             0
     199,   152.98,   165.6 , 19.45    ,   3403.75, 15.63   ,  3438.84, -17.61         ,        3456.44,             0
     200,   612.66,  1583.55, 479.13   ,   4147.17, 16.75   ,  4643.06, 974.95         ,        3668.1 ,             0
     201,   663.32,   708.95, 529.79   ,   2860.77, 37.96   ,  3428.51, 362.74         ,        3065.78,             0
     202,    23.22,   164.98, -110.31  ,   4034.39, 9.37    ,  3933.46, -18.04         ,        3951.5 ,             0
     203,   118.33,   182.14, -15.2    ,   3025.55, 20.12   ,  3030.47, -6.03          ,        3036.5 ,             0
     204,    45.59,   187.08, -87.94   ,   3985.0 , 13.24   ,  3910.29, -2.57          ,        3912.86,             0
     205,  4059.07,  4719.19, 3925.54  ,   6646.41, 17.38   , 10589.33, 3169.91        ,        7419.43,             0
     206,   547.21,   771.24, 413.68   ,   2472.58, 16.64   ,  2902.9 , 406.34         ,        2496.56,             0
     207,   422.19,   636.03, 288.66   ,   2439.98, 11.06   ,  2739.69, 311.69         ,        2428.0 ,             0
     208,   191.27,   456.5 , 57.74    ,   2321.96, 17.7    ,  2397.4 , 186.02         ,        2211.38,             0
     209,    18.58,   323.61, -114.95  ,   3390.85, 10.46   ,  3286.35, 93.0           ,        3193.36,             0
     210,  6127.4 ,  6127.4 , 5993.87  ,   6028.41, 14.27   , 12036.56, 4155.65        ,        7880.9 ,             0
     211,   438.87,  1189.42, 305.34   ,   3637.25, 44.67   ,  3987.26, 699.07         ,        3288.19,             0
     212,    75.26,   163.75, -58.27   ,   3512.4 , 11.11   ,  3465.24, -18.91         ,        3484.14,             0
     213,  1421.18,  1941.02, 1287.65  ,   5970.97, 62.29   ,  7320.91, 1225.18        ,        6095.73,             0
     214,  1350.01,  1838.55, 1216.48  ,   3893.37, 15.46   ,  5125.31, 1153.45        ,        3971.85,             0
     215,   133.17,   285.46, -0.36    ,   2564.9 , 14.53   ,  2579.08, 66.29          ,        2512.78,             0
     216,   372.84,   506.06, 239.31   ,   2170.2 , 16.68   ,  2426.19, 220.72         ,        2205.47,             0
     217,  1412.38,  1488.71, 1278.85  ,   3708.47, 68.82   ,  5056.14, 908.57         ,        4147.58,             0
     218,  3746.57,  3942.18, 3613.04  ,   4400.35, 145.39  ,  8158.79, 2626.0         ,        5532.79,             0
     219,   145.76,   231.7 , 12.23    ,   2503.81, 19.19   ,  2535.23, 28.66          ,        2506.57,             0
     220,    26.85,   194.76, -106.68  ,   3646.89, 13.47   ,  3553.68, 2.8            ,        3550.88,             0
     221,   953.78,  1150.3 , 820.25   ,   2989.18, 16.78   ,  3826.21, 671.68         ,        3154.53,             0
     222,   369.4 ,   535.65, 235.87   ,   2477.51, 14.75   ,  2728.14, 241.43         ,        2486.71,             0
     223,  1757.41,  1953.03, 1623.88  ,   3536.5 , 135.98  ,  5296.37, 1233.59        ,        4062.77,             0
     224,   539.67,   606.85, 406.14   ,   2546.47, 18.72   ,  2971.33, 291.26         ,        2680.06,             0
     225,   413.72,   510.73, 280.19   ,   2147.45, 48.17   ,  2475.81, 223.98         ,        2251.83,             0
     226,  1341.61,  1598.87, 1208.08  ,   3814.12, 19.2    ,  5041.4 , 985.68         ,        4055.73,             0
     227,    96.08,   352.51, -37.45   ,   3375.94, 12.69   ,  3351.18, 113.23         ,        3237.96,             0
     228,  3168.68,  3448.98, 3035.15  ,   4411.67, 14.28   ,  7461.09, 2280.75        ,        5180.34,             0
     229,   177.81,   215.24, 44.28    ,   2829.37, 20.94   ,  2894.6 , 17.14          ,        2877.46,             0
     230,    24.69,   160.73, -108.84  ,   3617.57, 12.53   ,  3521.27, -21.02         ,        3542.29,             0
     231,  1286.84,  4397.71, 1153.31  ,   6764.02, 15.51   ,  7932.84, 2944.86        ,        4987.97,             0
     232,   329.04,   485.75, 195.51   ,   3325.55, 20.24   ,  3541.29, 206.49         ,        3334.8 ,             0
     233,    15.68,   181.83, -117.85  ,   4181.97, 13.1    ,  4077.21, -6.25          ,        4083.47,             0
     234,   234.65,   343.21, 101.12   ,   2252.11, 21.96   ,  2375.19, 106.72         ,        2268.47,             0
     235,    67.25,   191.13, -66.28   ,   2944.62, 13.13   ,  2891.47, 0.26           ,        2891.21,             0
     236,    29.9 ,   145.5 , -103.63  ,   4398.77, 12.47   ,  4307.61, -31.68         ,        4339.29,             0
     237,   132.1 ,   236.32, -1.43    ,   2522.33, 13.85   ,  2534.75, 31.89          ,        2502.85,             0
     238,   181.8 ,   350.95, 48.27    ,   2434.2 , 15.54   ,  2498.01, 112.13         ,        2385.88,             0
     239,   784.73,  1212.21, 651.2    ,   3509.66, 15.56   ,  4176.43, 715.02         ,        3461.41,             0
     240,   323.43,   984.22, 189.9    ,   2714.82, 15.51   ,  2920.23, 555.42         ,        2364.81,             0
     241,   429.84,  1443.1 , 296.31   ,   4214.05, 10.0    ,  4520.36, 876.64         ,        3643.72,             0
     242,   523.94,   895.01, 390.41   ,   3190.76, 130.85  ,  3712.03, 492.97         ,        3219.05,             0
     243,   152.89,   366.13, 19.36    ,   2287.89, 18.2    ,  2325.45, 122.76         ,        2202.69,             0
     244,   240.49,   491.8 , 106.96   ,   2222.55, 25.84   ,  2355.35, 210.73         ,        2144.62,             0
     245,   637.07,   709.89, 503.54   ,   2325.11, 49.87   ,  2878.52, 363.4          ,        2515.12,             0
     246,    54.11,   233.97, -79.42   ,   3696.86, 10.56   ,  3628.0 , 30.25          ,        3597.75,             0
     247,  5731.14,  5731.14, 5597.61  ,   5649.73, 12.17   , 11259.51, 3878.27        ,        7381.24,             0
     248,   573.02,   893.48, 439.49   ,   3000.2 , 15.49   ,  3455.18, 491.9          ,        2963.28,             0
     249,    33.43,   221.32, -100.1   ,   2868.55, 13.36   ,  2781.81, 21.39          ,        2760.42,             0
     250,  8063.26,  8178.79, 7929.73  ,   7842.15, 12.21   , 15784.09, 5591.62        ,       10192.47,             0
     251,  9161.34,  9891.59, 9027.81  ,  11681.88, 262.8   , 20972.49, 6790.58        ,       14181.9 ,             0
     252,   330.89,   338.47, 197.36   ,   2147.66, 12.2    ,  2357.22, 103.4          ,        2253.82,             0
     253,   160.86,   548.98, 27.33    ,   2831.2 , 12.19   ,  2870.72, 250.75         ,        2619.97,             0
     254,    10.01,   133.53, -123.52  ,   4632.42, 13.47   ,  4522.37, -40.06         ,        4562.43,             0
     255,   370.98,  1524.88, 237.45   ,   4123.8 , 20.91   ,  4382.15, 933.89         ,        3448.26,             0
     256,  2259.29,  3101.03, 2125.76  ,   4742.92, 16.68   ,  6885.36, 2037.19        ,        4848.17,             0
     257,   810.95,  1098.14, 677.42   ,   2412.23, 17.35   ,  3106.99, 635.17         ,        2471.83,             0
     258,    83.27,   193.68, -50.26   ,   2963.84, 13.25   ,  2926.82, 2.05           ,        2924.77,             0
     259,   858.19,   873.88, 724.66   ,   2232.58, 15.58   ,  2972.82, 478.18         ,        2494.63,             0
     260,   213.93,   301.8 , 80.4     ,   2282.38, 25.17   ,  2387.95, 77.73          ,        2310.22,             0
     261,   334.96,   436.33, 201.43   ,   2128.03, 21.06   ,  2350.52, 171.9          ,        2178.62,             0
     262,   154.28,   438.27, 20.75    ,   2329.21, 19.2    ,  2369.16, 173.26         ,        2195.9 ,             0
     263,   874.68,  1217.87, 741.15   ,   2558.7 , 16.67   ,  3316.52, 718.98         ,        2597.54,             0
     264,   698.55,   878.33, 565.02   ,   2827.6 , 15.63   ,  3408.25, 481.3          ,        2926.95,             0
     265,   494.03,   630.52, 360.5    ,   2390.53, 18.69   ,  2769.72, 307.84         ,        2461.89,             0
     266,    20.43,   144.83, -113.1   ,   3992.63, 10.9    ,  3890.43, -32.15         ,        3922.57,             0
     267,   156.8 ,   599.74, 23.27    ,   2365.56, 16.68   ,  2405.51, 286.29         ,        2119.22,             0
     268,   123.75,   342.99, -9.78    ,   2268.57, 10.98   ,  2269.77, 106.56         ,        2163.21,             0
     269,   177.57,   222.73, 44.04    ,   2491.02, 15.6    ,  2550.67, 22.38          ,        2528.28,             0
     270,   207.85,   249.59, 74.32    ,   2484.31, 16.75   ,  2575.38, 41.18          ,        2534.2 ,             0
     271,    51.25,   283.31, -82.28   ,   3244.26, 12.69   ,  3174.68, 64.79          ,        3109.89,             0
     272,   169.5 ,   665.18, 35.97    ,   3023.88, 21.98   ,  3081.83, 332.09         ,        2749.73,             0
     273,  2481.31,  2691.75, 2347.78  ,   4296.87, 13.75   ,  6658.4 , 1750.69        ,        4907.71,             0
     274,    29.13,   133.53, -104.4   ,   4207.69, 9.39    ,  4112.68, -40.06         ,        4152.74,             0
     275,    77.81,   822.64, -55.72   ,   3089.64, 15.7    ,  3049.62, 442.31         ,        2607.31,             0
     276,    78.4 ,   153.93, -55.13   ,   3171.37, 15.81   ,  3132.05, -25.78         ,        3157.83,             0
     277,   991.26,  1327.98, 857.73   ,   2860.16, 74.64   ,  3792.53, 796.05         ,        2996.48,             0
     278,   619.61,   916.57, 486.08   ,   2796.28, 17.99   ,  3300.35, 508.07         ,        2792.28,             0
     279,  2513.82,  3472.32, 2380.29  ,   6563.73, 15.54   ,  8959.57, 2297.09        ,        6662.48,             0
     280,   307.57,   307.57, 174.04   ,   2191.32, 12.09   ,  2377.45, 81.77          ,        2295.68,             0
     281,   813.11,  1400.07, 679.58   ,   3502.29, 13.95   ,  4195.82, 846.52         ,        3349.3 ,             0
     282,    36.34,   351.34, -97.19   ,   2762.98, 10.56   ,  2676.36, 112.41         ,        2563.95,             0
     283,    99.58,   261.01, -33.95   ,   2278.78, 23.51   ,  2268.34, 49.18          ,        2219.16,             0
     284,  4552.92,  7718.91, 4419.39  ,  15355.66, 17.44   , 19792.48, 5269.71        ,       14522.77,             0
     285,   143.9 ,   354.09, 10.37    ,   2360.05, 20.94   ,  2391.36, 114.33         ,        2277.03,             0
     286,   307.88,   322.24, 174.35   ,   3452.38, 10.99   ,  3637.71, 92.04          ,        3545.67,             0
     287,   104.58,   456.38, -28.95   ,   2772.12, 13.96   ,  2757.13, 185.94         ,        2571.19,             0
     288,  2404.94,  2404.94, 2271.41  ,   3522.77, 9.27    ,  5803.44, 1549.92        ,        4253.52,             0
     289,    39.48,   207.81, -94.05   ,   3204.65, 8.1     ,  3118.7 , 11.94          ,        3106.76,             0
     290,   262.18,   411.88, 128.65   ,   2279.98, 16.71   ,  2425.34, 154.79         ,        2270.55,             0
     291,   243.11,   466.53, 109.58   ,   2298.73, 15.94   ,  2424.25, 193.04         ,        2231.21,             0
     292, 16708.45, 16708.45, 16574.92 ,  10628.86, 8.64    , 27212.42, 11562.38       ,       15650.04,             0
     293,    12.94,   141.93, -120.59  ,   4105.24, 13.13   ,  3997.78, -34.18         ,        4031.96,             0
     294,   482.77,   489.86, 349.24   ,   2301.84, 12.16   ,  2663.23, 209.37         ,        2453.86,             0
     295,  1116.1 ,  2765.08, 982.57   ,   5385.28, 80.84   ,  6448.69, 1802.02        ,        4646.67,             0
     296,   860.15,  1110.54, 726.62   ,   2905.35, 198.86  ,  3830.82, 643.85         ,        3186.97,             0
     297,   129.93,   313.72, -3.6     ,   2415.72, 15.48   ,  2427.59, 86.07          ,        2341.52,             0
     298,    52.02,   140.05, -81.51   ,   4196.36, 11.28   ,  4126.14, -35.49         ,        4161.64,             0
     299,    32.96,   457.65, -100.57  ,   3004.88, 7.0     ,  2911.31, 186.82         ,        2724.48,             0
     300,   574.02,   824.41, 440.49   ,   3021.53, 151.54  ,  3613.56, 443.55         ,        3170.01,             0
     301,   938.34,  1269.33, 804.81   ,   2385.32, 84.53   ,  3274.66, 755.0          ,        2519.66,             0
     302,    70.42,   242.7 , -63.11   ,   3737.01, 10.27   ,  3684.17, 36.36          ,        3647.81,             0
     303,   120.02,   252.21, -13.51   ,   3242.15, 16.68   ,  3245.33, 43.02          ,        3202.31,             0
     304,    24.22,   219.49, -109.31  ,   3623.35, 13.58   ,  3527.63, 20.11          ,        3507.52,             0
     305,   248.68,   258.46, 115.15   ,   3662.15, 17.16   ,  3794.46, 47.39          ,        3747.07,             0
     306,   629.1 ,   630.92, 495.57   ,   2886.81, 15.51   ,  3397.89, 308.11         ,        3089.78,             0
     307,   433.14,   919.54, 299.61   ,   3518.73, 53.83   ,  3872.17, 510.14         ,        3362.03,             0
     308,   520.28,   766.93, 386.75   ,   2329.4 , 16.77   ,  2732.92, 403.32         ,        2329.6 ,             0
     309,   688.3 ,  1055.99, 554.77   ,   2766.54, 19.18   ,  3340.49, 605.66         ,        2734.83,             0
     310,    47.51,   154.3 , -86.02   ,   3422.85, 10.71   ,  3347.55, -25.52         ,        3373.07,             0
     311,   214.21,   306.31, 80.68    ,   2544.36, 12.18   ,  2637.22, 80.89          ,        2556.33,             0
     312,   510.38,   859.06, 376.85   ,   2657.53, 20.9    ,  3055.28, 467.81         ,        2587.46,             0
     313,   190.95,   284.33, 57.42    ,   2223.76, 20.67   ,  2301.85, 65.5           ,        2236.35,             0
     314,   242.36,   275.82, 108.83   ,   3154.54, 16.73   ,  3280.1 , 59.54          ,        3220.56,             0
     315,   397.3 ,   463.96, 263.77   ,   2688.47, 20.94   ,  2973.18, 191.24         ,        2781.94,             0
     316,    23.21,   223.71, -110.32  ,   2953.79, 10.45   ,  2853.93, 23.07          ,        2830.86,             0
     317,  3774.51,  4259.82, 3640.98  ,   4412.93, 198.84  ,  8252.75, 2848.34        ,        5404.4 ,             0
     318,   284.69,   345.38, 151.16   ,   2483.05, 15.56   ,  2649.78, 108.24         ,        2541.54,             0
     319,  5062.79,  8150.84, 4929.26  ,  15251.23, 15.54   , 20196.03, 5572.05        ,       14623.97,             0
     320,   180.66,   261.39, 47.13    ,   2373.35, 20.95   ,  2441.42, 49.44          ,        2391.98,             0
     321,   137.95,   453.53, 4.42     ,   2583.39, 17.98   ,  2605.79, 183.94         ,        2421.85,             0
     322,    27.4 ,   299.46, -106.13  ,   3462.43, 13.49   ,  3369.78, 76.09          ,        3293.69,             0
     323,   933.96,   973.74, 800.43   ,   3120.65, 16.66   ,  3937.74, 548.09         ,        3389.65,             0
     324,  2004.16,  2104.45, 1870.63  ,   4563.74, 12.16   ,  6446.53, 1339.58        ,        5106.95,             0
     325,  3417.57,  5124.4 , 3284.04  ,   4302.11, 61.63   ,  7647.79, 3453.55        ,        4194.24,             0
     326,  1743.5 ,  2311.63, 1609.97  ,   3026.99, 14.16   ,  4651.13, 1484.61        ,        3166.52,             1
     327,    44.72,   138.69, -88.81   ,   4282.94, 10.47   ,  4204.61, -36.45         ,        4241.05,             0
     328,   236.26,   433.07, 102.73   ,   2376.85, 16.76   ,  2496.35, 169.62         ,        2326.73,             0
     329,   214.4 ,   502.67, 80.87    ,   2459.31, 16.72   ,  2556.89, 218.34         ,        2338.56,             0
     330,   125.64,   396.35, -7.89    ,   2269.25, 15.56   ,  2276.92, 143.91         ,        2133.01,             0
     331,    71.58,   167.15, -61.95   ,   3131.84, 12.87   ,  3082.76, -16.52         ,        3099.28,             0
     332,    91.38,   334.1 , -42.15   ,   2361.87, 13.26   ,  2332.98, 100.34         ,        2232.64,             0
     333,    91.87,   261.42, -41.66   ,   2412.84, 20.92   ,  2392.1 , 49.46          ,        2342.64,             0
     334,  1002.51,  1433.36, 868.98   ,   3157.95, 211.42  ,  4238.35, 869.82         ,        3368.53,             0
     335,   467.5 ,   863.84, 333.97   ,   3484.6 , 91.02   ,  3909.59, 471.16         ,        3438.43,             0
     336,   409.96,  1131.53, 276.43   ,   3016.71, 17.38   ,  3310.53, 658.54         ,        2651.99,             0
     337,   396.53,   412.71, 263.0    ,   2342.05, 17.08   ,  2622.13, 155.37         ,        2466.76,             0
     338,   147.53,   256.77, 14.0     ,   2738.75, 10.77   ,  2763.53, 46.21          ,        2717.32,             0
     339,   164.62,   456.94, 31.09    ,   2350.33, 17.11   ,  2398.54, 186.33         ,        2212.21,             0
     340,   452.86,   950.11, 319.33   ,   3181.55, 19.21   ,  3520.08, 531.55         ,        2988.53,             0
     341,   104.52,   254.18, -29.01   ,   2757.57, 14.14   ,  2742.7 , 44.4           ,        2698.3 ,             0
     342,    22.74,   233.11, -110.79  ,   3251.71, 8.21    ,  3149.13, 29.65          ,        3119.48,             0
     343,  2140.76,  2355.45, 2007.23  ,   5748.15, 9.28    ,  7764.66, 1515.29        ,        6249.37,             0
     344,   970.75,  1063.95, 837.22   ,   2899.39, 66.24   ,  3802.85, 611.24         ,        3191.61,             0
     345, 19072.77, 25268.94, 18939.24 ,  17689.38, 1083.75 , 37712.37, 17554.73       ,       20157.65,             0
     346,   189.15,   262.7 , 55.62    ,   2196.4 , 13.76   ,  2265.78, 50.36          ,        2215.42,             0
     347,   182.28,   788.9 , 48.75    ,   2562.27, 23.1    ,  2634.12, 418.7          ,        2215.42,             0
     348,    74.19,   172.43, -59.34   ,   3579.4 , 17.6    ,  3537.66, -12.83         ,        3550.49,             0
     349,   141.39,   207.55, 7.86     ,   2646.81, 13.55   ,  2668.22, 11.76          ,        2656.46,             0
     350,    26.82,   133.53, -106.71  ,   4308.08, 12.05   ,  4213.41, -40.06         ,        4253.47,             0
     351,    82.07,   135.13, -51.46   ,   4169.0 , 13.5    ,  4131.04, -38.94         ,        4169.98,             0
     352,   614.32,   767.6 , 480.79   ,   2662.73, 17.37   ,  3160.9 , 403.79         ,        2757.1 ,             0
     353,   422.19,   656.11, 288.66   ,   2541.33, 16.75   ,  2846.74, 325.75         ,        2520.99,             0
     354,    79.74,   226.08, -53.79   ,   2966.62, 15.6    ,  2928.44, 24.73          ,        2903.71,             0
     355,   361.32,   674.5 , 227.79   ,   2418.47, 19.24   ,  2665.5 , 338.62         ,        2326.88,             0
     356,   499.22,   571.12, 365.69   ,   2472.04, 60.44   ,  2898.17, 266.25         ,        2631.92,             0
     357,   238.48,   415.27, 104.95   ,   2203.12, 20.93   ,  2328.99, 157.16         ,        2171.83,             0
     358,   186.34,   462.59, 52.81    ,   2300.6 , 20.87   ,  2374.28, 190.28         ,        2183.99,             0
     359,   136.28,   309.05, 2.75     ,   2615.28, 16.73   ,  2634.75, 82.81          ,        2551.95,             0
     360,   107.47,   211.68, -26.06   ,   2656.49, 15.64   ,  2646.06, 14.65          ,        2631.41,             0
     361,    94.3 ,   346.07, -39.23   ,   2307.18, 20.23   ,  2288.17, 108.72         ,        2179.46,             0
     362,  1980.74,  2335.9 , 1847.21  ,   2822.26, 19.2    ,  4688.66, 1501.6         ,        3187.06,             0
     363,   569.8 ,   715.24, 436.27   ,   2492.54, 15.54   ,  2944.36, 367.14         ,        2577.22,             0
     364,    86.48,   224.6 , -47.05   ,   2495.34, 14.2    ,  2462.49, 23.69          ,        2438.8 ,             0
     365,    30.37,   156.59, -103.16  ,   3687.26, 13.44   ,  3597.54, -23.92         ,        3621.46,             0
     366,   680.87,   683.27, 547.34   ,   2324.35, 15.56   ,  2887.25, 344.76         ,        2542.49,             0
     367,   694.61,   718.56, 561.08   ,   2083.23, 18.08   ,  2662.39, 369.46         ,        2292.93,             0
     368,   158.32,   194.92, 24.79    ,   2845.7 , 14.67   ,  2885.16, 2.91           ,        2882.24,             0
     369,   258.25,   340.67, 124.72   ,   2638.87, 20.87   ,  2784.47, 104.94         ,        2679.53,             0
     370,   660.99,   862.89, 527.46   ,   2475.18, 9.27    ,  3011.91, 470.49         ,        2541.42,             0
     371,  2892.29,  2892.29, 2758.76  ,   3276.8 , 13.85   ,  6049.41, 1891.07        ,        4158.34,             0
     372,   310.58,   636.56, 177.05   ,   2352.89, 18.42   ,  2548.35, 312.06         ,        2236.29,             0
     373,    37.47,   134.17, -96.06   ,   4404.76, 12.63   ,  4321.32, -39.61         ,        4360.93,             0
     374,  6616.44,  8776.82, 6482.91  ,   7672.38, 15.07   , 14170.36, 6010.25        ,        8160.11,             0
     375,   208.54,   531.14, 75.01    ,   2478.83, 15.57   ,  2569.4 , 238.27         ,        2331.13,             0
     376,   316.6 ,   457.2 , 183.07   ,   2440.08, 20.98   ,  2644.13, 186.51         ,        2457.62,             0
     377,   286.18,   295.47, 152.65   ,   2197.77, 12.14   ,  2362.55, 73.3           ,        2289.26,             0
     378,   136.06,   146.56, 2.53     ,   3803.95, 19.2    ,  3825.68, -30.94         ,        3856.62,             0
     379,    67.34,   301.05, -66.19   ,   2499.55, 11.72   ,  2445.09, 77.2           ,        2367.88,             0
     380,   286.62,  1370.68, 153.09   ,   3978.4 , 55.89   ,  4187.38, 825.94         ,        3361.44,             0
     381,    79.83,   352.16, -53.7    ,   2594.58, 14.23   ,  2555.1 , 112.98         ,        2442.12,             0
     382,  1705.78,  2761.25, 1572.25  ,   5051.94, 32.56   ,  6656.76, 1799.34        ,        4857.41,             0
     383,   343.18,   615.64, 209.65   ,   2708.25, 12.07   ,  2929.97, 297.42         ,        2632.55,             0
     384,  2211.13,  3383.73, 2077.6   ,   5660.5 , 67.14   ,  7805.25, 2235.08        ,        5570.16,             0
     385,   643.41,   644.8 , 509.88   ,   2231.95, 16.77   ,  2758.61, 317.83         ,        2440.77,             0
     386,    90.93,   513.61, -42.6    ,   2468.36, 15.55   ,  2441.31, 226.0          ,        2215.31,             0
     387,   668.27,   784.73, 534.74   ,   2608.88, 13.98   ,  3157.6 , 415.78         ,        2741.82,             0
     388,  1046.65,  1228.24, 913.12   ,   3889.7 , 12.06   ,  4814.89, 726.24         ,        4088.65,             0
     389,    97.43,   192.04, -36.1    ,   2707.88, 17.35   ,  2689.12, 0.9            ,        2688.22,             0
     390,  2851.53,  3862.01, 2718.0   ,   5749.48, 37.12   ,  8504.6 , 2569.87        ,        5934.73,             0
     391,   173.36,   465.96, 39.83    ,   2302.75, 23.93   ,  2366.51, 192.64         ,        2173.86,             0
     392,    76.42,   279.34, -57.11   ,   2784.4 , 13.45   ,  2740.73, 62.01          ,        2678.72,             0
     393,   793.2 ,   954.61, 659.67   ,   2471.77, 147.62  ,  3279.06, 534.7          ,        2744.36,             0
     394,    97.78,   208.1 , -35.75   ,   2899.84, 20.99   ,  2885.09, 12.14          ,        2872.94,             0
     395,   192.86,   250.75, 59.33    ,   3337.33, 22.26   ,  3418.92, 42.0           ,        3376.92,             0
     396,    33.39,   145.96, -100.14  ,   3585.48, 13.1    ,  3498.44, -31.36         ,        3529.8 ,             0
     397,  1012.08,  1080.36, 878.55   ,   2637.86, 10.98   ,  3527.4 , 622.72         ,        2904.67,             0
     398,   963.52,  1348.13, 829.99   ,   3430.23, 15.46   ,  4275.67, 810.16         ,        3465.51,             0
     399,   180.99,   519.09, 47.46    ,   2588.13, 23.74   ,  2659.32, 229.83         ,        2429.49,             0
     400,   214.76,   428.01, 81.23    ,   2287.92, 34.61   ,  2403.76, 166.07         ,        2237.69,             0
     401,  1240.45,  1306.07, 1106.92  ,   2514.79, 17.68   ,  3639.39, 780.72         ,        2858.67,             0
     402,   109.13,   239.98, -24.4    ,   2326.64, 9.03    ,  2311.27, 34.45          ,        2276.82,             0
     403,  1761.88,  4088.42, 1628.35  ,   8275.52, 16.72   ,  9920.59, 2728.37        ,        7192.23,             0
     404,   837.77,   993.65, 704.24   ,   2616.7 , 39.44   ,  3360.39, 562.02         ,        2798.37,             0
     405,   388.08,  1007.14, 254.55   ,   2983.02, 21.0    ,  3258.57, 571.47         ,        2687.11,             0
     406,   216.49,   414.15, 82.96    ,   2226.56, 16.74   ,  2326.27, 156.38         ,        2169.89,             0
     407,   363.79,   468.26, 230.26   ,   2313.35, 16.68   ,  2560.3 , 194.25         ,        2366.05,             0
     408,   232.98,   529.49, 99.45    ,   2329.32, 20.9    ,  2449.66, 237.11         ,        2212.55,             0
     409,    88.3 ,   164.85, -45.23   ,   3591.31, 16.81   ,  3562.89, -18.14         ,        3581.03,             0
     410,   858.12,   919.6 , 724.59   ,   3066.24, 21.77   ,  3812.6 , 510.19         ,        3302.41,             0
     411,    88.27,   182.94, -45.26   ,   3516.14, 15.8    ,  3486.68, -5.47          ,        3492.15,             0
     412,   839.98,  1071.24, 706.45   ,   2775.95, 44.18   ,  3526.58, 616.34         ,        2910.24,             0
     413,   860.25,  1424.59, 726.72   ,   3413.01, 59.29   ,  4199.03, 863.68         ,        3335.34,             0
     414,    48.32,   404.68, -85.21   ,   2841.8 , 10.69   ,  2767.28, 149.75         ,        2617.53,             0
     415,   917.13,   948.76, 783.6    ,   2494.05, 15.58   ,  3293.23, 530.6          ,        2762.63,             0
     416,   849.38,   853.95, 715.85   ,   2327.61, 16.78   ,  3060.23, 464.23         ,        2596.0 ,             0
     417,   198.53,   307.16, 65.0     ,   2129.55, 12.22   ,  2206.77, 81.48          ,        2125.29,             0
     418,   450.64,   894.84, 317.11   ,   2926.46, 17.29   ,  3260.87, 492.86         ,        2768.01,             0
     419,   268.63,   788.88, 135.1    ,   2699.33, 38.22   ,  2872.65, 418.68         ,        2453.97,             0
     420,   193.17,   571.53, 59.64    ,   2458.51, 18.17   ,  2536.32, 266.54         ,        2269.77,             0
     421,   764.71,  1023.33, 631.18   ,   3123.42, 39.99   ,  3794.59, 582.8          ,        3211.79,             0
     422,    65.82,   147.24, -67.71   ,   3952.08, 13.11   ,  3897.47, -30.46         ,        3927.94,             0
     423,  1139.39,  1514.37, 1005.86  ,   3092.45, 15.52   ,  4113.82, 926.53         ,        3187.29,             0
     424,   309.83,   833.26, 176.3    ,   2583.52, 15.48   ,  2775.3 , 449.75         ,        2325.55,             0
     425,  3327.8 ,  3606.52, 3194.27  ,   2532.17, 90.49   ,  5816.93, 2391.03        ,        3425.9 ,             0
     426,    97.97,   268.72, -35.56   ,   2386.88, 20.13   ,  2371.45, 54.58          ,        2316.87,             0
     427,   884.45,  1041.24, 750.92   ,   3255.47, 16.67   ,  4023.06, 595.34         ,        3427.73,             0
     428,    40.97,   138.15, -92.56   ,   4117.23, 11.07   ,  4035.74, -36.83         ,        4072.56,             0
     429,   122.39,   221.04, -11.14   ,   3125.3 , 16.68   ,  3130.84, 21.2           ,        3109.64,             0
     430,   204.6 ,   439.98, 71.07    ,   2406.47, 20.93   ,  2498.48, 174.46         ,        2324.02,             0
     431,  1165.53,  1248.32, 1032.0   ,   2200.92, 19.23   ,  3252.16, 740.29         ,        2511.86,             0
     432,   142.04,   226.57, 8.51     ,   2513.46, 18.64   ,  2540.6 , 25.07          ,        2515.53,             0
     433,  1254.52,  1445.43, 1120.99  ,   2722.1 , 66.14   ,  3909.23, 878.27         ,        3030.96,             0
     434,   606.1 ,   606.1 , 472.57   ,   2079.63, 9.48    ,  2561.67, 290.74         ,        2270.94,             0
     435,   147.44,   275.02, 13.91    ,   2607.91, 10.96   ,  2632.78, 58.99          ,        2573.79,             0
     436,  2601.31,  2895.43, 2467.78  ,   5279.68, 16.65   ,  7764.11, 1893.27        ,        5870.84,             0
     437,   188.15,   455.29, 54.62    ,   2295.46, 15.46   ,  2365.53, 185.18         ,        2180.36,             0
     438,   401.54,   526.34, 268.01   ,   2263.89, 13.82   ,  2545.72, 234.91         ,        2310.81,             0
     439,   677.6 ,   927.26, 544.07   ,   3019.39, 27.57   ,  3591.04, 515.55         ,        3075.48,             0
     440,   462.3 ,   588.67, 328.77   ,   2458.41, 14.17   ,  2801.35, 278.54         ,        2522.81,             0
     441,  1434.52,  1504.02, 1300.99  ,   3218.54, 15.53   ,  4535.06, 919.29         ,        3615.78,             1
     442,   213.17,   222.23, 79.64    ,   2829.42, 10.76   ,  2919.82, 22.03          ,        2897.79,             0
     443,   701.94,  1164.54, 568.41   ,   3531.47, 16.7    ,  4116.58, 681.65         ,        3434.93,             0
     444,   200.53,   273.38, 67.0     ,   3142.98, 22.43   ,  3232.4 , 57.84          ,        3174.56,             0
     445,    34.56,   142.13, -98.97   ,   4049.94, 12.62   ,  3963.59, -34.04         ,        3997.62,             0
     446,   213.44,   347.73, 79.91    ,   2314.99, 17.9    ,  2412.8 , 109.88         ,        2302.92,             0
     447,  1976.71,  2254.45, 1843.18  ,   5069.84, 10.99   ,  6924.02, 1444.59        ,        5479.43,             0
     448,   104.48,   299.01, -29.05   ,   2347.23, 16.72   ,  2334.91, 75.78          ,        2259.13,             0
     449,   498.47,   673.33, 364.94   ,   2641.17, 17.97   ,  3024.08, 337.8          ,        2686.28,             0
     450,   286.67,   529.93, 153.14   ,   2493.1 , 14.14   ,  2660.38, 237.42         ,        2422.96,             0
     451,   128.7 ,   156.19, -4.83    ,   3284.19, 20.84   ,  3300.19, -24.2          ,        3324.39,             0
     452,    50.54,   233.27, -82.99   ,   3077.27, 13.07   ,  3007.36, 29.76          ,        2977.6 ,             0
     453,  2202.54,  2989.21, 2069.01  ,   4386.88, 28.11   ,  6484.01, 1958.91        ,        4525.09,             0
     454,   854.67,   854.67, 721.14   ,   2423.76, 14.15   ,  3159.04, 464.74         ,        2694.3 ,             0
     455,    37.91,   138.76, -95.62   ,   3925.52, 13.36   ,  3843.26, -36.4          ,        3879.66,             0
     456,    75.47,   289.43, -58.06   ,   2359.8 , 17.04   ,  2318.78, 69.07          ,        2249.7 ,             0
     457,  1314.71,  1349.51, 1181.18  ,   2197.53, 18.52   ,  3397.23, 811.13         ,        2586.1 ,             0
     458,   814.68,  1221.33, 681.15   ,   3260.17, 33.25   ,  3974.56, 721.4          ,        3253.16,             0
     459,   194.71,   936.42, 61.18    ,   3356.5 , 18.43   ,  3436.11, 521.96         ,        2914.15,             0
     460,   443.44,   452.31, 309.91   ,   2315.37, 15.55   ,  2640.83, 183.08         ,        2457.75,             1
     461,   537.69,   989.8 , 404.16   ,   3197.23, 16.65   ,  3618.03, 559.33         ,        3058.7 ,             0
     462,   159.52,   351.36, 25.99    ,   2285.2 , 16.61   ,  2327.8 , 112.43         ,        2215.38,             0
     463,   685.31,   710.22, 551.78   ,   2231.93, 15.64   ,  2799.36, 363.62         ,        2435.74,             0
     464,   210.08,   350.78, 76.55    ,   2475.57, 15.51   ,  2567.63, 112.01         ,        2455.61,             0
     465,   645.82,   872.15, 512.29   ,   3049.01, 10.79   ,  3572.09, 476.98         ,        3095.12,             0
     466,   242.86,   481.36, 109.33   ,   2314.48, 8.12    ,  2431.93, 203.42         ,        2228.5 ,             0
     467,   247.5 ,   266.26, 113.97   ,   2405.53, 12.15   ,  2531.65, 52.85          ,        2478.8 ,             0
     468,  1329.18,  2103.1 , 1195.65  ,   3949.53, 124.57  ,  5269.76, 1338.64        ,        3931.12,             0
     469,   666.21,  1198.5 , 532.68   ,   3348.24, 94.94   ,  3975.87, 705.42         ,        3270.45,             0
     470,   447.82,   557.98, 314.29   ,   2224.51, 13.77   ,  2552.57, 257.05         ,        2295.52,             0
     471,   300.12,   821.35, 166.59   ,   2932.79, 28.53   ,  3127.9 , 441.41         ,        2686.49,             0
     472,  1228.09,  2029.25, 1094.56  ,   5322.58, 69.38   ,  6486.52, 1286.95        ,        5199.57,             0
     473,   229.03,   350.7 , 95.5     ,   2214.22, 15.49   ,  2325.21, 111.96         ,        2213.25,             0
     474,   534.75,   798.37, 401.22   ,   2743.52, 16.67   ,  3161.41, 425.33         ,        2736.08,             0
     475,  5617.23,  7330.73, 5483.7   ,   9040.47, 13.78   , 14537.96, 4997.98        ,        9539.97,             0
     476,   870.26,  1105.52, 736.73   ,   2427.44, 14.14   ,  3178.31, 640.33         ,        2537.98,             0
     477,   492.31,   625.26, 358.78   ,   2453.01, 17.26   ,  2829.05, 304.15         ,        2524.9 ,             0
     478,   233.7 ,   410.2 , 100.17   ,   2338.68, 16.68   ,  2455.53, 153.61         ,        2301.92,             0
     479,   106.09,   349.41, -27.44   ,   2371.8 , 17.43   ,  2361.79, 111.06         ,        2250.74,             0
     480,    77.14,   142.92, -56.39   ,   4056.76, 16.91   ,  4017.28, -33.49         ,        4050.77,             0
     481,   147.64,   246.93, 14.11    ,   2574.98, 22.08   ,  2611.17, 39.32          ,        2571.85,             0
     482,   807.45,  1036.92, 673.92   ,   2934.75, 31.86   ,  3640.52, 592.32         ,        3048.21,             0
     483,   159.36,   334.97, 25.83    ,   2267.91, 15.65   ,  2309.38, 100.95         ,        2208.43,             0
     484,    20.53,   171.51, -113.0   ,   3485.9 , 12.34   ,  3385.24, -13.48         ,        3398.71,             0
     485,    18.78,   202.63, -114.75  ,   4196.75, 13.38   ,  4095.37, 8.31           ,        4087.06,             0
     486,   109.37,   427.59, -24.16   ,   2624.49, 22.09   ,  2622.42, 165.78         ,        2456.63,             0
     487,    41.34,   295.82, -92.19   ,   3082.81, 10.67   ,  3001.29, 73.54          ,        2927.75,             0
     488,   690.3 ,   768.19, 556.77   ,   2366.99, 12.14   ,  2935.91, 404.2          ,        2531.7 ,             0
     489,    55.87,   133.53, -77.66   ,   3576.93, 9.93    ,  3509.2 , -40.06         ,        3549.26,             0
     490,   186.91,   333.2 , 53.38    ,   2422.43, 10.78   ,  2486.59, 99.71          ,        2386.88,             0
     491,   411.77,   446.87, 278.24   ,   2117.54, 14.79   ,  2410.57, 179.28         ,        2231.29,             0
     492,   200.38,   317.86, 66.85    ,   2836.07, 15.45   ,  2918.36, 88.97          ,        2829.39,             0
     493,   722.5 ,  1907.83, 588.97   ,   4078.29, 12.19   ,  4679.46, 1201.95        ,        3477.5 ,             0
     494,   744.29,  1335.22, 610.76   ,   3564.53, 10.94   ,  4186.22, 801.12         ,        3385.1 ,             0
     495,    60.02,   179.05, -73.51   ,   2729.12, 10.26   ,  2665.87, -8.19          ,        2674.07,             0
     496,   717.29,  1507.27, 583.76   ,   3603.59, 17.54   ,  4204.9 , 921.56         ,        3283.34,             0
     497,    94.53,   153.52, -39.0    ,   3913.23, 11.27   ,  3885.5 , -26.07         ,        3911.57,             0
     498,   172.08,   260.34, 38.55    ,   2254.31, 13.76   ,  2306.61, 48.71          ,        2257.91,             0
     499,   121.98,   345.14, -11.55   ,   2400.42, 17.05   ,  2405.91, 108.07         ,        2297.85,             0
     500,   835.87,  1688.66, 702.34   ,   3828.98, 19.2    ,  4550.52, 1048.53        ,        3501.99,             0
     501,   990.73,  1166.7 , 857.2    ,   2278.79, 26.93   ,  3162.91, 683.16         ,        2479.75,             0
     502,  1143.72,  1175.73, 1010.19  ,   2722.63, 15.48   ,  3748.3 , 689.48         ,        3058.82,             0
     503,   143.07,   755.67, 9.54     ,   2734.69, 20.94   ,  2765.18, 395.44         ,        2369.74,             0
     504,  4081.1 ,  4731.08, 3947.57  ,  10249.2 , 15.65   , 14212.42, 3178.23        ,       11034.19,             0
     505,   440.77,   860.93, 307.24   ,   2982.82, 19.21   ,  3309.26, 469.12         ,        2840.14,             0
     506,   103.51,   158.21, -30.02   ,   3210.68, 14.03   ,  3194.69, -22.78         ,        3217.47,             0
     507,   533.71,   620.31, 400.18   ,   2415.23, 15.48   ,  2830.89, 300.68         ,        2530.21,             0
     508,     8.13,   137.71, -125.4   ,   4514.56, 11.15   ,  4400.31, -37.13         ,        4437.45,             0
     509,   959.35,  1021.04, 825.82   ,   3632.86, 9.27    ,  4467.95, 581.2          ,        3886.75,             0
     510,    40.18,   249.18, -93.35   ,   2949.59, 11.76   ,  2868.0 , 40.9           ,        2827.11,             0
     511,   419.38,   740.63, 285.85   ,   2467.73, 16.97   ,  2770.56, 384.91         ,        2385.64,             0
     512,  1523.32,  1865.28, 1389.79  ,   3129.29, 64.88   ,  4583.95, 1172.17        ,        3411.79,             0
     513,   151.51,   257.09, 17.98    ,   2175.22, 11.2    ,  2204.4 , 46.43          ,        2157.97,             0
     514,   111.97,   154.03, -21.56   ,   3435.8 , 12.07   ,  3426.3 , -25.71         ,        3452.01,             0
     515,   171.91,   397.44, 38.38    ,   2335.42, 23.61   ,  2397.41, 144.68         ,        2252.73,             0
     516,  1440.44,  3701.95, 1306.91  ,   8216.18, 10.87   ,  9533.96, 2457.83        ,        7076.12,             0
     517,   185.77,   247.49, 52.24    ,   3003.73, 15.51   ,  3071.48, 39.71          ,        3031.76,             0
     518,    69.04,   246.75, -64.49   ,   3345.9 , 11.59   ,  3293.0 , 39.19          ,        3253.81,             0
     519,   316.58,   789.28, 183.05   ,   2885.27, 22.35   ,  3090.67, 418.97         ,        2671.71,             0
     520,    30.32,   229.56, -103.21  ,   3698.48, 13.47   ,  3608.75, 27.16          ,        3581.58,             0
     521,   109.28,   351.23, -24.25   ,   2257.47, 15.55   ,  2248.77, 112.33         ,        2136.44,             0
     522,   277.13,   513.45, 143.6    ,   2274.69, 19.21   ,  2437.49, 225.88         ,        2211.61,             0
     523,   110.96,   183.42, -22.57   ,   2883.38, 20.89   ,  2881.7 , -5.13          ,        2886.83,             0
     524,  1930.85,  2598.48, 1797.32  ,   5018.62, 16.68   ,  6832.62, 1685.41        ,        5147.21,             0
     525, 15791.4 , 18520.88, 15657.87 ,   8075.53, 1517.94 , 25251.33, 12831.09       ,       12420.24,             0
     526,   453.55,   604.29, 320.02   ,   2415.3 , 21.16   ,  2756.47, 289.48         ,        2467.0 ,             0
     527,   263.61,   537.5 , 130.08   ,   2417.54, 14.16   ,  2561.78, 242.72         ,        2319.06,             0
     528,   397.16,   933.97, 263.63   ,   3143.61, 16.68   ,  3423.92, 520.25         ,        2903.68,             0
     529,   115.1 ,   268.01, -18.43   ,   2259.81, 22.12   ,  2263.5 , 54.08          ,        2209.42,             0
     530,   869.11,  1161.7 , 735.58   ,   3170.46, 51.05   ,  3957.08, 679.66         ,        3277.42,             0
     531,   248.92,   728.85, 115.39   ,   2417.03, 16.71   ,  2549.13, 376.67         ,        2172.47,             0
     532,    84.33,   498.98, -49.2    ,   2581.86, 15.79   ,  2548.45, 215.76         ,        2332.69,             0
     533,    15.12,   200.76, -118.41  ,   3949.98, 13.08   ,  3844.65, 7.0            ,        3837.65,             0
     534,   830.36,  1895.5 , 696.83   ,   3200.1 , 31.25   ,  3928.17, 1193.32        ,        2734.85,             0
     535,   157.55,   229.19, 24.02    ,   2407.86, 32.82   ,  2464.7 , 26.91          ,        2437.8 ,             0
     536,   235.97,   400.18, 102.44   ,   2316.25, 20.45   ,  2439.15, 146.59         ,        2292.55,             0
     537,   304.47,   624.16, 170.94   ,   2603.77, 21.12   ,  2795.82, 303.38         ,        2492.44,             0
     538,   433.35,   764.81, 299.82   ,   2697.65, 96.34   ,  3093.81, 401.83         ,        2691.97,             0
     539,    47.8 ,   133.53, -85.73   ,   3976.66, 10.71   ,  3901.64, -40.06         ,        3941.7 ,             0
     540,   947.79,  2360.59, 814.26   ,   5441.45, 103.51  ,  6359.23, 1518.88        ,        4840.34,             0
     541,  3347.5 ,  3364.16, 3213.97  ,   5198.02, 12.16   ,  8424.15, 2221.38        ,        6202.76,             0
     542,  1333.36,  3634.8 , 1199.83  ,   7088.94, 14.16   ,  8302.93, 2410.83        ,        5892.1 ,             0
     543,    66.35,   269.29, -67.18   ,   2358.1 , 10.59   ,  2301.51, 54.97          ,        2246.54,             0
     544,   239.43,   274.38, 105.9    ,   2312.47, 20.87   ,  2439.24, 58.53          ,        2380.71,             0
     545,  2045.74,  2045.74, 1912.21  ,   3672.56, 10.74   ,  5595.51, 1298.49        ,        4297.02,             0
     546,     7.6 ,   281.91, -125.93  ,   4127.59, 13.05   ,  4014.72, 63.81          ,        3950.92,             0
     547,   180.01,   417.32, 46.48    ,   2304.8 , 13.56   ,  2364.84, 158.6          ,        2206.24,             0
     548,  4038.54,  4408.32, 3905.01  ,   6788.55, 64.94   , 10758.51, 2952.3         ,        7806.21,             0
     549,   394.18,   394.18, 260.65   ,   2246.47, 12.15   ,  2519.26, 142.39         ,        2376.87,             0
     550,  1724.5 ,  2291.62, 1590.97  ,   4375.2 , 15.61   ,  5981.77, 1470.61        ,        4511.16,             0
     551,   286.18,   387.92, 152.65   ,   2458.55, 32.06   ,  2643.26, 138.02         ,        2505.25,             0
     552,  2682.79,  3286.51, 2549.26  ,   5194.43, 466.07  ,  8209.75, 2167.03        ,        6042.73,             0
     553,   388.84,   420.67, 255.31   ,   2130.82, 9.27    ,  2395.39, 160.94         ,        2234.45,             0
     554,   196.48,   577.34, 62.95    ,   2315.16, 13.76   ,  2391.88, 270.61         ,        2121.27,             0
     555,   112.05,   487.38, -21.48   ,   2311.51, 27.74   ,  2317.77, 207.63         ,        2110.14,             0
     556,   466.27,   518.64, 332.74   ,   2318.14, 10.99   ,  2661.88, 229.52         ,        2432.36,             0
     557,   338.44,   446.31, 204.91   ,   2363.11, 18.95   ,  2586.97, 178.89         ,        2408.09,             0
     558,    60.52,   332.48, -73.01   ,   2601.94, 10.68   ,  2539.61, 99.2           ,        2440.4 ,             0
     559,   581.07,   604.67, 447.54   ,   2383.08, 18.6    ,  2849.22, 289.74         ,        2559.48,             0
     560,   968.44,  3925.62, 834.91   ,   8326.45, 59.58   ,  9220.94, 2614.4         ,        6606.54,             0
     561,   102.63,   345.38, -30.9    ,   2481.11, 20.79   ,  2471.0 , 108.23         ,        2362.77,             0
     562,   919.03,  1089.09, 785.5    ,   2418.62, 19.19   ,  3223.31, 628.83         ,        2594.48,             0
     563,   383.63,   801.27, 250.1    ,   2659.07, 16.71   ,  2925.88, 427.36         ,        2498.52,             0
     564,   328.41,   384.19, 194.88   ,   2245.53, 19.19   ,  2459.6 , 135.4          ,        2324.2 ,             0
     565,   617.39,   756.54, 483.86   ,   2326.83, 18.25   ,  2828.94, 396.05         ,        2432.89,             0
     566,   223.08,   467.6 , 89.55    ,   2356.77, 20.91   ,  2467.22, 193.79         ,        2273.43,             0
     567,   420.86,   629.21, 287.33   ,   2639.2 , 14.06   ,  2940.59, 306.92         ,        2633.67,             0
     568, 18031.84, 29395.54, 17898.31 ,  28521.08, 1014.55 , 47433.94, 20443.35       ,       26990.6 ,             0
     569,    39.93,   277.7 , -93.6    ,   3142.56, 9.38    ,  3058.34, 60.86          ,        2997.48,             0
     570,  1040.75,  1093.03, 907.22   ,   2503.33, 15.24   ,  3425.79, 631.59         ,        2794.2 ,             0
     571,   439.69,  1147.82, 306.16   ,   3197.81, 16.68   ,  3520.65, 669.95         ,        2850.71,             0
     572,   539.46,   754.87, 405.93   ,   2469.66, 18.39   ,  2893.98, 394.88         ,        2499.1 ,             0
     573,  1618.03,  1801.19, 1484.5   ,   2677.04, 19.19   ,  4180.74, 1127.3         ,        3053.44,             0
     574,  1522.02,  1522.02, 1388.49  ,   2773.81, 10.79   ,  4173.08, 931.88         ,        3241.2 ,             0
     575,   197.56,   210.22, 64.03    ,   2875.79, 14.12   ,  2953.95, 13.63          ,        2940.32,             0
     576,  1670.0 ,  1814.24, 1536.47  ,   3169.09, 135.51  ,  4841.07, 1136.44        ,        3704.63,             0
     577,   690.16,   690.16, 556.63   ,   2292.87, 15.5    ,  2865.0 , 349.58         ,        2515.41,             0
     578,   134.7 ,   464.49, 1.17     ,   2404.24, 22.82   ,  2428.22, 191.62         ,        2236.6 ,             0
     579,   821.14,  1730.34, 687.61   ,   4075.67, 61.66   ,  4824.94, 1077.71        ,        3747.23,             0
     580,    53.32,   212.13, -80.21   ,   2898.24, 12.57   ,  2830.6 , 14.96          ,        2815.63,             0
     581,    93.1 ,   146.59, -40.43   ,   3103.14, 23.75   ,  3086.47, -30.92         ,        3117.39,             0
     582,   407.03,   675.54, 273.5    ,   2793.22, 16.67   ,  3083.39, 339.35         ,        2744.04,             0
     583,   301.71,   408.36, 168.18   ,   2614.12, 17.97   ,  2800.28, 152.32         ,        2647.95,             0
     584,    63.21,   291.09, -70.32   ,   2925.11, 10.58   ,  2865.38, 70.23          ,        2795.14,             0
     585,   497.38,   565.63, 363.85   ,   2350.88, 17.8    ,  2732.53, 262.41         ,        2470.12,             0
     586,   270.47,  1271.65, 136.94   ,   3656.1 , 9.3     ,  3802.34, 756.63         ,        3045.72,             0
     587,   397.73,   694.36, 264.2    ,   2626.1 , 43.35   ,  2933.65, 352.53         ,        2581.13,             0
     588,  1639.51,  1645.41, 1505.98  ,   3208.1 , 16.81   ,  4730.89, 1018.26        ,        3712.63,             0
     589,   669.74,   681.17, 536.21   ,   2340.98, 16.72   ,  2893.91, 343.29         ,        2550.62,             0
     590,   329.05,   501.02, 195.52   ,   2364.21, 14.68   ,  2574.41, 217.19         ,        2357.23,             0
     591,   186.37,   456.06, 52.84    ,   2446.94, 22.33   ,  2522.11, 185.72         ,        2336.4 ,             0
     592,   240.98,   447.73, 107.45   ,   2270.95, 13.66   ,  2392.06, 179.88         ,        2212.18,             0
     593,  1784.0 ,  1784.0 , 1650.47  ,   2665.1 , 15.64   ,  4331.22, 1115.27        ,        3215.94,             0
     594,  1343.44,  1429.43, 1209.91  ,   3108.48, 15.49   ,  4333.88, 867.07         ,        3466.82,             0
     595,    53.72,   330.18, -79.81   ,   3030.62, 12.57   ,  2963.38, 97.6           ,        2865.79,             0
     596,   545.68,   662.94, 412.15   ,   2555.06, 33.1    ,  3000.3 , 330.53         ,        2669.78,             0
     597,   250.0 ,   456.66, 116.47   ,   2269.55, 18.71   ,  2404.73, 186.13         ,        2218.6 ,             0
     598,    47.37,   560.68, -86.16   ,   2691.85, 13.47   ,  2619.16, 258.95         ,        2360.21,             0
     599,   223.85,   364.96, 90.32    ,   2217.85, 19.19   ,  2327.37, 121.94         ,        2205.42,             0
     600,   141.21,   213.4 , 7.68     ,   2333.4 , 13.85   ,  2354.93, 15.85          ,        2339.09,             0
     601,    79.93,   181.81, -53.6    ,   3154.92, 15.35   ,  3116.66, -6.26          ,        3122.92,             0
     602,   113.73,   173.58, -19.8    ,   2791.29, 21.87   ,  2793.35, -12.03         ,        2805.38,             0
     603,   443.4 ,   543.99, 309.87   ,   2631.7 , 15.47   ,  2957.05, 247.26         ,        2709.79,             0
     604,   798.06,  1085.13, 664.53   ,   3147.07, 19.21   ,  3830.82, 626.06         ,        3204.76,             0
     605,    41.67,   291.84, -91.86   ,   3165.28, 12.01   ,  3085.43, 70.76          ,        3014.67,             0
     606,    98.57,   153.13, -34.96   ,   2960.12, 20.36   ,  2945.52, -26.34         ,        2971.86,             0
     607,   841.96,  1126.17, 708.43   ,   2861.72, 14.14   ,  3584.29, 654.79         ,        2929.5 ,             0
     608,   108.81,   226.49, -24.72   ,   2631.74, 19.15   ,  2626.16, 25.01          ,        2601.15,             0
     609,   917.63,  1093.36, 784.1    ,   3007.96, 24.08   ,  3816.14, 631.82         ,        3184.32,             0
     610,    36.76,   153.13, -96.77   ,   4240.05, 10.57   ,  4153.85, -26.34         ,        4180.18,             0
     611,  6466.13,  6466.13, 6332.6   ,   7430.18, 14.15   , 13776.93, 4392.76        ,        9384.17,             0
     612,   551.74,   551.74, 418.21   ,   2320.56, 11.64   ,  2750.41, 252.69         ,        2497.72,             0
     613,   116.9 ,   175.97, -16.63   ,   3327.23, 21.23   ,  3331.83, -10.35         ,        3342.18,             0
     614,   180.52,   472.78, 46.99    ,   2590.23, 16.84   ,  2654.06, 197.41         ,        2456.65,             0
     615,    86.51,   183.76, -47.02   ,   2669.64, 10.89   ,  2633.51, -4.9           ,        2638.41,             0
     616,   134.66,   650.66, 1.13     ,   2634.18, 12.42   ,  2647.72, 321.93         ,        2325.79,             0
     617,  2100.92,  2100.92, 1967.39  ,   3288.02, 7.16    ,  5262.57, 1337.12        ,        3925.46,             0
     618,   225.02,   414.59, 91.49    ,   2240.23, 18.24   ,  2349.96, 156.68         ,        2193.27,             0
     619,   117.11,   365.53, -16.42   ,   2284.74, 15.46   ,  2283.78, 122.34         ,        2161.44,             0
     620,    39.01,   251.69, -94.52   ,   3120.21, 13.1    ,  3038.79, 42.66          ,        2996.13,             0
     621,  1192.23,  1384.7 , 1058.7   ,   4116.05, 15.55   ,  5190.3 , 835.76         ,        4354.54,             0
     622,   345.79,   411.42, 212.26   ,   2264.15, 16.66   ,  2493.07, 154.46         ,        2338.61,             0
     623,   867.16,  1133.41, 733.63   ,   2931.93, 19.03   ,  3684.59, 659.86         ,        3024.74,             0
     624,  1236.69,  1300.47, 1103.16  ,   2268.24, 15.65   ,  3387.05, 776.8          ,        2610.25,             0
     625,   197.57,   225.36, 64.04    ,   2422.08, 9.28    ,  2495.4 , 24.22          ,        2471.17,             0
     626,   297.13,   657.63, 163.6    ,   2429.4 , 17.97   ,  2610.97, 326.81         ,        2284.16,             0
     627,  5084.93,  5130.07, 4951.4   ,  10691.21, 16.85   , 15659.45, 3457.52        ,       12201.93,             0
     628,   212.12,   561.93, 78.59    ,   2430.55, 29.78   ,  2538.92, 259.82         ,        2279.1 ,             0
     629,  1252.99,  1252.99, 1119.46  ,   2873.94, 13.88   ,  4007.28, 743.56         ,        3263.71,             0
     630,   507.13,   813.19, 373.6    ,   2715.45, 73.41   ,  3162.46, 435.7          ,        2726.76,             0
     631,   473.1 ,   489.48, 339.57   ,   2143.82, 15.59   ,  2498.98, 209.1          ,        2289.87,             0
     632,   335.15,   649.46, 201.62   ,   2435.58, 22.01   ,  2659.21, 321.09         ,        2338.12,             0
     633,   643.28,   643.28, 509.75   ,   2678.34, 14.16   ,  3202.25, 316.77         ,        2885.48,             0
     634,  2436.04,  3470.46, 2302.51  ,   8365.22, 545.89  , 11213.61, 2295.79        ,        8917.83,             0
     635,   540.15,   632.74, 406.62   ,   2307.92, 19.09   ,  2733.62, 309.39         ,        2424.24,             0
     636,   784.35,   834.86, 650.82   ,   2366.46, 16.9    ,  3034.17, 450.87         ,        2583.3 ,             0
     637,  1301.66,  1961.43, 1168.13  ,   3369.71, 12.43   ,  4550.27, 1239.47        ,        3310.81,             0
     638,   108.74,   204.84, -24.79   ,   2924.62, 20.68   ,  2920.51, 9.86           ,        2910.65,             0
     639,   456.18,   456.18, 322.65   ,   2187.84, 13.75   ,  2524.24, 185.79         ,        2338.44,             0
     640,   321.15,   335.17, 187.62   ,   2990.2 , 19.23   ,  3197.05, 101.09         ,        3095.96,             0
     641,   243.25,   355.38, 109.72   ,   2216.45, 16.91   ,  2343.08, 115.23         ,        2227.85,             0
     642,   144.39,   298.06, 10.86    ,   2289.86, 15.53   ,  2316.24, 75.11          ,        2241.13,             0
     643,  1759.27,  2500.63, 1625.74  ,   6540.19, 125.45  ,  8291.39, 1616.91        ,        6674.47,             0
     644,   136.71,   201.37, 3.18     ,   2795.18, 21.01   ,  2819.37, 7.43           ,        2811.94,             0
     645,   205.08,   206.95, 71.55    ,   3238.89, 14.44   ,  3324.88, 11.34          ,        3313.54,             0
     646,   234.06,   291.37, 100.53   ,   2361.27, 15.51   ,  2477.31, 70.43          ,        2406.88,             0
     647,  1358.85,  1779.74, 1225.32  ,   2961.19, 15.61   ,  4202.12, 1112.29        ,        3089.83,             0
     648,   128.88,   286.68, -4.65    ,   2598.15, 12.18   ,  2605.67, 67.14          ,        2538.53,             0
     649,   209.62,   233.55, 76.09    ,   2315.57, 10.98   ,  2402.64, 29.96          ,        2372.68,             0
     650,    19.08,   214.9 , -114.45  ,   3709.79, 10.56   ,  3605.9 , 16.9           ,        3588.99,             0
     651,   198.74,   392.18, 65.21    ,   2458.96, 20.94   ,  2545.11, 141.0          ,        2404.11,             0
     652,   525.88,   991.02, 392.35   ,   2851.06, 16.71   ,  3260.12, 560.18         ,        2699.93,             0
     653,   234.64,   234.64, 101.11   ,   2451.25, 10.86   ,  2563.22, 30.72          ,        2532.5 ,             0
     654,   593.74,   669.05, 460.21   ,   2450.32, 19.21   ,  2929.73, 334.81         ,        2594.93,             0
     655,   800.31,   800.31, 666.78   ,   2923.06, 7.04    ,  3596.88, 426.69         ,        3170.19,             0
     656,   285.73,   441.53, 152.2    ,   2262.77, 18.2    ,  2433.18, 175.54         ,        2257.64,             0
     657,    68.39,   212.64, -65.14   ,   2832.74, 11.97   ,  2779.56, 15.32          ,        2764.24,             1
     658,   162.77,   225.26, 29.24    ,   2237.65, 28.48   ,  2295.38, 24.16          ,        2271.22,             0
     659,   168.82,   427.78, 35.29    ,   2203.28, 19.21   ,  2257.78, 165.92         ,        2091.86,             0
     660,  2142.3 ,  2775.46, 2008.77  ,   2916.47, 16.76   ,  4942.0 , 1809.29        ,        3132.71,             0
     661,   123.89,   245.63, -9.64    ,   2445.76, 23.51   ,  2459.62, 38.41          ,        2421.22,             0
     662,   698.62,   709.26, 565.09   ,   2461.9 , 15.55   ,  3042.54, 362.95         ,        2679.58,             0
     663,    95.93,   277.75, -37.6    ,   2265.37, 17.97   ,  2245.74, 60.89          ,        2184.85,             0
     664,   163.54,   631.3 , 30.01    ,   2528.79, 15.54   ,  2574.34, 308.38         ,        2265.95,             0
     665,   271.4 ,  1116.89, 137.87   ,   3160.1 , 13.74   ,  3311.71, 648.29         ,        2663.41,             0
     666,   310.21,   749.3 , 176.68   ,   2890.84, 31.84   ,  3099.36, 390.98         ,        2708.39,             0
     667,  2472.54,  3863.7 , 2339.01  ,   5397.78, 16.69   ,  7753.48, 2571.06        ,        5182.41,             0
     668,   401.64,   548.9 , 268.11   ,   2380.73, 15.48   ,  2664.32, 250.7          ,        2413.61,             0
     669,   264.44,   421.27, 130.91   ,   2298.17, 19.21   ,  2448.29, 161.36         ,        2286.93,             0
     670,  1349.76,  1414.41, 1216.23  ,   2584.43, 56.33   ,  3856.99, 856.56         ,        3000.43,             0
     671,  3107.33,  3887.82, 2973.8   ,   6488.84, 203.72  ,  9666.36, 2587.94        ,        7078.42,             0
     672,  1233.07,  1424.4 , 1099.54  ,   3313.87, 34.75   ,  4448.16, 863.55         ,        3584.61,             0
     673,  1128.94,  1486.13, 995.41   ,   3356.77, 13.93   ,  4366.11, 906.76         ,        3459.35,             0
     674,  2286.09,  3264.49, 2152.56  ,   4686.68, 16.67   ,  6855.91, 2151.62        ,        4704.29,             0
     675,    67.46,   248.99, -66.07   ,   2627.31, 12.87   ,  2574.11, 40.76          ,        2533.35,             0
     676,   627.9 ,  1101.57, 494.37   ,   3434.08, 33.06   ,  3961.51, 637.57         ,        3323.94,             0
     677,   130.46,   702.34, -3.07    ,   2520.76, 20.3    ,  2537.99, 358.11         ,        2179.88,             0
     678,   560.1 ,   626.45, 426.57   ,   2316.01, 23.22   ,  2765.8 , 304.98         ,        2460.82,             0
     679,   234.63,   259.4 , 101.1    ,   2311.23, 18.91   ,  2431.25, 48.05          ,        2383.2 ,             0
     680,   471.07,   911.79, 337.54   ,   2875.77, 15.62   ,  3228.94, 504.73         ,        2724.22,             0
     681,   348.43,   507.55, 214.9    ,   2536.07, 15.64   ,  2766.61, 221.75         ,        2544.86,             0
     682,   777.3 ,  1039.16, 643.77   ,   2682.36, 53.36   ,  3379.49, 593.88         ,        2785.61,             0
     683,  1029.01,  1369.03, 895.48   ,   3609.63, 15.54   ,  4520.65, 824.79         ,        3695.86,             0
     684,   396.53,  1008.71, 263.0    ,   2821.66, 18.92   ,  3103.58, 572.57         ,        2531.02,             0
     685,   254.55,   427.51, 121.02   ,   2260.56, 15.57   ,  2397.15, 165.73         ,        2231.42,             0
     686,  1535.44,  2233.37, 1401.91  ,   4502.31, 15.51   ,  5919.73, 1429.83        ,        4489.91,             0
     687,    91.1 ,   204.03, -42.43   ,   2502.26, 13.3    ,  2473.12, 9.29           ,        2463.83,             0
     688,    14.64,   272.3 , -118.89  ,   3818.83, 13.42   ,  3713.35, 57.08          ,        3656.27,             0
     689,    95.39,   133.53, -38.14   ,   3374.35, 12.73   ,  3348.95, -40.06         ,        3389.01,             0
     690,   380.15,   480.46, 246.62   ,   2409.14, 15.47   ,  2671.23, 202.79         ,        2468.43,             0
     691,  2012.06,  3136.81, 1878.53  ,   7846.37, 408.35  , 10133.25, 2062.24        ,        8071.01,             0
     692,   108.14,   275.4 , -25.39   ,   3462.16, 20.89   ,  3457.66, 59.25          ,        3398.41,             0
     693,   174.34,   814.19, 40.81    ,   2765.56, 18.07   ,  2824.45, 436.4          ,        2388.05,             0
     694,   522.86,  1350.39, 389.33   ,   2894.26, 22.0    ,  3305.6 , 811.74         ,        2493.85,             0
     695,    79.37,   467.57, -54.16   ,   3222.84, 9.39    ,  3178.07, 193.77         ,        2984.3 ,             0
     696,   566.24,   715.34, 432.71   ,   2828.57, 25.01   ,  3286.29, 367.21         ,        2919.08,             0
     697,  1247.97,  1612.99, 1114.44  ,   3405.07, 20.79   ,  4540.3 , 995.56         ,        3544.73,             0
     698,   489.61,   522.55, 356.08   ,   2292.21, 10.77   ,  2659.06, 232.25         ,        2426.81,             0
     699,   225.94,   335.9 , 92.41    ,   2175.98, 18.72   ,  2287.11, 101.6          ,        2185.51,             0
     700,   281.75,   523.49, 148.22   ,   2466.17, 14.14   ,  2628.53, 232.91         ,        2395.62,             0
     701,   370.54,   411.32, 237.01   ,   2066.71, 15.49   ,  2319.21, 154.39         ,        2164.82,             0
     702,   588.77,   836.52, 455.24   ,   2566.82, 24.92   ,  3046.98, 452.03         ,        2594.95,             0
     703,  5708.63,  7338.01, 5575.1   ,   9695.87, 54.54   , 15325.51, 5003.07        ,       10322.44,             0
     704,   402.3 ,  1274.9 , 268.77   ,   3478.96, 15.52   ,  3763.25, 758.9          ,        3004.35,             0
     705,   502.13,  1148.0 , 368.6    ,   3373.86, 49.19   ,  3791.65, 670.07         ,        3121.58,             0
     706,   570.77,   710.31, 437.24   ,   2250.41, 32.43   ,  2720.08, 363.69         ,        2356.39,             0
     707,    71.99,   171.34, -61.54   ,   3214.69, 13.14   ,  3166.29, -13.59         ,        3179.88,             0
     708,   311.93,   545.67, 178.4    ,   2483.38, 20.97   ,  2682.74, 248.44         ,        2434.3 ,             0
     709,   327.4 ,   898.18, 193.87   ,   3206.76, 15.64   ,  3416.27, 495.2          ,        2921.07,             0
     710,   801.94,  1484.81, 668.41   ,   4110.77, 105.56  ,  4884.73, 905.84         ,        3978.9 ,             0
     711,   954.73,  1088.63, 821.2    ,   3326.96, 19.12   ,  4167.27, 628.51         ,        3538.76,             0
     712,   446.0 ,   621.36, 312.47   ,   2358.62, 20.97   ,  2692.06, 301.42         ,        2390.64,             0
     713,   199.51,   479.3 , 65.98    ,   2407.47, 16.73   ,  2490.19, 201.98         ,        2288.21,             0
     714,   604.88,  1725.05, 471.35   ,   4448.89, 16.64   ,  4936.89, 1074.01        ,        3862.88,             0
     715,  1306.57,  1329.32, 1173.04  ,   2407.47, 16.65   ,  3597.15, 796.99         ,        2800.16,             0
     716,   149.47,   263.28, 15.94    ,   2249.37, 17.24   ,  2282.55, 50.76          ,        2231.79,             0
     717,    53.64,   149.77, -79.89   ,   3761.71, 10.58   ,  3692.41, -28.69         ,        3721.1 ,             0
     718,   648.2 ,  1531.12, 514.67   ,   3664.44, 58.0    ,  4237.11, 938.25         ,        3298.86,             0
     719,  1503.24,  1611.11, 1369.71  ,   3465.57, 13.95   ,  4849.24, 994.25         ,        3854.99,             0
     720,   654.96,  1360.47, 521.43   ,   3669.05, 18.91   ,  4209.38, 818.8          ,        3390.58,             0
     721,   829.6 ,  1029.52, 696.07   ,   3064.73, 47.57   ,  3808.37, 587.13         ,        3221.24,             0
     722,   253.72,   334.31, 120.19   ,   2133.03, 21.96   ,  2275.17, 100.48         ,        2174.69,             0
     723,  1906.75,  1906.75, 1773.22  ,   2749.94, 14.27   ,  4537.44, 1201.19        ,        3336.24,             0
     724,  1776.85,  2039.96, 1643.32  ,   3286.46, 55.76   ,  4985.55, 1294.44        ,        3691.11,             0
     725,   220.14,   300.03, 86.61    ,   2441.97, 10.97   ,  2539.55, 76.49          ,        2463.06,             0
     726,   297.43,   457.17, 163.9    ,   2233.02, 13.77   ,  2410.68, 186.49         ,        2224.2 ,             0
     727,   312.74,   355.41, 179.21   ,   2132.86, 17.97   ,  2330.04, 115.25         ,        2214.79,             0
     728,   134.77,   230.09, 1.24     ,   2305.39, 19.21   ,  2325.83, 27.53          ,        2298.3 ,             0
     729,   344.26,   489.24, 210.73   ,   2764.42, 12.15   ,  2987.29, 208.94         ,        2778.36,             0
     730,  1366.18,  2380.08, 1232.65  ,   6046.75, 148.85  ,  7428.25, 1532.53        ,        5895.73,             0
     731,   110.57,   237.08, -22.96   ,   2690.68, 14.14   ,  2681.85, 32.43          ,        2649.43,             0
     732,   955.84,  1290.61, 822.31   ,   3876.53, 144.45  ,  4843.29, 769.89         ,        4073.4 ,             0
     733,  2401.29,  3369.1 , 2267.76  ,   4828.17, 297.87  ,  7393.8 , 2224.84        ,        5168.96,             0
     734,   287.62,   644.05, 154.09   ,   2510.52, 18.26   ,  2682.87, 317.3          ,        2365.57,             0
     735,    20.74,   166.97, -112.79  ,   3908.52, 13.56   ,  3809.28, -16.65         ,        3825.93,             0
     736,   746.55,  1382.13, 613.02   ,   4235.03, 96.58   ,  4944.63, 833.96         ,        4110.67,             0
     737,    33.49,   144.39, -100.04  ,   4140.8 , 12.38   ,  4053.14, -32.46         ,        4085.6 ,             0
     738,   183.04,   692.98, 49.51    ,   2704.74, 15.51   ,  2769.76, 351.56         ,        2418.2 ,             0
     739,    80.47,   724.88, -53.06   ,   2943.12, 15.88   ,  2905.93, 373.88         ,        2532.05,             0
     740,   410.55,   929.95, 277.02   ,   3215.71, 15.54   ,  3508.27, 517.43         ,        2990.84,             0
     741,   700.72,   714.07, 567.19   ,   2306.93, 17.08   ,  2891.21, 366.32         ,        2524.89,             0
     742,   104.66,   570.76, -28.87   ,   2446.09, 21.98   ,  2439.2 , 266.0          ,        2173.19,             0
     743,   406.79,   547.23, 273.26   ,   3137.08, 16.69   ,  3427.04, 249.53         ,        3177.5 ,             0
     744,  1959.57,  2511.34, 1826.04  ,   2870.28, 71.77   ,  4768.09, 1624.41        ,        3143.68,             0
     745,   144.98,   743.99, 11.45    ,   2804.6 , 16.67   ,  2832.72, 387.26         ,        2445.46,             0
     746,   334.11,   369.4 , 200.58   ,   2611.81, 15.57   ,  2827.95, 125.05         ,        2702.9 ,             0
     747,   518.5 ,   746.23, 384.97   ,   2106.52, 41.55   ,  2533.04, 388.83         ,        2144.21,             0
     748,  2223.64,  2770.53, 2090.11  ,   4885.01, 132.23  ,  7107.35, 1805.84        ,        5301.52,             0
     749,   337.12,   485.47, 203.59   ,   2367.98, 20.86   ,  2592.43, 206.3          ,        2386.13,             0
     750,   168.42,   241.4 , 34.89    ,   2423.29, 20.92   ,  2479.1 , 35.45          ,        2443.65,             0
     751,   687.27,  1012.94, 553.74   ,   3225.18, 16.73   ,  3795.66, 575.53         ,        3220.13,             0
     752,  2089.06,  2089.06, 1955.53  ,   3830.51, 10.76   ,  5796.8 , 1328.81        ,        4467.99,             0
     753,   169.25,   192.84, 35.72    ,   2706.23, 20.89   ,  2762.84, 1.46           ,        2761.38,             0
     754,   573.51,   923.34, 439.98   ,   2942.07, 12.23   ,  3394.28, 512.81         ,        2881.47,             0
     755,   184.85,   600.63, 51.32    ,   2568.37, 19.52   ,  2639.21, 286.91         ,        2352.3 ,             0
     756,   801.4 ,  1660.76, 667.87   ,   4154.95, 16.66   ,  4839.49, 1029.0         ,        3810.49,             0
     757,  6945.37,  8596.89, 6811.84  ,  17579.93, 281.55  , 24673.32, 5884.29        ,       18789.03,             0
     758,  1020.78,  2492.99, 887.25   ,   5822.3 , 84.06   ,  6793.61, 1611.56        ,        5182.04,             0
     759,   945.22,   945.22, 811.69   ,   2249.19, 8.11    ,  3069.0 , 528.12         ,        2540.87,             0
     760,   163.68,   498.07, 30.15    ,   2902.43, 21.0    ,  2953.58, 215.12         ,        2738.46,             0
     761,   224.87,   306.13, 91.34    ,   2090.88, 22.94   ,  2205.17, 80.76          ,        2124.41,             0
     762,   409.44,   437.36, 275.91   ,   2082.38, 16.76   ,  2375.06, 172.62         ,        2202.44,             0
     763,   258.86,   326.27, 125.33   ,   2244.32, 11.62   ,  2381.26, 94.86          ,        2286.41,             0
     764,   197.79,   258.54, 64.26    ,   2219.85, 19.22   ,  2303.33, 47.45          ,        2255.88,             0
     765,   970.36,  1321.83, 836.83   ,   2599.39, 226.0   ,  3662.22, 791.75         ,        2870.47,             0
     766,    72.24,   163.5 , -61.29   ,   3514.37, 10.6    ,  3463.68, -19.08         ,        3482.77,             0
     767,   190.94,   385.49, 57.41    ,   2329.89, 18.95   ,  2406.25, 136.31         ,        2269.94,             0
     768,   116.27,   374.57, -17.26   ,   3109.04, 18.23   ,  3110.01, 128.67         ,        2981.34,             0
     769,   180.2 ,   450.37, 46.67    ,   2329.92, 25.75   ,  2402.34, 181.73         ,        2220.61,             0
     770,   759.59,   759.59, 626.06   ,   2140.66, 12.22   ,  2778.94, 398.18         ,        2380.76,             0
     771,   832.95,   979.1 , 699.42   ,   3221.15, 12.09   ,  3932.66, 551.84         ,        3380.81,             0
     772,   604.24,   660.6 , 470.71   ,   2369.45, 17.12   ,  2857.28, 328.89         ,        2528.4 ,             0
     773,   223.59,   230.96, 90.06    ,   2950.15, 16.66   ,  3056.86, 28.14          ,        3028.72,             0
     774,   903.93,   943.12, 770.4    ,   3092.62, 16.77   ,  3879.79, 526.65         ,        3353.14,             0
     775,   189.58,   362.54, 56.05    ,   2309.58, 19.11   ,  2384.74, 120.25         ,        2264.49,             0
     776,   173.07,   534.76, 39.54    ,   2664.63, 20.74   ,  2724.91, 240.8          ,        2484.11,             0
     777,   675.52,   734.19, 541.99   ,   2083.73, 17.25   ,  2642.98, 380.4          ,        2262.58,             0
     778,   202.27,   316.48, 68.74    ,   2637.25, 24.97   ,  2730.97, 88.01          ,        2642.96,             0
     779,   660.8 ,   660.8 , 527.27   ,   2255.32, 14.15   ,  2796.74, 329.03         ,        2467.71,             0
     780,   771.76,  1080.72, 638.23   ,   2938.19, 17.05   ,  3593.47, 622.97         ,        2970.5 ,             0
     781,   548.33,   708.32, 414.8    ,   2542.71, 49.24   ,  3006.75, 362.29         ,        2644.45,             0
     782,   108.01,   216.94, -25.52   ,   2547.18, 6.54    ,  2528.2 , 18.33          ,        2509.87,             0
     783,    53.39,   157.39, -80.14   ,   4134.53, 12.13   ,  4066.51, -23.35         ,        4089.87,             0
     784,   115.17,   585.02, -18.36   ,   2586.07, 21.83   ,  2589.54, 275.99         ,        2313.55,             0
     785,    92.83,   398.14, -40.7    ,   2539.25, 21.93   ,  2520.48, 145.17         ,        2375.32,             0
     786,   866.03,   978.44, 732.5    ,   2298.19, 14.16   ,  3044.85, 551.38         ,        2493.47,             0
     787,   607.3 ,   920.16, 473.77   ,   2771.08, 17.88   ,  3262.73, 510.58         ,        2752.14,             0
     788,  1341.92,  1621.03, 1208.39  ,   3684.39, 123.85  ,  5016.64, 1001.19        ,        4015.44,             0
     789,   298.06,   309.65, 164.53   ,   3009.97, 13.89   ,  3188.39, 83.22          ,        3105.16,             0
     790,   201.19,   302.71, 67.66    ,   3471.96, 20.31   ,  3559.93, 78.36          ,        3481.56,             0
     791,   958.87,  2532.12, 825.34   ,   7052.22, 15.65   ,  7893.22, 1638.95        ,        6254.26,             0
     792,   807.01,  1121.79, 673.48   ,   2811.28, 153.07  ,  3637.83, 651.72         ,        2986.11,             0
     793,   396.67,   617.7 , 263.14   ,   2755.86, 26.58   ,  3045.57, 298.86         ,        2746.71,             0
     794,   992.0 ,  1301.94, 858.47   ,   4468.45, 37.57   ,  5364.49, 777.82         ,        4586.67,             0
     795,  2602.06,  4901.51, 2468.53  ,   8496.6 , 715.57  , 11680.7 , 3297.53        ,        8383.17,             0
     796,  1851.1 ,  2368.02, 1717.57  ,   7559.29, 12.27   ,  9289.12, 1524.09        ,        7765.04,             0
     797,   451.55,  1025.34, 318.02   ,   3279.68, 15.49   ,  3613.19, 584.21         ,        3028.98,             0
     798,   284.29,   352.15, 150.76   ,   2754.79, 43.57   ,  2949.13, 112.98         ,        2836.15,             0
     799,    26.24,   150.43, -107.29  ,   4234.13, 13.02   ,  4139.87, -28.23         ,        4168.1 ,             0
     800,  1440.11,  2850.41, 1306.58  ,   6765.62, 15.57   ,  8087.77, 1861.76        ,        6226.01,             0
     801,    95.26,   174.42, -38.27   ,   2928.4 , 21.89   ,  2912.02, -11.43         ,        2923.45,             0
     802,  2707.84,  2707.84, 2574.31  ,   6069.64, 10.89   ,  8654.84, 1761.96        ,        6892.88,             0
     803,    86.66,   147.8 , -46.87   ,   3711.56, 7.93    ,  3672.62, -30.07         ,        3702.69,             0
     804,    72.66,   186.2 , -60.87   ,   2782.48, 16.37   ,  2737.98, -3.19          ,        2741.17,             1
     805,   133.72,   227.67, 0.19     ,   2305.46, 17.05   ,  2322.7 , 25.84          ,        2296.86,             0
     806,   181.04,   216.34, 47.51    ,   3176.39, 15.58   ,  3239.48, 17.91          ,        3221.57,             0
     807,   125.36,   235.23, -8.17    ,   2369.93, 22.21   ,  2383.97, 31.13          ,        2352.84,             0
     808,   114.12,   178.41, -19.41   ,   2948.43, 21.92   ,  2950.94, -8.65          ,        2959.58,             0
     809,   331.34,   442.31, 197.81   ,   2867.0 , 17.97   ,  3082.78, 176.08         ,        2906.69,             0
     810,   106.04,   571.01, -27.49   ,   2567.48, 15.49   ,  2555.48, 266.18         ,        2289.3 ,             0
     811,  1718.98,  1760.55, 1585.45  ,   3925.02, 13.76   ,  5524.23, 1098.85        ,        4425.38,             0
     812,   226.3 ,   405.04, 92.77    ,   2227.7 , 12.11   ,  2332.58, 150.0          ,        2182.58,             0
     813,   304.48,   412.47, 170.95   ,   2234.54, 20.7    ,  2426.19, 155.2          ,        2270.99,             0
     814,   126.13,   201.02, -7.4     ,   2471.28, 23.61   ,  2487.49, 7.18           ,        2480.31,             0
     815,   153.86,   361.89, 20.33    ,   2266.73, 16.74   ,  2303.8 , 119.8          ,        2184.0 ,             0
     816,  1184.8 ,  1235.47, 1051.27  ,   3233.64, 43.16   ,  4328.07, 731.3          ,        3596.77,             0
     817,   388.51,  1251.99, 254.98   ,   3472.24, 16.66   ,  3743.88, 742.86         ,        3001.02,             0
     818,   172.9 ,   246.47, 39.37    ,   2686.9 , 14.14   ,  2740.41, 39.0           ,        2701.4 ,             0
     819,   324.99,  1904.16, 191.46   ,   3986.48, 13.78   ,  4191.72, 1199.39        ,        2992.34,             0
     820,   529.26,   533.77, 395.73   ,   2845.7 , 10.94   ,  3252.37, 240.11         ,        3012.26,             0
     821,  3711.1 ,  6016.13, 3577.57  ,  12786.1 , 308.44  , 16672.12, 4077.76        ,       12594.35,             0
     822,    10.97,   385.15, -122.56  ,   3588.29, 10.57   ,  3476.3 , 136.08         ,        3340.23,             0
     823,   694.01,  1283.1 , 560.48   ,   3539.42, 50.66   ,  4150.56, 764.64         ,        3385.92,             0
     824,    18.12,   269.04, -115.41  ,   3468.5 , 7.57    ,  3360.66, 54.8           ,        3305.86,             0
     825,   230.4 ,   293.49, 96.87    ,   2199.49, 15.57   ,  2311.93, 71.92          ,        2240.01,             0
     826,  3293.76,  3293.76, 3160.23  ,   3450.73, 14.15   ,  6625.11, 2172.1         ,        4453.01,             0
     827,   389.32,   396.18, 255.79   ,   2499.98, 14.18   ,  2769.95, 143.8          ,        2626.15,             0
     828,   375.02,   574.6 , 241.49   ,   2546.83, 19.19   ,  2807.52, 268.69         ,        2538.83,             0
     829,   614.73,   728.65, 481.2    ,   2740.56, 12.08   ,  3233.84, 376.52         ,        2857.31,             0
     830,  6086.16,  6729.33, 5952.63  ,   7594.08, 15.57   , 13562.28, 4577.0         ,        8985.28,             0
     831,    49.1 ,   162.39, -84.43   ,   3183.39, 10.66   ,  3109.61, -19.85         ,        3129.47,             0
     832,   884.18,  1169.1 , 750.65   ,   3335.85, 26.56   ,  4113.06, 684.84         ,        3428.23,             0
     833,  2155.69,  2155.69, 2022.16  ,   4735.11, 15.46   ,  6772.73, 1375.45        ,        5397.28,             0
     834,   925.02,   982.36, 791.49   ,   2393.59, 19.2    ,  3204.28, 554.12         ,        2650.16,             0
     835,  1852.29,  4140.41, 1718.76  ,   7777.42, 13.76   ,  9509.95, 2764.76        ,        6745.19,             0
     836,    91.75,   217.29, -41.78   ,   2587.71, 12.84   ,  2558.77, 18.57          ,        2540.2 ,             0
     837,  2936.3 ,  3347.99, 2802.77  ,   4243.63, 16.66   ,  7063.07, 2210.06        ,        4853.0 ,             0
     838,   148.76,   296.39, 15.23    ,   2318.58, 21.96   ,  2355.76, 73.94          ,        2281.82,             0
     839,  2123.11,  3925.31, 1989.58  ,  10217.19, 120.72  , 12327.49, 2614.19        ,        9713.3 ,             0
     840,   950.26,   964.32, 816.73   ,   2559.76, 17.33   ,  3393.81, 541.49         ,        2852.32,             0
     841,   804.42,  1542.97, 670.89   ,   3878.8 , 197.76  ,  4747.45, 946.55         ,        3800.9 ,             0
     842,   111.03,   262.66, -22.5    ,   2662.55, 22.17   ,  2662.22, 50.33          ,        2611.89,             0
     843,   631.81,   991.95, 498.28   ,   2909.58, 18.64   ,  3426.5 , 560.83         ,        2865.66,             0
     844,   333.84,   475.28, 200.31   ,   2326.02, 50.48   ,  2576.81, 199.17         ,        2377.64,             0
     845,   381.85,  1373.38, 248.32   ,   3914.41, 23.34   ,  4186.08, 827.84         ,        3358.24,             0
     846,   467.79,   755.63, 334.26   ,   2712.14, 14.17   ,  3060.57, 395.41         ,        2665.16,             0
     847,    73.34,   270.09, -60.19   ,   2417.32, 13.12   ,  2370.25, 55.53          ,        2314.72,             0
     848,   382.14,   655.3 , 248.61   ,   2697.22, 29.14   ,  2974.98, 325.18         ,        2649.8 ,             0
     849,   865.81,  1615.47, 732.28   ,   4564.23, 46.12   ,  5342.64, 997.3          ,        4345.34,             0
     850,  7965.56, 13271.94, 7832.03  ,  19036.15, 13.75   , 26881.92, 9156.83        ,       17725.1 ,             0
     851,   276.91,   526.23, 143.38   ,   2355.84, 12.24   ,  2511.46, 234.83         ,        2276.63,             0
     852,  1751.54,  1946.24, 1618.01  ,   2788.72, 12.11   ,  4418.84, 1228.84        ,        3190.0 ,             0
     853,   106.88,   220.69, -26.65   ,   3453.27, 13.76   ,  3440.38, 20.95          ,        3419.43,             0
     854,    65.54,   147.59, -67.99   ,   3516.19, 10.96   ,  3459.15, -30.21         ,        3489.37,             0
     855,  1463.42,  1498.82, 1329.89  ,   3086.11, 15.94   ,  4431.93, 915.64         ,        3516.29,             0
     856,   167.7 ,   455.16, 34.17    ,   2689.29, 20.92   ,  2744.37, 185.08         ,        2559.29,             0
     857,    70.45,   216.03, -63.08   ,   2571.6 , 28.81   ,  2537.33, 17.69          ,        2519.64,             0
     858,   766.52,   978.83, 632.99   ,   3157.68, 100.37  ,  3891.05, 551.65         ,        3339.4 ,             0
     859,   156.45,   340.72, 22.92    ,   2235.95, 12.42   ,  2271.29, 104.97         ,        2166.32,             0
     860,   294.92,   729.45, 161.39   ,   2692.95, 18.43   ,  2872.77, 377.09         ,        2495.68,             0
     861,    25.55,   136.47, -107.98  ,   4263.88, 7.54    ,  4163.44, -38.0          ,        4201.45,             0
     862,   113.42,   140.8 , -20.11   ,   3973.91, 22.12   ,  3975.92, -34.97         ,        4010.89,             0
     863,   743.08,  1056.59, 609.55   ,   2828.68, 17.27   ,  3455.51, 606.08         ,        2849.42,             0
     864,    79.09,   185.28, -54.44   ,   3610.34, 18.43   ,  3574.32, -3.83          ,        3578.15,             0
     865,  1936.82,  1936.82, 1803.29  ,   3352.37, 12.24   ,  5167.9 , 1222.24        ,        3945.65,             0
     866,  1784.06,  2082.14, 1650.53  ,   3238.28, 285.35  ,  5174.15, 1323.97        ,        3850.18,             0
     867,   260.2 ,   298.08, 126.67   ,   2260.38, 14.38   ,  2401.43, 75.13          ,        2326.3 ,             0
     868,    74.1 ,   199.05, -59.43   ,   3339.84, 8.48    ,  3288.9 , 5.8            ,        3283.09,             0
     869, 15096.67, 27387.06, 14963.14 ,  33488.56, 16.69   , 48468.39, 19037.41       ,       29430.98,             0
     870,    11.7 ,   160.42, -121.83  ,   4530.49, 8.11    ,  4416.76, -21.23         ,        4438.0 ,             0
     871,   253.86,   253.86, 120.33   ,   2342.29, 12.24   ,  2474.85, 44.17          ,        2430.68,             0
     872,   180.1 ,   392.36, 46.57    ,   2329.13, 13.85   ,  2389.55, 141.12         ,        2248.43,             0
     873,   465.37,   465.37, 331.84   ,   2320.29, 12.12   ,  2664.25, 192.23         ,        2472.02,             0
     874,   422.4 ,   500.34, 288.87   ,   2616.13, 22.4    ,  2927.41, 216.71         ,        2710.7 ,             0
     875,   944.0 ,   959.06, 810.47   ,   2562.23, 10.74   ,  3383.45, 537.81         ,        2845.63,             0
     876,    17.53,   133.53, -116.0   ,   4407.18, 10.62   ,  4301.81, -40.06         ,        4341.87,             0
     877,   713.51,   786.27, 579.98   ,   2510.55, 7.14    ,  3097.66, 416.86         ,        2680.8 ,             0
     878,   189.21,   464.73, 55.68    ,   2354.4 , 15.53   ,  2425.61, 191.78         ,        2233.83,             0
     879,   118.27,   334.85, -15.26   ,   2150.21, 18.98   ,  2153.92, 100.87         ,        2053.06,             0
     880,    42.39,   520.61, -91.14   ,   2863.41, 13.13   ,  2785.4 , 230.9          ,        2554.5 ,             0
     881,   121.0 ,   452.79, -12.53   ,   3265.87, 6.53    ,  3259.87, 183.42         ,        3076.45,             0
     882,    26.8 ,   208.72, -106.73  ,   3665.11, 11.64   ,  3570.02, 12.58          ,        3557.45,             0
     883,   509.87,   585.69, 376.34   ,   2329.08, 17.21   ,  2722.63, 276.46         ,        2446.17,             0
     884,   339.75,   339.75, 206.22   ,   2450.85, 15.47   ,  2672.54, 104.3          ,        2568.24,             0
     885,  1405.88,  1423.71, 1272.35  ,   3207.26, 16.69   ,  4496.3 , 863.07         ,        3633.24,             0
     886,    48.04,   204.94, -85.49   ,   3457.36, 10.55   ,  3382.42, 9.93           ,        3372.49,             0
     887,   120.77,  1148.86, -12.76   ,   3441.12, 10.77   ,  3439.14, 670.67         ,        2768.46,             0
     888,   670.08,  1053.09, 536.55   ,   3116.11, 14.3    ,  3666.95, 603.63         ,        3063.32,             0
     889,   631.17,   911.61, 497.64   ,   2614.74, 165.23  ,  3277.61, 504.6          ,        2773.02,             0
     890,   581.76,   620.23, 448.23   ,   2061.48, 17.23   ,  2526.94, 300.63         ,        2226.3 ,             0
     891,   624.72,   796.76, 491.19   ,   2486.85, 14.12   ,  2992.16, 424.2          ,        2567.96,             0
     892,   318.24,   619.69, 184.71   ,   2804.53, 71.65   ,  3060.89, 300.25         ,        2760.64,             0
     893,   104.37,   164.92, -29.16   ,   3551.18, 23.43   ,  3545.44, -18.08         ,        3563.53,             0
     894,  2464.93,  3785.47, 2331.4   ,   7716.44, 12.23   , 10060.07, 2516.3         ,        7543.77,             0
     895,    23.99,   140.8 , -109.54  ,   4172.19, 12.05   ,  4074.7 , -34.97         ,        4109.66,             0
     896,   154.52,   516.21, 20.99    ,   2559.12, 16.7    ,  2596.81, 227.82         ,        2368.99,             0
     897,  1548.44,  1893.05, 1414.91  ,   4180.45, 17.08   ,  5612.45, 1191.6         ,        4420.84,             0
     898,    80.44,   157.0 , -53.09   ,   3467.77, 16.91   ,  3431.58, -23.63         ,        3455.21,             0
     899,   452.63,   497.22, 319.1    ,   2170.71, 17.99   ,  2507.79, 214.53         ,        2293.27,             0
     900,   296.02,   381.35, 162.49   ,   2310.02, 35.64   ,  2508.15, 133.41         ,        2374.73,             0
     901,   399.82,   836.03, 266.29   ,   3133.1 , 20.97   ,  3420.35, 451.69         ,        2968.66,             0
     902,   127.92,   433.84, -5.61    ,   2379.01, 14.01   ,  2387.41, 170.16         ,        2217.25,             0
     903,   419.71,   426.21, 286.18   ,   2281.63, 17.17   ,  2584.97, 164.82         ,        2420.16,             0
     904,   237.39,   237.39, 103.86   ,   2422.47, 15.76   ,  2542.09, 32.64          ,        2509.45,             0
     905,   631.83,   893.29, 498.3    ,   2823.08, 18.03   ,  3339.41, 491.78         ,        2847.64,             0
     906,  1570.51,  1810.13, 1436.98  ,   3309.35, 12.23   ,  4758.56, 1133.56        ,        3625.0 ,             0
     907,   444.55,   852.65, 311.02   ,   2594.29, 15.52   ,  2920.82, 463.32         ,        2457.5 ,             0
     908,   989.34,  1036.26, 855.81   ,   2641.43, 15.51   ,  3512.76, 591.85         ,        2920.91,             0
     909,    38.17,   265.31, -95.36   ,   2581.54, 10.72   ,  2496.9 , 52.19          ,        2444.71,             0
     910,    79.59,   133.53, -53.94   ,   3896.53, 16.05   ,  3858.64, -40.06         ,        3898.7 ,             1
     911,    20.19,   294.67, -113.34  ,   3848.81, -3.43   ,  3732.05, 72.74          ,        3659.31,             0
     912,   580.63,   608.96, 447.1    ,   2294.59, 18.44   ,  2760.12, 292.74         ,        2467.38,             0
     913,   394.66,  1238.91, 261.13   ,   3477.45, 20.95   ,  3759.54, 733.71         ,        3025.83,             0
     914,    64.93,   170.31, -68.6    ,   3610.54, 13.37   ,  3555.31, -14.32         ,        3569.63,             0
     915,   251.58,   679.11, 118.05   ,   2541.93, 30.54   ,  2690.52, 341.85         ,        2348.68,             0
     916,    90.86,   149.0 , -42.67   ,   3708.08, 11.34   ,  3676.75, -29.23         ,        3705.98,             0
     917,   576.56,   714.8 , 443.03   ,   2679.79, 14.0    ,  3136.82, 366.83         ,        2769.99,             0
     918,   257.23,   936.6 , 123.7    ,   3181.94, 19.17   ,  3324.82, 522.09         ,        2802.73,             0
     919,  1106.29,  2438.48, 972.76   ,   6969.3 , 123.25  ,  8065.31, 1573.4         ,        6491.9 ,             0
     920,    48.45,   181.02, -85.08   ,   3266.21, 13.39   ,  3194.52, -6.81          ,        3201.33,             0
     921,   441.04,   661.38, 307.51   ,   2635.07, 15.03   ,  2957.61, 329.43         ,        2628.18,             0
     922,   126.82,   180.1 , -6.71    ,   3145.55, 12.13   ,  3150.97, -7.46          ,        3158.43,             0
     923,   168.96,   684.52, 35.43    ,   2662.64, 16.8    ,  2714.88, 345.63         ,        2369.24,             0
     924,   371.38,   446.81, 237.85   ,   2549.73, 12.2    ,  2799.78, 179.24         ,        2620.54,             0
     925,   914.23,  1073.11, 780.7    ,   3269.12, 15.57   ,  4065.39, 617.64         ,        3447.74,             0
     926,  2946.49,  8595.54, 2812.96  ,  14042.62, 16.65   , 16872.23, 5883.35        ,       10988.88,             0
     927,    18.89,   178.27, -114.64  ,   3999.6 , 11.63   ,  3896.59, -8.74          ,        3905.33,             0
     928,    89.48,   365.95, -44.05   ,   2711.02, 13.86   ,  2680.84, 122.63         ,        2558.2 ,             0
     929,   185.75,   298.96, 52.22    ,   2470.94, 20.88   ,  2544.03, 75.74          ,        2468.29,             0
     930,   143.43,   230.13, 9.9      ,   2205.39, 14.12   ,  2229.41, 27.56          ,        2201.85,             0
     931,    62.84,   200.12, -70.69   ,   4043.01, 10.61   ,  3982.93, 6.55           ,        3976.38,             0
     932,   457.35,   459.17, 323.82   ,   2453.42, 16.54   ,  2793.78, 187.89         ,        2605.89,             0
     933,  1370.94,  2712.11, 1237.41  ,   7506.85, 16.67   ,  8760.93, 1764.95        ,        6995.98,             0
     934,  2137.08,  2140.96, 2003.55  ,   2576.17, 16.77   ,  4596.49, 1365.14        ,        3231.35,             0
     935,   395.55,   987.75, 262.02   ,   3074.53, 58.53   ,  3395.08, 557.9          ,        2837.18,             0
     936,   129.67,   283.57, -3.86    ,   2938.36, 15.46   ,  2949.97, 64.97          ,        2885.0 ,             0
     937,    38.87,   245.93, -94.66   ,   3875.45, 11.92   ,  3792.71, 38.62          ,        3754.08,             0
     938,   550.03,   595.17, 416.5    ,   2693.0 , 13.94   ,  3123.44, 283.09         ,        2840.36,             0
     939,    16.9 ,   210.7 , -116.63  ,   4252.06, 13.1    ,  4148.53, 13.96          ,        4134.57,             0
     940,  1377.54,  1608.76, 1244.01  ,   3978.13, 16.68   ,  5238.82, 992.6          ,        4246.22,             0
     941,  1336.19,  1447.2 , 1202.66  ,   3139.15, 13.73   ,  4355.53, 879.51         ,        3476.02,             0
     942,  1136.07,  1390.98, 1002.54  ,   3234.89, 63.75   ,  4301.19, 840.16         ,        3461.03,             0
     943,   334.73,   349.12, 201.2    ,   2130.12, 13.5    ,  2344.82, 110.85         ,        2233.96,             0
     944,   466.53,   646.8 , 333.0    ,   2779.9 , 15.45   ,  3128.36, 319.23         ,        2809.13,             0
     945,   114.78,   264.8 , -18.75   ,   2718.08, 15.65   ,  2714.97, 51.83          ,        2663.15,             0
     946,  4578.48,  5832.91, 4444.95  ,   7255.15, 191.97  , 11892.07, 3949.51        ,        7942.57,             0
     947,   486.09,   499.26, 352.56   ,   2312.88, 18.95   ,  2684.4 , 215.95         ,        2468.45,             0
     948,   127.84,   164.36, -5.69    ,   3684.8 , 17.5    ,  3696.61, -18.48         ,        3715.09,             0
     949,   484.09,   761.68, 350.56   ,   2395.26, 20.88   ,  2766.71, 399.65         ,        2367.06,             0
     950,  3426.89,  4991.52, 3293.36  ,   7780.57, 15.63   , 11089.56, 3360.53        ,        7729.03,             0
     951,   414.57,   516.98, 281.04   ,   2450.0 , 21.39   ,  2752.44, 228.35         ,        2524.08,             0
     952,   699.02,  1111.03, 565.49   ,   3312.19, 12.32   ,  3889.99, 644.19         ,        3245.8 ,             0
     953,  1052.8 ,  1940.69, 919.27   ,   4222.9 , 16.76   ,  5158.94, 1224.95        ,        3933.98,             0
     954,    57.74,   217.49, -75.79   ,   3777.65, 10.85   ,  3712.71, 18.71          ,        3694.0 ,             0
     955,   120.19,   227.75, -13.34   ,   3020.09, 17.06   ,  3023.81, 25.9           ,        2997.91,             0
     956,  2770.79,  3969.85, 2637.26  ,   7672.29, 16.64   , 10326.2 , 2645.36        ,        7680.84,             0
     957,   106.71,   179.28, -26.82   ,   3326.33, 15.57   ,  3315.08, -8.03          ,        3323.11,             0
     958,   138.31,   481.06, 4.78     ,   2441.14, 22.07   ,  2467.98, 203.21         ,        2264.77,             0
     959,   310.66,   560.18, 177.13   ,   3179.92, 15.63   ,  3372.68, 258.59         ,        3114.08,             0
     960,   361.49,   678.71, 227.96   ,   2693.53, 20.95   ,  2942.44, 341.57         ,        2600.88,             0
     961,   281.42,   370.24, 147.89   ,   2205.4 , 13.76   ,  2367.06, 125.64         ,        2241.42,             0
     962,   573.33,   790.15, 439.8    ,   3070.62, 18.75   ,  3529.17, 419.58         ,        3109.6 ,             0
     963,   365.98,   565.76, 232.45   ,   2613.79, 14.26   ,  2860.49, 262.5          ,        2597.99,             0
     964,   423.6 ,   728.51, 290.07   ,   2768.26, 12.24   ,  3070.57, 376.43         ,        2694.14,             0
     965,  1681.91,  2003.48, 1548.38  ,   5437.9 , 15.49   ,  7001.77, 1268.91        ,        5732.87,             0
     966,   612.24,   635.61, 478.71   ,   2437.52, 18.52   ,  2934.76, 311.4          ,        2623.36,             0
     967,   689.85,   852.45, 556.32   ,   2778.84, 19.19   ,  3354.36, 463.19         ,        2891.18,             0
     968,   212.77,   386.92, 79.24    ,   2913.78, 18.95   ,  3011.98, 137.31         ,        2874.67,             0
     969,  2071.94,  2071.94, 1938.41  ,   3967.74, 10.88   ,  5917.04, 1316.83        ,        4600.21,             0
     970,  1148.99,  1671.89, 1015.46  ,   3309.05, 16.8    ,  4341.31, 1036.79        ,        3304.52,             0
     971,   133.97,   194.05, 0.44     ,   2459.83, 17.95   ,  2478.23, 2.31           ,        2475.92,             0
     972,    52.82,   200.99, -80.71   ,   3770.96, 8.36    ,  3698.62, 7.16           ,        3691.46,             0
     973,   251.08,   491.79, 117.55   ,   2363.17, 21.82   ,  2502.54, 210.72         ,        2291.82,             0
     974,   426.0 ,   663.59, 292.47   ,   2366.4 , 16.08   ,  2674.95, 330.98         ,        2343.96,             0
     975,  1414.6 ,  1494.95, 1281.07  ,   3440.06, 65.88   ,  4787.01, 912.94         ,        3874.07,             0
     976,    68.0 ,   206.96, -65.53   ,   3508.82, 13.6    ,  3456.89, 11.34          ,        3445.55,             0
     977,   229.18,   509.95, 95.65    ,   2491.01, 23.51   ,  2610.17, 223.43         ,        2386.74,             0
     978,   336.19,   707.91, 202.66   ,   3014.65, 20.94   ,  3238.26, 362.01         ,        2876.25,             0
     979,   359.96,  1811.49, 226.43   ,   4862.35, 60.61   ,  5149.39, 1134.51        ,        4014.88,             0
     980,   572.9 ,   715.53, 439.37   ,   2227.85, 28.64   ,  2695.86, 367.34         ,        2328.52,             0
     981,   456.51,   497.78, 322.98   ,   3092.22, 16.7    ,  3431.9 , 214.91         ,        3216.98,             0
     982,   356.51,   774.0 , 222.98   ,   2316.35, 15.5    ,  2554.83, 408.27         ,        2146.56,             0
     983,   494.27,  1045.41, 360.74   ,   3544.2 , 58.44   ,  3963.38, 598.26         ,        3365.13,             0
     984,   119.54,   298.53, -13.99   ,   2392.57, 23.5    ,  2402.07, 75.44          ,        2326.63,             0
     985,   730.79,   988.53, 597.26   ,   2305.71, 22.3    ,  2925.26, 558.44         ,        2366.82,             0
     986,  1772.63,  3156.74, 1639.1   ,   6420.39, 8.15    ,  8067.65, 2076.19        ,        5991.46,             0
     987,   460.81,  2072.25, 327.28   ,   4961.7 , 59.76   ,  5348.73, 1317.05        ,        4031.68,             0
     988,  1343.5 ,  1403.47, 1209.97  ,   3639.68, 52.47   ,  4902.11, 848.9          ,        4053.22,             0
     989,  8666.82,  9280.36, 8533.29  ,  13040.47, 15.52   , 21589.28, 6362.72        ,       15226.56,             0
     990,   588.03,  1126.18, 454.5    ,   2809.63, 15.61   ,  3279.75, 654.8          ,        2624.95,             0
     991, 10077.53, 10835.47, 9944.0   ,   9236.6 , 16.72   , 19197.33, 7451.3         ,       11746.03,             0
     992,    72.55,   324.15, -60.98   ,   2421.45, 27.31   ,  2387.78, 93.38          ,        2294.4 ,             0
     993,   183.26,   458.34, 49.73    ,   2729.59, 35.71   ,  2815.03, 187.31         ,        2627.72,             0
     994,   216.43,   323.27, 82.9     ,   2262.58, 16.67   ,  2362.16, 92.76          ,        2269.4 ,             1
     995,   147.66,   525.77, 14.13    ,   2312.47, 22.88   ,  2349.48, 234.51         ,        2114.97,             0
     996,   783.32,   998.38, 649.79   ,   2797.37, 29.4    ,  3476.57, 565.34         ,        2911.23,             0
     997,    23.92,   194.45, -109.61  ,   3474.29, 3.83    ,  3368.51, 2.59           ,        3365.93,             0
     998, 10859.55, 10859.55, 10726.02 ,  14405.38, 13.47   , 25144.87, 7468.15        ,       17676.71,             1
     999,    32.24,   206.28, -101.29  ,   3321.01, 8.1     ,  3227.82, 10.86          ,        3216.96,             0
    1000,   432.29,   612.82, 298.76   ,   2255.68, 18.23   ,  2572.66, 295.44         ,        2277.22,             0
    1001,    59.5 ,   186.02, -74.03   ,   3324.6 , 10.69   ,  3261.26, -3.32          ,        3264.58,             0
    1002,     4.78,   266.1 , -128.75  ,   3685.23, 10.82   ,  3567.29, 52.74          ,        3514.56,             0
    1003,    90.08,   366.58, -43.45   ,   2542.73, 10.97   ,  2510.24, 123.08         ,        2387.17,             0
    1004,   650.47,   774.86, 516.94   ,   2233.44, 19.21   ,  2769.59, 408.87         ,        2360.72,             0
    1005,   558.03,   745.85, 424.5    ,   2233.79, 68.68   ,  2726.97, 388.57         ,        2338.4 ,             0
    1006,   220.65,   298.23, 87.12    ,   2317.98, 23.27   ,  2428.38, 75.23          ,        2353.15,             0
    1007,  2461.02,  2883.84, 2327.49  ,   5215.35, 57.86   ,  7600.69, 1885.16        ,        5715.53,             0
    1008,   188.31,   375.81, 54.78    ,   2208.37, 20.19   ,  2283.34, 129.54         ,        2153.81,             0
    1009,   230.08,   542.18, 96.55    ,   2264.68, 19.15   ,  2380.38, 246.0          ,        2134.38,             0
    1010,   563.78,   874.21, 430.25   ,   2790.33, 15.53   ,  3236.11, 478.42         ,        2757.69,             0
    1011,   460.87,  1001.48, 327.34   ,   2973.19, 18.22   ,  3318.75, 567.5          ,        2751.24,             0
    1012,    98.2 ,   310.75, -35.33   ,   2239.01, 10.94   ,  2214.62, 84.0           ,        2130.62,             0
    1013,   590.47,   674.52, 456.94   ,   2304.63, 10.99   ,  2772.56, 338.64         ,        2433.92,             0
    1014,   144.72,   207.09, 11.19    ,   2852.13, 13.77   ,  2877.09, 11.43          ,        2865.65,             0
    1015,   114.55,   260.42, -18.98   ,   2698.78, 12.19   ,  2691.99, 48.77          ,        2643.23,             0
    1016,    77.95,   301.83, -55.58   ,   2385.24, 14.5    ,  2344.16, 77.75          ,        2266.41,             0
    1017,   547.44,   865.88, 413.91   ,   2938.03, 27.78   ,  3379.72, 472.58         ,        2907.13,             0
    1018,   329.3 ,   363.35, 195.77   ,   3040.37, 18.82   ,  3254.95, 120.82         ,        3134.14,             0
    1019,   637.3 ,   940.06, 503.77   ,   2824.17, 62.74   ,  3390.68, 524.51         ,        2866.17,             0
    1020,    44.67,   287.82, -88.86   ,   2552.81, 3.27    ,  2467.21, 67.94          ,        2399.27,             0
    1021,   200.36,   565.85, 66.83    ,   2762.86, 20.62   ,  2850.31, 262.56         ,        2587.75,             0
    1022,   621.94,   694.4 , 488.41   ,   2534.41, 49.11   ,  3071.92, 352.55         ,        2719.37,             0
    1023,  2876.8 ,  3346.76, 2743.27  ,   4511.09, 15.57   ,  7269.93, 2209.2         ,        5060.73,             0
    1024,  1506.82,  1533.9 , 1373.29  ,   4979.29, 9.26    ,  6361.83, 940.2          ,        5421.63,             0
    1025,   394.2 ,  1212.14, 260.67   ,   3460.71, 14.78   ,  3736.16, 714.96         ,        3021.2 ,             0
    1026,  1834.59,  2362.2 , 1701.06  ,   4689.89, 12.92   ,  6403.87, 1520.01        ,        4883.86,             0
    1027,   846.59,  1083.48, 713.06   ,   2560.26, 113.13  ,  3386.45, 624.9          ,        2761.55,             0
    1028,   390.5 ,   567.34, 256.97   ,   2279.11, 14.11   ,  2550.19, 263.61         ,        2286.58,             0
    1029,   768.23,  1078.25, 634.7    ,   4029.5 , 35.44   ,  4699.64, 621.24         ,        4078.4 ,             0
    1030,   251.16,   275.56, 117.63   ,   2383.68, 12.06   ,  2513.37, 59.36          ,        2454.0 ,             0
    1031,   145.23,   402.66, 11.7     ,   2404.0 , 8.48    ,  2424.17, 148.33         ,        2275.84,             0
    1032, 10401.03, 11303.35, 10267.5  ,  16969.7 , 669.23  , 27906.43, 7778.82        ,       20127.61,             0
    1033,   662.21,  1471.83, 528.68   ,   4025.03, 18.24   ,  4571.94, 896.75         ,        3675.19,             0
    1034,   466.98,  1385.17, 333.45   ,   4731.03, 15.53   ,  5080.0 , 836.09         ,        4243.91,             0
    1035,    71.0 ,   347.28, -62.53   ,   2382.67, 13.11   ,  2333.25, 109.57         ,        2223.68,             0
    1036,    69.1 ,   421.85, -64.43   ,   2723.86, 10.55   ,  2669.99, 161.76         ,        2508.22,             0
    1037,   568.4 ,   578.68, 434.87   ,   2409.46, 10.94   ,  2855.27, 271.55         ,        2583.72,             0
    1038,    45.21,   138.37, -88.32   ,   4171.09, 12.21   ,  4094.97, -36.67         ,        4131.65,             0
    1039,   248.1 ,   425.76, 114.57   ,   3211.37, 20.9    ,  3346.83, 164.5          ,        3182.33,             0
    1040,  1637.05,  2104.82, 1503.52  ,   4259.35, 12.18   ,  5775.05, 1339.84        ,        4435.21,             0
    1041,   319.49,   410.78, 185.96   ,   2381.91, 19.05   ,  2586.91, 154.01         ,        2432.9 ,             0
    1042,   252.05,   342.57, 118.52   ,   2566.18, 21.96   ,  2706.67, 106.27         ,        2600.4 ,             0
    1043,   117.66,   769.88, -15.87   ,   2771.11, 16.65   ,  2771.89, 405.39         ,        2366.5 ,             0
    1044,   505.4 ,   871.27, 371.87   ,   3205.77, 17.97   ,  3595.62, 476.36         ,        3119.26,             0
    1045,   292.78,   395.15, 159.25   ,   2294.65, 14.15   ,  2468.04, 143.08         ,        2324.97,             0
    1046,  8203.49,  8426.9 , 8069.96  ,   8928.38, 216.66  , 17215.0 , 5765.3         ,       11449.7 ,             0
    1047,   290.84,   527.47, 157.31   ,   2198.2 , 43.19   ,  2398.7 , 235.7          ,        2163.0 ,             0
    1048,   148.55,   228.68, 15.02    ,   2832.25, 10.73   ,  2858.0 , 26.54          ,        2831.46,             0
    1049,   385.18,   466.08, 251.65   ,   2461.59, 15.57   ,  2728.81, 192.73         ,        2536.08,             0
    1050,  1081.73,  1123.07, 948.2    ,   2695.91, 15.58   ,  3659.69, 652.62         ,        3007.07,             0
    1051,   632.35,  1171.33, 498.82   ,   3302.94, 17.22   ,  3818.98, 686.4          ,        3132.58,             0
    1052,    59.86,   182.26, -73.67   ,   3564.96, 10.55   ,  3501.83, -5.95          ,        3507.78,             0
    1053,   148.66,   161.53, 15.13    ,   3757.91, 20.93   ,  3793.96, -20.46         ,        3814.42,             0
    1054,   500.67,   500.67, 367.14   ,   2418.48, 12.14   ,  2797.76, 216.94         ,        2580.82,             0
    1055,  1664.48,  2084.68, 1530.95  ,   3000.54, 15.49   ,  4546.97, 1325.74        ,        3221.23,             0
    1056,    78.05,   331.04, -55.48   ,   2329.25, 18.61   ,  2292.38, 98.2           ,        2194.18,             0
    1057,   193.75,   335.81, 60.22    ,   2234.1 , 16.68   ,  2311.01, 101.54         ,        2209.47,             0
    1058,   348.35,   994.22, 214.82   ,   2670.72, 16.48   ,  2902.02, 562.42         ,        2339.6 ,             0
    1059,   698.77,  1009.41, 565.24   ,   2954.89, 15.54   ,  3535.66, 573.06         ,        2962.61,             0
    1060,  2205.97,  2722.81, 2072.44  ,   6368.42, 93.49   ,  8534.36, 1772.44        ,        6761.92,             0
    1061,   250.07,   631.02, 116.54   ,   2531.14, 15.2    ,  2662.89, 308.18         ,        2354.7 ,             0
    1062,    26.64,   133.53, -106.89  ,   4111.11, 10.66   ,  4014.88, -40.06         ,        4054.94,             0
    1063,  1766.26,  1984.7 , 1632.73  ,   3527.06, 19.17   ,  5178.96, 1255.76        ,        3923.2 ,             0
    1064,   706.52,   706.52, 572.99   ,   2150.01, 14.16   ,  2737.17, 361.04         ,        2376.13,             0
    1065,   819.54,  1080.9 , 686.01   ,   3478.81, 18.52   ,  4183.34, 623.1          ,        3560.24,             0
    1066,   226.9 ,   226.9 , 93.37    ,   2790.87, 13.76   ,  2897.99, 25.3           ,        2872.69,             0
    1067,    97.75,   337.41, -35.78   ,   2441.34, 23.73   ,  2429.29, 102.65         ,        2326.64,             0
    1068,   167.7 ,   477.59, 34.17    ,   2425.89, 15.59   ,  2475.65, 200.78         ,        2274.87,             0
    1069,   967.42,  1128.53, 833.89   ,   3115.0 , 13.76   ,  3962.64, 656.44         ,        3306.21,             0
    1070,   696.1 ,  1258.13, 562.57   ,   3412.44, 16.75   ,  3991.76, 747.16         ,        3244.59,             0
    1071,   153.69,  1088.65, 20.16    ,   2890.23, 23.04   ,  2933.43, 628.52         ,        2304.91,             0
    1072,   861.66,  1297.58, 728.13   ,   3820.75, 17.23   ,  4566.11, 774.77         ,        3791.33,             0
    1073,   331.14,   437.7 , 197.61   ,   2170.28, 12.23   ,  2380.12, 172.86         ,        2207.25,             0
    1074, 15642.57, 15642.57, 15509.04 ,  24365.08, 16.68   , 39890.8 , 10816.27       ,       29074.53,             0
    1075,   184.05,   249.66, 50.52    ,   2649.48, 22.34   ,  2722.34, 41.23          ,        2681.1 ,             0
    1076,  1467.36,  1745.03, 1333.83  ,   2298.18, 44.4    ,  3676.41, 1087.99        ,        2588.42,             0
    1077,   700.3 ,   725.66, 566.77   ,   2330.66, 13.95   ,  2911.38, 374.43         ,        2536.95,             0
    1078,  3565.77,  3565.77, 3432.24  ,   5130.67, 17.04   ,  8579.96, 2362.51        ,        6217.45,             0
    1079,   106.73,   214.19, -26.8    ,   3191.06, 20.91   ,  3185.18, 16.4           ,        3168.78,             0
    1080,   583.66,   932.22, 450.13   ,   3251.6 , 19.2    ,  3720.94, 519.03         ,        3201.91,             0
    1081,   345.55,   477.93, 212.02   ,   2394.69, 17.96   ,  2624.67, 201.02         ,        2423.64,             0
    1082,   130.63,   169.8 , -2.9     ,   3418.38, 27.5    ,  3442.98, -14.67         ,        3457.66,             0
    1083,   731.56,  1960.17, 598.03   ,   4698.22, 20.23   ,  5316.48, 1238.59        ,        4077.89,             0
    1084,  1787.04,  2169.5 , 1653.51  ,   3487.1 , 315.3   ,  5455.91, 1385.12        ,        4070.78,             0
    1085,   505.84,   939.84, 372.31   ,   2878.5 , 42.78   ,  3293.59, 524.36         ,        2769.23,             0
    1086,   275.61,   276.71, 142.08   ,   2348.33, 16.75   ,  2507.16, 60.17          ,        2447.0 ,             0
    1087,   112.16,   950.05, -21.37   ,   2863.15, 26.58   ,  2868.36, 531.5          ,        2336.85,             0
    1088,   117.48,   182.67, -16.05   ,   3247.21, 12.2    ,  3243.36, -5.66          ,        3249.02,             0
    1089,  2523.26,  3990.63, 2389.73  ,   9020.75, 307.18  , 11717.66, 2659.91        ,        9057.75,             0
    1090,    29.0 ,   133.53, -104.53  ,   4380.88, 13.5    ,  4289.85, -40.06         ,        4329.91,             0
    1091,  1399.87,  1644.44, 1266.34  ,   3908.21, 231.31  ,  5405.86, 1017.58        ,        4388.28,             0
    1092,   146.07,   322.01, 12.54    ,   2251.5 , 20.92   ,  2284.97, 91.88          ,        2193.09,             0
    1093,   610.99,  1210.45, 477.46   ,   3487.99, 39.8    ,  4005.25, 713.78         ,        3291.46,             0
    1094,    94.55,   334.44, -38.98   ,   2564.93, 19.2    ,  2545.15, 100.58         ,        2444.58,             0
    1095,   144.97,   210.71, 11.44    ,   2876.98, 23.64   ,  2912.05, 13.97          ,        2898.08,             0
    1096,   351.63,   365.14, 218.1    ,   3223.64, 9.38    ,  3451.13, 122.07         ,        3329.06,             0
    1097,   242.87,   345.31, 109.34   ,   2113.18, 15.51   ,  2238.03, 108.19         ,        2129.84,             0
    1098,   416.82,   428.27, 283.29   ,   2117.17, 14.12   ,  2414.58, 166.26         ,        2248.32,             0
    1099,    38.41,   149.11, -95.12   ,   4113.86, 8.1     ,  4026.84, -29.16         ,        4055.99,             0
    1100,  1600.67,  1808.1 , 1467.14  ,   4018.35, 17.38   ,  5502.87, 1132.14        ,        4370.73,             0
    1101,    58.99,   273.47, -74.54   ,   3354.9 , 10.61   ,  3290.97, 57.9           ,        3233.07,             0
    1102,   413.31,   676.22, 279.78   ,   2814.08, 20.85   ,  3114.71, 339.82         ,        2774.89,             0
    1103,   710.57,   936.87, 577.04   ,   3564.55, 11.91   ,  4153.51, 522.28         ,        3631.23,             0
    1104,  2769.0 ,  3298.32, 2635.47  ,   6123.77, 16.78   ,  8776.01, 2175.29        ,        6600.72,             0
    1105,   198.87,   220.44, 65.34    ,   2267.56, 21.96   ,  2354.86, 20.78          ,        2334.08,             0
    1106,    46.52,   282.6 , -87.01   ,   3091.17, 12.84   ,  3017.0 , 64.29          ,        2952.71,             0
    1107,   175.34,   329.38, 41.81    ,   3011.98, 17.24   ,  3071.04, 97.03          ,        2974.0 ,             0
    1108,   649.73,   794.94, 516.2    ,   2548.28, 64.7    ,  3129.18, 422.93         ,        2706.25,             0
    1109,    56.07,   423.69, -77.46   ,   3200.68, 10.56   ,  3133.78, 163.05         ,        2970.73,             0
    1110,   269.27,   410.62, 135.74   ,   2223.64, 9.27    ,  2368.65, 153.91         ,        2214.74,             0
    1111,   501.22,   684.82, 367.69   ,   2724.87, 46.56   ,  3139.12, 345.84         ,        2793.27,             0
    1112,  2264.98,  2400.18, 2131.45  ,   4504.18, 15.6    ,  6651.23, 1546.59        ,        5104.63,             0
    1113,   240.88,   295.87, 107.35   ,   2241.2 , 10.92   ,  2359.46, 73.58          ,        2285.88,             0
    1114,  1510.42,  1735.7 , 1376.89  ,   2422.88, 15.57   ,  3815.34, 1081.46        ,        2733.88,             0
    1115,   530.28,   833.63, 396.75   ,   2346.21, 15.59   ,  2758.55, 450.01         ,        2308.53,             0
    1116,    90.22,   257.64, -43.31   ,   3502.31, 14.22   ,  3473.22, 46.82          ,        3426.4 ,             0
    1117,   426.69,   496.73, 293.16   ,   2161.19, 15.53   ,  2469.88, 214.18         ,        2255.7 ,             0
    1118,  1392.88,  1576.32, 1259.35  ,   3151.71, 45.6    ,  4456.66, 969.9          ,        3486.76,             0
    1119,   559.21,   745.2 , 425.68   ,   2357.21, 17.44   ,  2800.33, 388.11         ,        2412.22,             0
    1120,   112.58,   169.89, -20.95   ,   3400.95, 15.48   ,  3395.47, -14.61         ,        3410.08,             0
    1121,  2074.24,  2074.24, 1940.71  ,   3134.57, 15.59   ,  5090.87, 1318.44        ,        3772.43,             0
    1122,  1184.55,  1227.97, 1051.02  ,   2798.91, 19.23   ,  3869.17, 726.05         ,        3143.11,             0
    1123,  1016.4 ,  1119.51, 882.87   ,   2770.43, 35.87   ,  3689.16, 650.12         ,        3039.04,             0
    1124,  1055.94,  1249.3 , 922.41   ,   2636.16, 111.38  ,  3669.96, 740.98         ,        2928.98,             0
    1125,   554.6 ,   725.43, 421.07   ,   2764.63, 16.68   ,  3202.38, 374.27         ,        2828.11,             0
    1126,   128.61,   206.99, -4.92    ,   2390.25, 13.73   ,  2399.06, 11.36          ,        2387.7 ,             0
    1127,    72.02,   175.06, -61.51   ,   3377.39, 10.63   ,  3326.51, -10.99         ,        3337.51,             0
    1128,  2602.5 ,  2743.47, 2468.97  ,   4837.47, 17.03   ,  7323.47, 1786.9         ,        5536.58,             0
    1129,   141.72,   375.98, 8.19     ,   2343.87, 15.57   ,  2367.62, 129.66         ,        2237.97,             0
    1130,  1157.63,  1707.02, 1024.1   ,   3440.52, 15.48   ,  4480.1 , 1061.39        ,        3418.71,             0
    1131,   543.88,   969.63, 410.35   ,   3352.96, 12.17   ,  3775.49, 545.21         ,        3230.28,             0
    1132,  1200.28,  1639.92, 1066.75  ,   3896.47, 11.37   ,  4974.59, 1014.42        ,        3960.17,             0
    1133,   475.54,  1026.15, 342.01   ,   2943.47, 14.28   ,  3299.77, 584.78         ,        2715.0 ,             0
    1134,   542.72,   774.49, 409.19   ,   2680.5 , 12.12   ,  3101.81, 408.61         ,        2693.19,             0
    1135,  1261.44,  1277.27, 1127.91  ,   3528.56, 13.76   ,  4670.24, 760.56         ,        3909.68,             0
    1136,  1379.06,  1831.66, 1245.53  ,   4598.34, 103.94  ,  5947.81, 1148.63        ,        4799.18,             0
    1137,    67.21,   171.43, -66.32   ,   3570.05, 10.3    ,  3514.03, -13.53         ,        3527.56,             0
    1138,   292.6 ,   530.06, 159.07   ,   2461.69, 15.5    ,  2636.27, 237.51         ,        2398.76,             0
    1139,   660.5 ,   912.6 , 526.97   ,   2539.32, 39.21   ,  3105.5 , 505.29         ,        2600.21,             0
    1140,   516.73,   709.16, 383.2    ,   2904.79, 18.27   ,  3306.26, 362.88         ,        2943.38,             0
    1141,  2801.29,  2945.37, 2667.76  ,   4882.58, 15.53   ,  7565.86, 1928.23        ,        5637.63,             0
    1142,   599.62,   830.09, 466.09   ,   3211.32, 16.67   ,  3694.09, 447.53         ,        3246.56,             0
    1143,   852.2 ,   852.2 , 718.67   ,   2436.73, 14.14   ,  3169.53, 463.01         ,        2706.52,             0
    1144,    19.86,   165.66, -113.67  ,   4120.56, 11.71   ,  4018.59, -17.57         ,        4036.16,             0
    1145,   154.16,   590.56, 20.63    ,   2663.62, 18.67   ,  2702.92, 279.86         ,        2423.06,             0
    1146,   107.33,   517.21, -26.2    ,   2441.51, 24.64   ,  2439.94, 228.52         ,        2211.43,             0
    1147,  3002.81,  3214.48, 2869.28  ,   3404.05, 34.54   ,  6307.87, 2116.6         ,        4191.27,             0
    1148,   912.98,   926.87, 779.45   ,   2636.32, 16.66   ,  3432.43, 515.28         ,        2917.15,             0
    1149,   471.97,   489.85, 338.44   ,   2733.4 , 15.63   ,  3087.47, 209.36         ,        2878.1 ,             0
    1150,  2136.67,  2396.79, 2003.14  ,   2558.05, 143.15  ,  4704.34, 1544.22        ,        3160.13,             0
    1151,   265.5 ,   610.83, 131.97   ,   2501.54, 17.96   ,  2651.47, 294.05         ,        2357.42,             0
    1152,  7073.63,  9676.67, 6940.1   ,  12558.1 , 17.11   , 19515.31, 6640.14        ,       12875.17,             0
    1153,   113.49,   430.25, -20.04   ,   2363.23, 16.7    ,  2359.89, 167.65         ,        2192.24,             0
    1154,   110.3 ,   384.45, -23.23   ,   3022.85, 20.94   ,  3020.56, 135.59         ,        2884.97,             0
    1155,   407.79,  1065.58, 274.26   ,   3112.39, 15.58   ,  3402.23, 612.38         ,        2789.85,             0
    1156,   163.3 ,   306.92, 29.77    ,   2253.76, 16.72   ,  2300.24, 81.31          ,        2218.93,             1
    1157,   146.06,   345.72, 12.53    ,   2316.39, 15.51   ,  2344.43, 108.48         ,        2235.95,             0
    1158,   532.73,  1119.86, 399.2    ,   3241.15, 22.04   ,  3662.4 , 650.37         ,        3012.03,             0
    1159,    57.7 ,   175.44, -75.83   ,   3629.5 , 10.56   ,  3564.22, -10.72         ,        3574.95,             0
    1160,   405.86,   405.86, 272.33   ,   2213.96, 10.74   ,  2497.03, 150.57         ,        2346.46,             0
    1161,   932.86,  1063.48, 799.33   ,   3456.58, 8.13    ,  4264.03, 610.91         ,        3653.13,             0
    1162,   107.89,   246.85, -25.64   ,   2731.34, 15.55   ,  2721.25, 39.26          ,        2681.99,             0
    1163,   495.12,   531.85, 361.59   ,   2134.65, 15.61   ,  2511.85, 238.76         ,        2273.09,             0
    1164,    76.6 ,   228.16, -56.93   ,   2515.8 , 13.9    ,  2472.76, 26.18          ,        2446.58,             0
    1165,   567.27,   698.52, 433.74   ,   2677.6 , 16.68   ,  3128.02, 355.43         ,        2772.59,             0
    1166,    33.32,   133.53, -100.21  ,   4405.43, 10.56   ,  4315.77, -40.06         ,        4355.83,             0
    1167,   401.84,   699.96, 268.31   ,   2658.85, 16.69   ,  2943.85, 356.44         ,        2587.41,             0
    1168,  1176.82,  1881.01, 1043.29  ,   5401.86, 16.76   ,  6461.9 , 1183.18        ,        5278.73,             0
    1169,   109.68,   422.16, -23.85   ,   2760.7 , 4.65    ,  2741.5 , 161.98         ,        2579.52,             0
    1170,   285.23,   399.54, 151.7    ,   2239.32, 12.08   ,  2403.1 , 146.15         ,        2256.95,             0
    1171,   147.5 ,   228.35, 13.97    ,   2910.43, 12.24   ,  2936.64, 26.32          ,        2910.32,             0
    1172,   172.66,   388.72, 39.13    ,   3307.78, 19.83   ,  3366.73, 138.58         ,        3228.16,             0
    1173,    41.08,   144.69, -92.45   ,   4050.6 , 10.61   ,  3968.77, -32.25         ,        4001.02,             0
    1174,    43.33,   153.9 , -90.2    ,   4592.81, 10.62   ,  4513.23, -25.8          ,        4539.03,             0
    1175,  1428.8 ,  1553.4 , 1295.27  ,   2777.35, 15.46   ,  4088.08, 953.85         ,        3134.23,             0
    1176,  1774.09,  2511.14, 1640.56  ,   5606.9 , 270.1   ,  7517.56, 1624.27        ,        5893.29,             0
    1177,   170.25,   460.29, 36.72    ,   2340.67, 16.72   ,  2394.11, 188.67         ,        2205.44,             0
    1178,   180.11,   468.52, 46.58    ,   2337.24, 15.58   ,  2399.39, 194.44         ,        2204.95,             0
    1179,   274.81,   319.61, 141.28   ,   2232.27, 18.15   ,  2391.69, 90.2           ,        2301.49,             0
    1180,   106.25,   633.46, -27.28   ,   3120.44, 8.9     ,  3102.06, 309.89         ,        2792.17,             0
    1181,   479.28,   607.69, 345.75   ,   2270.65, 15.45   ,  2631.85, 291.85         ,        2340.0 ,             0
    1182,  2118.58,  2118.58, 1985.05  ,   2960.69, 9.28    ,  4955.02, 1349.47        ,        3605.54,             0
    1183,    97.63,   315.3 , -35.9    ,   2450.65, 5.95    ,  2420.71, 87.18          ,        2333.52,             0
    1184,   688.5 ,  1512.14, 554.97   ,   4081.01, 63.76   ,  4699.74, 924.97         ,        3774.77,             0
    1185,   431.07,   841.57, 297.54   ,   2493.74, 16.73   ,  2808.01, 455.57         ,        2352.44,             0
    1186,   217.71,   265.08, 84.18    ,   2263.6 , 16.65   ,  2364.43, 52.03          ,        2312.41,             0
    1187,   103.38,   149.51, -30.15   ,   3947.62, 20.94   ,  3938.41, -28.87         ,        3967.28,             0
    1188,    92.02,   211.39, -41.51   ,   2338.35, 15.83   ,  2312.66, 14.45          ,        2298.22,             0
    1189,   544.5 ,   724.52, 410.97   ,   2396.94, 115.03  ,  2922.94, 373.64         ,        2549.31,             0
    1190,   418.57,   755.74, 285.04   ,   2673.98, 60.59   ,  3019.61, 395.49         ,        2624.12,             0
    1191,   106.34,   144.64, -27.19   ,   3643.03, 21.89   ,  3637.73, -32.28         ,        3670.01,             0
    1192,   406.05,  1628.06, 272.52   ,   3734.96, 90.89   ,  4098.37, 1006.11        ,        3092.26,             0
    1193,   372.56,   808.44, 239.03   ,   2703.65, 31.96   ,  2974.64, 432.38         ,        2542.26,             0
    1194,   104.48,   372.57, -29.05   ,   2476.21, 20.95   ,  2468.11, 127.27         ,        2340.84,             0
    1195,   487.7 ,   487.7 , 354.17   ,   2186.62, 10.99   ,  2551.77, 207.86         ,        2343.92,             0
    1196,    71.17,   668.7 , -62.36   ,   2865.0 , 10.75   ,  2813.39, 334.56         ,        2478.83,             0
    1197,   270.42,   828.55, 136.89   ,   2575.91, 16.76   ,  2729.56, 446.45         ,        2283.11,             0
    1198,  1170.38,  1174.24, 1036.85  ,   2916.8 , 16.78   ,  3970.44, 688.44         ,        3282.0 ,             0
    1199,  1190.28,  1235.34, 1056.75  ,   2639.51, 10.78   ,  3707.04, 731.21         ,        2975.83,             0
    1200,    22.16,   192.92, -111.37  ,   3766.65, 10.96   ,  3666.24, 1.52           ,        3664.72,             0
    1201,   556.31,   718.11, 422.78   ,   2504.42, 25.38   ,  2952.57, 369.15         ,        2583.42,             0
    1202,    84.08,   145.29, -49.45   ,   3981.07, 10.25   ,  3941.87, -31.83         ,        3973.69,             0
    1203,   123.83,   516.33, -9.7     ,   2351.51, 20.9    ,  2362.71, 227.9          ,        2134.81,             0
    1204,   384.9 ,   521.27, 251.37   ,   2543.07, 18.76   ,  2813.2 , 231.36         ,        2581.84,             0
    1205,   362.28,   362.28, 228.75   ,   2249.77, 10.76   ,  2489.28, 120.07         ,        2369.21,             0
    1206,   220.69,   336.75, 87.16    ,   2333.33, 20.96   ,  2441.45, 102.2          ,        2339.25,             0
    1207,    32.58,   133.53, -100.95  ,   4150.67, 11.87   ,  4061.58, -40.06         ,        4101.64,             0
    1208,   471.83,   507.6 , 338.3    ,   2284.54, 15.64   ,  2638.48, 221.79         ,        2416.69,             0
    1209,   146.28,   224.7 , 12.75    ,   2131.57, 16.69   ,  2161.01, 23.76          ,        2137.25,             0
    1210,   112.5 ,   142.06, -21.03   ,   3145.91, 17.97   ,  3142.84, -34.09         ,        3176.93,             0
    1211,     6.97,   149.42, -126.56  ,   4216.8 , 7.55    ,  4097.79, -28.94         ,        4126.73,             0
    1212,     9.02,   141.5 , -124.51  ,   4671.07, 10.58   ,  4557.15, -34.48         ,        4591.63,             0
    1213,   111.68,   176.66, -21.85   ,   3230.41, 12.2    ,  3220.76, -9.87          ,        3230.63,             0
    1214,   248.53,   846.81, 115.0    ,   3212.93, 20.29   ,  3348.22, 459.24         ,        2888.98,             0
    1215,   288.21,   677.29, 154.68   ,   2618.98, 20.91   ,  2794.57, 340.57         ,        2454.0 ,             0
    1216,   222.25,   362.23, 88.72    ,   2331.91, 18.99   ,  2439.62, 120.03         ,        2319.59,             0
    1217,   129.65,   316.86, -3.88    ,   2233.33, 14.11   ,  2243.57, 88.27          ,        2155.3 ,             0
    1218,    34.12,   133.53, -99.41   ,   4092.63, 10.65   ,  4003.87, -40.06         ,        4043.93,             0
    1219,   205.13,   307.21, 71.6     ,   2145.48, 19.19   ,  2236.28, 81.52          ,        2154.76,             0
    1220,   152.87,   152.87, 19.34    ,   3648.08, 8.07    ,  3675.48, -26.52         ,        3702.0 ,             0
    1221,   159.56,   208.63, 26.03    ,   3147.11, 12.18   ,  3185.32, 12.51          ,        3172.8 ,             0
    1222,  7303.39,  7742.36, 7169.86  ,   9370.82, 15.52   , 16556.2 , 5286.12        ,       11270.08,             0
    1223,    49.5 ,   163.79, -84.03   ,   3957.4 , 10.36   ,  3883.73, -18.88         ,        3902.61,             0
    1224,   184.25,   257.62, 50.72    ,   2922.56, 9.3     ,  2982.59, 46.8           ,        2935.78,             0
    1225,   161.97,   300.02, 28.44    ,   2505.53, 15.58   ,  2549.55, 76.48          ,        2473.07,             0
    1226,    25.86,   133.53, -107.67  ,   4445.63, 12.56   ,  4350.52, -40.06         ,        4390.58,             0
    1227,   128.84,   399.71, -4.69    ,   2352.09, 21.86   ,  2369.26, 146.26         ,        2222.99,             0
    1228,   204.61,   257.51, 71.08    ,   3266.76, 23.54   ,  3361.38, 46.73          ,        3314.66,             0
    1229,   640.08,   769.43, 506.55   ,   2911.09, 15.58   ,  3433.22, 405.07         ,        3028.14,             0
    1230,   347.37,   684.2 , 213.84   ,   2723.06, 9.51    ,  2946.42, 345.41         ,        2601.0 ,             0
    1231,   599.43,   601.95, 465.9    ,   2159.08, 12.12   ,  2637.1 , 287.84         ,        2349.26,             0
    1232,   616.23,  1015.33, 482.7    ,   3237.4 , 17.57   ,  3737.67, 577.2          ,        3160.47,             0
    1233,   210.0 ,   506.23, 76.47    ,   2710.24, 13.75   ,  2800.47, 220.83         ,        2579.64,             0
    1234,   457.92,   642.18, 324.39   ,   2642.87, 15.46   ,  2982.73, 316.0          ,        2666.73,             0
    1235,  2281.92,  3215.88, 2148.39  ,   3780.34, 286.04  ,  6214.77, 2117.59        ,        4097.18,             0
    1236,   100.03,   418.86, -33.5    ,   2345.27, 19.78   ,  2331.55, 159.67         ,        2171.87,             0
    1237,   214.65,   334.66, 81.12    ,   2500.84, 19.19   ,  2601.16, 100.73         ,        2500.42,             0
    1238,   837.16,   949.34, 703.63   ,   2666.76, 19.07   ,  3389.47, 531.01         ,        2858.46,             0
    1239,   362.34,   436.43, 228.81   ,   2244.82, 17.04   ,  2490.68, 171.97         ,        2318.71,             0
    1240,   375.93,   509.16, 242.4    ,   2164.1 , 23.22   ,  2429.72, 222.88         ,        2206.84,             0
    1241,   424.73,   605.9 , 291.2    ,   2465.39, 28.71   ,  2785.3 , 290.6          ,        2494.69,             0
    1242,   954.85,  1715.65, 821.32   ,   4835.43, 8.16    ,  5664.92, 1067.43        ,        4597.49,             0
    1243,   518.93,   653.77, 385.4    ,   2339.77, 13.76   ,  2738.93, 324.11         ,        2414.82,             0
    1244,    34.91,   595.63, -98.62   ,   3496.1 , 12.12   ,  3409.6 , 283.41         ,        3126.19,             0
    1245,   276.05,   650.97, 142.52   ,   2518.8 , 21.83   ,  2683.15, 322.15         ,        2361.0 ,             0
    1246,  2082.96,  5246.28, 1949.43  ,   7221.9 , 17.29   ,  9188.62, 3538.87        ,        5649.76,             0
    1247,   219.24,   225.36, 85.71    ,   2353.73, 14.15   ,  2453.58, 24.22          ,        2429.36,             0
    1248,  1852.52,  3049.69, 1718.99  ,   5360.59, 14.15   ,  7093.73, 2001.25        ,        5092.48,             0
    1249,   289.6 ,   356.06, 156.07   ,   2181.91, 20.4    ,  2358.37, 115.71         ,        2242.66,             0
    1250,   132.92,   354.62, -0.61    ,   2329.42, 17.97   ,  2346.77, 114.71         ,        2232.07,             0
    1251,    91.75,   182.72, -41.78   ,   3940.17, 25.3    ,  3923.69, -5.62          ,        3929.31,             0
    1252,   621.57,   890.9 , 488.04   ,   2876.87, 15.56   ,  3380.47, 490.1          ,        2890.37,             0
    1253,   497.33,   824.13, 363.8    ,   2411.49, 24.94   ,  2800.23, 443.36         ,        2356.87,             0
    1254,   149.56,   474.58, 16.03    ,   2464.58, 15.53   ,  2496.15, 198.68         ,        2297.47,             0
    1255,   244.75,   276.25, 111.22   ,   3378.17, 19.21   ,  3508.6 , 59.85          ,        3448.75,             0
    1256,   821.0 ,  2225.6 , 687.47   ,   5144.78, 59.67   ,  5891.91, 1424.39        ,        4467.52,             0
    1257,   129.67,   442.84, -3.86    ,   2266.94, 12.22   ,  2275.3 , 176.46         ,        2098.84,             0
    1258,    56.48,   349.73, -77.05   ,   3325.42, 11.25   ,  3259.62, 111.28         ,        3148.34,             0
    1259,   317.19,   394.66, 183.66   ,   2172.49, 10.88   ,  2367.03, 142.73         ,        2224.29,             0
    1260,   101.08,   250.2 , -32.45   ,   2274.29, 23.7    ,  2265.54, 41.61          ,        2223.93,             0
    1261,   998.94,  1783.38, 865.41   ,   4385.49, 12.23   ,  5263.13, 1114.84        ,        4148.29,             0
    1262,  3629.47,  4070.62, 3495.94  ,   4362.93, 57.58   ,  7916.45, 2715.9         ,        5200.55,             0
    1263,   108.62,   643.5 , -24.91   ,   2592.47, 18.64   ,  2586.2 , 316.92         ,        2269.28,             0
    1264,   247.87,   316.05, 114.34   ,   2950.57, 20.58   ,  3085.48, 87.7           ,        2997.78,             0
    1265,   278.04,   390.93, 144.51   ,   2210.89, 20.99   ,  2376.39, 140.12         ,        2236.27,             0
    1266,    54.29,   241.03, -79.24   ,   2639.55, 13.39   ,  2573.7 , 35.19          ,        2538.51,             0
    1267,  1339.27,  1420.63, 1205.74  ,   2615.83, 13.93   ,  3835.5 , 860.91         ,        2974.58,             0
    1268,    64.38,   346.25, -69.15   ,   2729.42, 13.04   ,  2673.3 , 108.84         ,        2564.46,             0
    1269,  2443.22,  2616.73, 2309.69  ,   3198.3 , 13.98   ,  5521.97, 1698.18        ,        3823.79,             0
    1270,   280.58,   401.65, 147.05   ,   2163.32, 20.42   ,  2330.8 , 147.62         ,        2183.17,             0
    1271,   576.02,   785.11, 442.49   ,   2268.68, 15.47   ,  2726.64, 416.04         ,        2310.6 ,             0
    1272,    58.11,   316.91, -75.42   ,   2878.45, 9.39    ,  2812.41, 88.31          ,        2724.11,             0
    1273,    55.0 ,   231.15, -78.53   ,   2650.86, 8.56    ,  2580.88, 28.28          ,        2552.61,             0
    1274,   191.77,   836.2 , 58.24    ,   3008.04, 19.19   ,  3085.48, 451.81         ,        2633.67,             0
    1275,   118.69,   236.81, -14.84   ,   3102.7 , 15.51   ,  3103.36, 32.24          ,        3071.12,             0
    1276,    48.45,   160.71, -85.08   ,   4162.15, 10.63   ,  4087.69, -21.03         ,        4108.73,             0
    1277,  2503.06,  2511.26, 2369.53  ,   2456.91, 15.59   ,  4842.04, 1624.35        ,        3217.68,             0
    1278,   137.96,   326.93, 4.43     ,   2754.84, 20.99   ,  2780.27, 95.32          ,        2684.95,             0
    1279,   433.01,   433.01, 299.48   ,   2677.71, 9.54    ,  2986.73, 169.57         ,        2817.15,             0
    1280,   480.96,  1347.96, 347.43   ,   4070.96, 13.89   ,  4432.29, 810.04         ,        3622.25,             0
    1281,   570.75,   605.66, 437.22   ,   2419.48, 16.69   ,  2873.39, 290.43         ,        2582.96,             0
    1282,   133.69,   419.84, 0.16     ,   2315.93, 13.94   ,  2330.02, 160.36         ,        2169.67,             0
    1283,   156.02,   288.04, 22.49    ,   2285.11, 17.17   ,  2324.76, 68.1           ,        2256.66,             0
    1284,  1396.62,  1850.71, 1263.09  ,   2556.34, 25.99   ,  3845.42, 1161.97        ,        2683.45,             0
    1285,   295.61,   600.3 , 162.08   ,   2499.19, 18.26   ,  2679.53, 286.68         ,        2392.85,             0
    1286,   520.23,   779.93, 386.7    ,   2744.26, 52.16   ,  3183.12, 412.42         ,        2770.7 ,             0
    1287,   283.32,   489.64, 149.79   ,   2369.36, 21.86   ,  2541.01, 209.22         ,        2331.79,             0
    1288,    40.3 ,   160.78, -93.23   ,   3475.99, 13.1    ,  3395.86, -20.98         ,        3416.84,             0
    1289,   117.52,   239.09, -16.01   ,   2418.79, 16.94   ,  2419.71, 33.83          ,        2385.88,             0
    1290,  1914.06,  2353.03, 1780.53  ,   6490.8 , 15.55   ,  8286.87, 1513.59        ,        6773.28,             0
    1291,   173.07,   692.06, 39.54    ,   2874.77, 15.12   ,  2929.43, 350.91         ,        2578.52,             0
    1292,   304.22,   304.22, 170.69   ,   2542.98, 16.68   ,  2730.35, 79.43          ,        2650.92,             0
    1293,   128.37,   399.95, -5.16    ,   2367.36, 18.54   ,  2380.74, 146.44         ,        2234.3 ,             0
    1294,   189.34,   273.97, 55.81    ,   2176.31, 16.69   ,  2248.81, 58.25          ,        2190.57,             0
    1295,   392.05,   956.84, 258.52   ,   2851.41, 16.65   ,  3126.58, 536.26         ,        2590.32,             0
    1296,  1037.45,  1308.29, 903.92   ,   3674.65, 27.51   ,  4606.08, 782.27         ,        3823.8 ,             0
    1297,  1887.83,  2605.01, 1754.3   ,   4864.87, 122.23  ,  6741.4 , 1689.98        ,        5051.42,             0
    1298,    41.0 ,   162.32, -92.53   ,   3573.73, 10.96   ,  3492.16, -19.91         ,        3512.07,             0
    1299,   167.49,   375.83, 33.96    ,   2205.27, 13.83   ,  2253.06, 129.55         ,        2123.51,             0
    1300,  1451.94,  2110.48, 1318.41  ,   5244.38, 15.85   ,  6578.64, 1343.81        ,        5234.83,             0
    1301,   314.93,   610.07, 181.4    ,   2312.51, 20.54   ,  2514.44, 293.52         ,        2220.93,             0
    1302,   114.7 ,   318.33, -18.83   ,   2299.77, 21.89   ,  2302.82, 89.3           ,        2213.52,             0
    1303,   770.47,  1266.12, 636.94   ,   3486.42, 15.46   ,  4138.81, 752.75         ,        3386.06,             0
    1304,    61.16,   318.92, -72.37   ,   2829.45, 12.23   ,  2769.31, 89.72          ,        2679.6 ,             0
    1305,  3772.53,  3772.53, 3639.0   ,   3449.79, 15.5    ,  7104.3 , 2507.24        ,        4597.06,             0
    1306,   548.25,   806.97, 414.72   ,   3016.24, 12.07   ,  3443.03, 431.35         ,        3011.68,             0
    1307,  1220.52,  3571.34, 1086.99  ,   9351.71, 14.13   , 10452.84, 2366.41        ,        8086.43,             0
    1308,  6070.16,  8053.48, 5936.63  ,  12673.93, 16.74   , 18627.3 , 5503.91        ,       13123.39,             0
    1309,    44.72,   137.7 , -88.81   ,   4232.5 , 10.56   ,  4154.25, -37.14         ,        4191.39,             0
    1310,   183.77,   337.75, 50.24    ,   2710.49, 19.08   ,  2779.81, 102.89         ,        2676.91,             0
    1311,   557.23,   934.98, 423.7    ,   3097.04, 10.83   ,  3531.57, 520.95         ,        3010.62,             0
    1312,   139.91,   546.89, 6.38     ,   2479.9 , 13.77   ,  2500.05, 249.29         ,        2250.76,             0
    1313,    43.48,   166.0 , -90.05   ,   3636.11, 12.01   ,  3558.07, -17.33         ,        3575.39,             0
    1314,  1730.66,  1730.66, 1597.13  ,   3562.24, 15.45   ,  5174.83, 1077.93        ,        4096.89,             0
    1315,    77.95,   393.91, -55.58   ,   2689.98, 16.79   ,  2651.19, 142.21         ,        2508.98,             0
    1316,   191.79,   199.75, 58.26    ,   3165.39, 16.92   ,  3240.56, 6.3            ,        3234.27,             0
    1317,  1468.61,  2414.08, 1335.08  ,   3718.5 , 401.12  ,  5454.7 , 1556.33        ,        3898.37,             0
    1318,   610.56,  1046.92, 477.03   ,   2735.05, 18.69   ,  3230.77, 599.31         ,        2631.45,             0
    1319,   327.47,   345.01, 193.94   ,   2071.94, 16.68   ,  2282.56, 107.98         ,        2174.58,             0
    1320,   254.06,   504.97, 120.53   ,   3208.48, 39.17   ,  3368.18, 219.95         ,        3148.22,             0
    1321,   457.3 ,   748.87, 323.77   ,   2348.42, 72.7    ,  2744.89, 390.68         ,        2354.21,             0
    1322,   285.3 ,   299.1 , 151.77   ,   2386.34, 14.12   ,  2552.23, 75.84          ,        2476.39,             0
    1323,    66.11,   178.77, -67.42   ,   3209.77, 13.14   ,  3155.49, -8.39          ,        3163.88,             0
    1324,   104.8 ,   199.64, -28.73   ,   3003.39, 18.78   ,  2993.44, 6.22           ,        2987.22,             0
    1325,   194.21,   414.1 , 60.68    ,   2256.69, 19.19   ,  2336.56, 156.34         ,        2180.22,             0
    1326,   183.09,   302.58, 49.56    ,   2175.13, 17.27   ,  2241.96, 78.28          ,        2163.68,             0
    1327,   291.63,   326.18, 158.1    ,   2090.66, 17.16   ,  2265.92, 94.79          ,        2171.13,             0
    1328,   510.81,   835.24, 377.28   ,   2449.49, 76.79   ,  2903.56, 451.14         ,        2452.42,             0
    1329,   300.58,   664.18, 167.05   ,   2984.67, 10.11   ,  3161.84, 331.4          ,        2830.44,             0
    1330,   129.41,   332.08, -4.12    ,   2340.75, 18.6    ,  2355.23, 98.93          ,        2256.3 ,             0
    1331,    71.73,   273.83, -61.8    ,   3183.71, 7.56    ,  3129.48, 58.15          ,        3071.33,             0
    1332,   250.31,   505.46, 116.78   ,   2516.49, 20.23   ,  2653.5 , 220.29         ,        2433.21,             0
    1333,   850.18,  1036.85, 716.65   ,   2511.22, 15.51   ,  3243.38, 592.27         ,        2651.11,             0
    1334,   245.02,   725.09, 111.49   ,   2642.27, 20.23   ,  2774.0 , 374.03         ,        2399.97,             0
    1335,   501.97,   720.67, 368.44   ,   2304.47, 64.21   ,  2737.12, 370.94         ,        2366.18,             0
    1336,   261.5 ,   402.7 , 127.97   ,   2267.35, 13.97   ,  2409.29, 148.36         ,        2260.93,             0
    1337,  1452.9 ,  1452.9 , 1319.37  ,   3237.59, 15.64   ,  4572.6 , 883.5          ,        3689.1 ,             0
    1338,    79.65,   210.22, -53.88   ,   2625.08, 15.13   ,  2586.33, 13.62          ,        2572.71,             0
    1339,   152.08,   204.37, 18.55    ,   3158.8 , 10.79   ,  3188.14, 9.53           ,        3178.61,             0
    1340,   126.51,   493.7 , -7.02    ,   2980.07, 19.24   ,  2992.28, 212.06         ,        2780.22,             0
    1341,   595.14,  1136.31, 461.61   ,   3493.95, 13.82   ,  3969.37, 661.89         ,        3307.48,             0
    1342,   109.94,   187.42, -23.59   ,   4172.58, 18.05   ,  4167.04, -2.34          ,        4169.37,             0
    1343,   266.32,   281.78, 132.79   ,   2513.06, 20.89   ,  2666.74, 63.72          ,        2603.03,             0
    1344,   224.7 ,   397.5 , 91.17    ,   2352.24, 20.89   ,  2464.3 , 144.72         ,        2319.58,             0
    1345,   782.79,   793.67, 649.26   ,   2382.94, 13.85   ,  3046.05, 422.04         ,        2624.01,             0
    1346,   553.85,  1217.41, 420.32   ,   3285.92, 13.77   ,  3720.02, 718.65         ,        3001.36,             0
    1347,    94.13,   433.13, -39.4    ,   2584.95, 20.36   ,  2565.92, 169.66         ,        2396.25,             0
    1348,   226.34,   283.9 , 92.81    ,   2432.11, 16.68   ,  2541.6 , 65.2           ,        2476.41,             0
    1349,   411.73,   517.82, 278.2    ,   2254.2 , 15.58   ,  2547.98, 228.94         ,        2319.04,             0
    1350,    84.51,   255.24, -49.02   ,   3222.32, 17.02   ,  3190.32, 45.14          ,        3145.18,             0
    1351,   977.13,   993.71, 843.6    ,   2677.93, 12.22   ,  3533.74, 562.06         ,        2971.68,             0
    1352,   206.22,   277.25, 72.69    ,   2133.36, 18.38   ,  2224.43, 60.55          ,        2163.89,             0
    1353,  1227.63,  1790.65, 1094.1   ,   4152.25, 82.73   ,  5329.08, 1119.93        ,        4209.16,             0
    1354,   309.09,   493.39, 175.56   ,   2307.36, 20.99   ,  2503.92, 211.84         ,        2292.08,             0
    1355,    92.8 ,   275.06, -40.73   ,   3534.85, 12.74   ,  3506.86, 59.01          ,        3447.85,             0
    1356,   440.81,   621.68, 307.28   ,   2584.45, 15.48   ,  2907.2 , 301.65         ,        2605.56,             0
    1357,    65.38,   326.88, -68.15   ,   2756.24, 13.43   ,  2701.53, 95.28          ,        2606.24,             0
    1358,  1367.16,  1421.88, 1233.63  ,   4094.97, 47.22   ,  5375.81, 861.78         ,        4514.03,             0
    1359,  1745.78,  2321.75, 1612.25  ,   4568.57, 288.24  ,  6469.06, 1491.69        ,        4977.36,             0
    1360,   168.17,   531.33, 34.64    ,   2338.32, 15.46   ,  2388.42, 238.4          ,        2150.02,             0
    1361,   304.45,   515.6 , 170.92   ,   2372.53, 23.31   ,  2566.76, 227.39         ,        2339.37,             0
    1362,   935.21,  2183.74, 801.68   ,   4686.29, 177.95  ,  5665.92, 1395.09        ,        4270.83,             0
    1363,    97.64,   257.99, -35.89   ,   3268.21, 18.65   ,  3250.97, 47.06          ,        3203.91,             0
    1364,  2682.59,  3806.63, 2549.06  ,   6276.5 , 16.68   ,  8842.25, 2531.11        ,        6311.13,             0
    1365,   100.24,   325.76, -33.29   ,   2605.99, 20.98   ,  2593.68, 94.5           ,        2499.18,             0
    1366,    89.87,   150.79, -43.66   ,   3606.48, 13.26   ,  3576.08, -27.97         ,        3604.06,             0
    1367,   253.99,   304.78, 120.46   ,   3866.82, 18.17   ,  4005.45, 79.82          ,        3925.63,             1
    1368,   470.35,   470.35, 336.82   ,   2269.26, 13.76   ,  2619.83, 195.71         ,        2424.12,             0
    1369,    39.26,   150.68, -94.27   ,   4010.63, 8.64    ,  3924.99, -28.05         ,        3953.04,             0
    1370,   287.69,   332.34, 154.16   ,   2192.78, 16.72   ,  2363.66, 99.11          ,        2264.55,             0
    1371,   788.38,  1460.14, 654.85   ,   3754.48, 30.74   ,  4440.06, 888.57         ,        3551.49,             0
    1372,    72.64,   265.34, -60.89   ,   2339.36, 10.64   ,  2289.11, 52.21          ,        2236.9 ,             0
    1373,   258.08,   416.8 , 124.55   ,   2528.6 , 17.96   ,  2671.1 , 158.23         ,        2512.88,             0
    1374,  1919.09,  3815.49, 1785.56  ,   7129.28, 363.89  ,  9278.73, 2537.31        ,        6741.42,             0
    1375,   887.51,  1392.94, 753.98   ,   3437.46, 82.89   ,  4274.33, 841.53         ,        3432.81,             0
    1376,   407.66,   449.99, 274.13   ,   2185.24, 18.06   ,  2477.42, 181.46         ,        2295.96,             0
    1377,   268.89,   579.56, 135.36   ,   2950.71, 15.51   ,  3101.58, 272.16         ,        2829.42,             0
    1378,   524.45,  1328.85, 390.92   ,   3453.64, 16.67   ,  3861.23, 796.67         ,        3064.56,             0
    1379,   273.0 ,   284.71, 139.47   ,   3215.88, 18.29   ,  3373.64, 65.77          ,        3307.87,             0
    1380,  1196.06,  1197.44, 1062.53  ,   2660.22, 12.51   ,  3735.27, 704.68         ,        3030.59,             0
    1381,  1275.87,  1856.4 , 1142.34  ,   4084.97, 33.12   ,  5260.42, 1165.95        ,        4094.47,             0
    1382,   451.29,   451.29, 317.76   ,   2281.72, 13.76   ,  2613.24, 182.37         ,        2430.87,             0
    1383,   975.22,  1474.12, 841.69   ,   4088.63, 205.42  ,  5135.74, 898.35         ,        4237.38,             0
    1384,   130.58,   183.63, -2.95    ,   2497.85, 20.65   ,  2515.56, -4.99          ,        2520.55,             0
    1385,    24.64,   200.13, -108.89  ,   3807.55, 12.6    ,  3711.27, 6.56           ,        3704.7 ,             0
    1386,   262.74,   996.84, 129.21   ,   2603.72, 20.9    ,  2753.83, 564.25         ,        2189.57,             0
    1387,   506.91,   584.83, 373.38   ,   2699.05, 37.01   ,  3109.44, 275.85         ,        2833.59,             0
    1388,    93.33,   715.84, -40.2    ,   3053.55, 20.98   ,  3034.33, 367.56         ,        2666.77,             0
    1389,    63.27,   156.79, -70.26   ,   4099.45, 8.65    ,  4037.84, -23.77         ,        4061.62,             0
    1390,   158.11,   236.18, 24.58    ,   2448.51, 20.91   ,  2494.0 , 31.8           ,        2462.2 ,             0
    1391,    24.28,   144.05, -109.25  ,   4166.83, 10.61   ,  4068.19, -32.69         ,        4100.89,             0
    1392,  2322.9 ,  3215.67, 2189.37  ,   6174.82, 10.84   ,  8375.03, 2117.44        ,        6257.6 ,             0
    1393,    45.82,   212.14, -87.71   ,   3452.29, 12.62   ,  3377.21, 14.97          ,        3362.24,             0
    1394,   263.51,   272.09, 129.98   ,   2092.47, 13.77   ,  2236.22, 56.93          ,        2179.29,             0
    1395,    89.93,   432.42, -43.6    ,   2468.4 , 10.96   ,  2435.77, 169.16         ,        2266.6 ,             0
    1396,   139.37,   295.65, 5.84     ,   2628.24, 24.26   ,  2658.34, 73.43          ,        2584.91,             0
    1397,    73.58,   167.77, -59.95   ,   2699.05, 10.64   ,  2649.74, -16.09         ,        2665.83,             0
    1398,   100.88,   250.37, -32.65   ,   2671.37, 23.62   ,  2662.34, 41.73          ,        2620.61,             0
    1399,   489.54,  1940.1 , 356.01   ,   6092.07, 15.96   ,  6464.05, 1224.54        ,        5239.51,             0
    1400,  2558.0 ,  3505.91, 2424.47  ,   6452.81, 155.02  ,  9032.3 , 2320.61        ,        6711.69,             0
    1401,   135.98,   381.85, 2.45     ,   2356.68, 18.3    ,  2377.43, 133.76         ,        2243.67,             0
    1402,   602.84,  1101.55, 469.31   ,   3260.99, 17.96   ,  3748.27, 637.56         ,        3110.71,             0
    1403,    73.58,   204.1 , -59.95   ,   2638.13, 9.88    ,  2588.06, 9.34           ,        2578.73,             0
    1404,   814.11,   988.52, 680.58   ,   2675.39, 16.68   ,  3372.65, 558.43         ,        2814.21,             0
    1405,   740.1 ,   915.28, 606.57   ,   2397.08, 18.01   ,  3021.66, 507.16         ,        2514.5 ,             0
    1406,    62.43,   268.87, -71.1    ,   2598.78, 12.45   ,  2540.13, 54.68          ,        2485.45,             0
    1407,   152.46,   426.75, 18.93    ,   2304.47, 21.0    ,  2344.4 , 165.2          ,        2179.2 ,             0
    1408,   279.52,   312.33, 145.99   ,   2502.09, 13.83   ,  2661.92, 85.1           ,        2576.82,             0
    1409,    26.46,   165.81, -107.07  ,   4010.54, 9.54    ,  3913.01, -17.46         ,        3930.47,             0
    1410,    46.64,   166.45, -86.89   ,   3863.84, 11.04   ,  3787.99, -17.01         ,        3805.0 ,             0
    1411,    63.69,   192.01, -69.84   ,   2984.69, 11.88   ,  2926.72, 0.88           ,        2925.84,             0
    1412,    58.75,   213.13, -74.78   ,   3013.98, 8.59    ,  2947.79, 15.66          ,        2932.13,             0
    1413,   166.89,   791.56, 33.36    ,   2888.21, 21.02   ,  2942.58, 420.56         ,        2522.02,             0
    1414,    92.38,   160.94, -41.15   ,   3585.79, 12.68   ,  3557.33, -20.87         ,        3578.2 ,             0
    1415,   140.87,   543.17, 7.34     ,   3159.19, 13.77   ,  3180.3 , 246.69         ,        2933.61,             0
    1416,   319.61,   464.45, 186.08   ,   2450.78, 13.76   ,  2650.62, 191.58         ,        2459.04,             0
    1417,   368.25,   410.01, 234.72   ,   2193.01, 16.75   ,  2444.48, 153.48         ,        2291.0 ,             0
    1418,   234.41,   369.61, 100.88   ,   2894.01, 16.74   ,  3011.63, 125.2          ,        2886.43,             0
    1419,   187.64,   384.69, 54.11    ,   2250.49, 20.33   ,  2324.93, 135.75         ,        2189.18,             0
    1420,   279.56,  1131.09, 146.03   ,   3875.6 , 12.2    ,  4033.82, 658.23         ,        3375.59,             0
    1421,   386.42,  1264.68, 252.89   ,   3175.42, 13.99   ,  3442.3 , 751.74         ,        2690.56,             0
    1422,   373.48,   646.28, 239.95   ,   2383.07, 25.38   ,  2648.4 , 318.87         ,        2329.53,             0
    1423,   392.86,   517.06, 259.33   ,   2307.67, 16.64   ,  2583.64, 228.41         ,        2355.22,             0
    1424,   129.71,   430.73, -3.82    ,   2327.5 , 19.21   ,  2342.89, 167.98         ,        2174.91,             0
    1425,    40.29,   199.01, -93.24   ,   3768.45, 8.2     ,  3683.41, 5.78           ,        3677.64,             0
    1426,  2036.48,  2433.13, 1902.95  ,   3654.88, 109.71  ,  5667.54, 1569.66        ,        4097.88,             0
    1427,   694.61,   952.68, 561.08   ,   2921.61, 35.49   ,  3518.19, 533.35         ,        2984.84,             0
    1428,   849.72,   858.68, 716.19   ,   2795.21, 16.76   ,  3528.15, 467.54         ,        3060.61,             0
    1429,   403.42,   403.42, 269.89   ,   2700.65, 8.13    ,  2978.67, 148.87         ,        2829.8 ,             0
    1430,  1855.74,  1982.18, 1722.21  ,   2827.54, 16.75   ,  4566.5 , 1254.0         ,        3312.5 ,             0
    1431,  2322.88,  3077.54, 2189.35  ,   4524.75, 14.17   ,  6728.26, 2020.74        ,        4707.52,             0
    1432,    59.32,   145.04, -74.21   ,   4154.79, 13.14   ,  4093.72, -32.0          ,        4125.73,             0
    1433,   530.88,  1168.97, 397.35   ,   3735.19, 15.52   ,  4148.06, 684.75         ,        3463.3 ,             0
    1434,    94.92,   133.53, -38.61   ,   4038.58, 15.79   ,  4015.77, -40.06         ,        4055.83,             1
    1435,  3136.24,  4491.29, 3002.71  ,   5528.91, 885.01  ,  9416.63, 3010.37        ,        6406.26,             0
    1436,    97.29,   181.11, -36.24   ,   2473.82, 19.16   ,  2456.74, -6.75          ,        2463.49,             0
    1437,    55.41,   237.15, -78.12   ,   3562.25, 10.67   ,  3494.81, 32.47          ,        3462.33,             0
    1438,  1112.7 ,  1703.37, 979.17   ,   3895.18, 16.75   ,  4891.1 , 1058.83        ,        3832.27,             0
    1439,  2784.12,  3236.37, 2650.59  ,   4676.73, 421.09  ,  7748.41, 2131.93        ,        5616.48,             0
    1440,   396.58,   400.12, 263.05   ,   2470.68, 14.69   ,  2748.42, 146.55         ,        2601.87,             0
    1441,   501.75,   676.75, 368.22   ,   2526.93, 16.65   ,  2911.81, 340.2          ,        2571.61,             0
    1442,   607.84,   652.99, 474.31   ,   2349.34, 16.74   ,  2840.39, 323.56         ,        2516.83,             0
    1443,    57.01,   186.41, -76.52   ,   2776.42, 10.56   ,  2710.46, -3.04          ,        2713.5 ,             0
    1444,  2376.62,  3460.3 , 2243.09  ,   6532.7 , 241.05  ,  9016.84, 2288.68        ,        6728.16,             0
    1445,   265.91,   413.23, 132.38   ,   2593.21, 17.97   ,  2743.56, 155.73         ,        2587.83,             0
    1446,  1375.55,  2129.65, 1242.02  ,   4488.68, 15.53   ,  5746.23, 1357.22        ,        4389.01,             0
    1447,    55.47,   151.07, -78.06   ,   3734.12, 9.81    ,  3665.87, -27.78         ,        3693.65,             0
    1448,   839.4 ,   839.4 , 705.87   ,   2919.93, 15.51   ,  3641.31, 454.05         ,        3187.27,             0
    1449,   261.52,   350.7 , 127.99   ,   2293.82, 15.58   ,  2437.4 , 111.96         ,        2325.44,             0
    1450,  4294.2 ,  7687.37, 4160.67  ,   8968.85, 174.51  , 13304.03, 5247.63        ,        8056.4 ,             0
    1451,   229.55,   298.59, 96.02    ,   2425.15, 15.56   ,  2536.72, 75.48          ,        2461.24,             0
    1452,   225.05,   225.05, 91.52    ,   2837.44, 14.02   ,  2942.98, 24.01          ,        2918.97,             0
    1453,   451.35,   516.05, 317.82   ,   2352.61, 53.85   ,  2724.28, 227.71         ,        2496.57,             0
    1454,    61.31,   203.69, -72.22   ,   3110.66, 7.93    ,  3046.36, 9.06           ,        3037.31,             0
    1455,    68.29,   302.51, -65.24   ,   2730.1 , 10.29   ,  2675.15, 78.23          ,        2596.92,             0
    1456,   354.86,   476.06, 221.33   ,   2498.09, 15.63   ,  2735.04, 199.71         ,        2535.33,             0
    1457,   816.15,  1194.44, 682.62   ,   3265.4 , 36.09   ,  3984.1 , 702.57         ,        3281.53,             0
    1458,   686.65,   754.69, 553.12   ,   2332.44, 10.75   ,  2896.3 , 394.75         ,        2501.55,             0
    1459,   115.3 ,   256.96, -18.23   ,   2817.78, 15.46   ,  2815.01, 46.34          ,        2768.67,             0
    1460,   187.64,   263.91, 54.11    ,   2868.88, 17.18   ,  2940.18, 51.21          ,        2888.97,             0
    1461,   864.47,  1311.95, 730.94   ,   4212.28, 58.82   ,  5002.04, 784.84         ,        4217.21,             0
    1462,   199.84,   537.29, 66.31    ,   2461.97, 23.69   ,  2551.96, 242.57         ,        2309.39,             0
    1463,   973.59,  1503.73, 840.06   ,   3366.74, 14.15   ,  4220.95, 919.08         ,        3301.87,             0
    1464,   570.08,   812.56, 436.55   ,   2967.5 , 29.85   ,  3433.9 , 435.26         ,        2998.63,             0
    1465,    55.2 ,   140.75, -78.33   ,   3531.93, 10.65   ,  3464.26, -35.0          ,        3499.26,             0
    1466,   541.24,  2112.03, 407.71   ,   4098.14, 16.03   ,  4521.87, 1344.89        ,        3176.98,             0
    1467,  1065.47,  1065.47, 931.94   ,   2427.19, 13.76   ,  3372.89, 612.3          ,        2760.59,             0
    1468,    72.05,   177.9 , -61.48   ,   2740.35, 18.51   ,  2697.38, -9.0           ,        2706.38,             0
    1469,   250.84,   337.87, 117.31   ,   2506.55, 18.35   ,  2642.21, 102.98         ,        2539.23,             0
    1470,    55.81,   373.58, -77.72   ,   3495.87, 13.14   ,  3431.29, 127.98         ,        3303.31,             0
    1471,    90.24,   150.46, -43.29   ,   3229.65, 21.1    ,  3207.46, -28.21         ,        3235.67,             0
    1472,  2890.33,  2890.33, 2756.8   ,   3507.5 , 10.88   ,  6275.19, 1889.7         ,        4385.48,             0
    1473,   279.75,   634.54, 146.22   ,   2432.06, 15.5    ,  2593.78, 310.65         ,        2283.13,             0
    1474,   189.67,   501.54, 56.14    ,   2840.93, 21.85   ,  2918.91, 217.54         ,        2701.37,             0
    1475,   114.76,   550.05, -18.77   ,   2558.5 , 14.17   ,  2553.9 , 251.5          ,        2302.4 ,             0
    1476,   497.11,   599.56, 363.58   ,   2664.82, 19.23   ,  3047.63, 286.16         ,        2761.47,             0
    1477,  1399.34,  2245.78, 1265.81  ,   5349.38, 101.89  ,  6717.08, 1438.52        ,        5278.56,             0
    1478,   369.78,   400.87, 236.25   ,   2166.95, 15.46   ,  2418.66, 147.08         ,        2271.58,             1
    1479,   385.01,   482.46, 251.48   ,   2369.52, 19.2    ,  2640.2 , 204.2          ,        2436.01,             0
    1480,   175.13,   790.48, 41.6     ,   2755.96, 9.41    ,  2806.97, 419.8          ,        2387.17,             0
    1481,   738.55,   926.75, 605.02   ,   2462.44, 15.48   ,  3082.95, 515.19         ,        2567.76,             0
    1482,    89.88,   455.1 , -43.65   ,   2444.1 , 20.21   ,  2420.66, 185.04         ,        2235.62,             0
    1483,  1615.55,  1922.51, 1482.02  ,   3188.27, 152.94  ,  4823.23, 1212.22        ,        3611.01,             0
    1484,   115.12,   624.1 , -18.41   ,   2547.51, 17.11   ,  2546.22, 303.34         ,        2242.88,             0
    1485,   848.04,   848.04, 714.51   ,   2731.03, 13.46   ,  3459.01, 460.1          ,        2998.91,             0
    1486,    95.52,   319.55, -38.01   ,   2367.02, 13.38   ,  2342.39, 90.15          ,        2252.23,             0
    1487,   719.09,   874.78, 585.56   ,   2828.04, 18.61   ,  3432.2 , 478.82         ,        2953.39,             0
    1488,   583.93,  1149.89, 450.4    ,   3327.79, 154.75  ,  3932.93, 671.39         ,        3261.54,             0
    1489,   313.68,   365.25, 180.15   ,   2353.2 , 14.04   ,  2547.39, 122.15         ,        2425.24,             0
    1490,   233.23,   382.2 , 99.7     ,   2161.08, 16.74   ,  2277.51, 134.01         ,        2143.5 ,             0
    1491,   156.73,   205.67, 23.2     ,   2742.08, 14.17   ,  2779.46, 10.44          ,        2769.02,             0
    1492,   822.47,   859.19, 688.94   ,   2725.37, 18.29   ,  3432.6 , 467.9          ,        2964.7 ,             0
    1493,    26.44,   292.16, -107.09  ,   3524.11, 12.49   ,  3429.51, 70.98          ,        3358.53,             0
    1494,  2240.34,  3689.51, 2106.81  ,   8088.31, 178.66  , 10373.78, 2449.13        ,        7924.66,             0
    1495,   615.8 ,   717.27, 482.27   ,   2735.49, 19.22   ,  3236.97, 368.56         ,        2868.41,             0
    1496,   166.21,   209.36, 32.68    ,   2431.93, 21.87   ,  2486.47, 13.02          ,        2473.46,             0
    1497,  1666.47,  3232.27, 1532.94  ,   7024.4 , 361.2   ,  8918.54, 2129.06        ,        6789.48,             0
    1498,   268.85,   802.33, 135.32   ,   2627.66, 23.39   ,  2786.37, 428.1          ,        2358.27,             0
    1499,  1949.6 ,  2159.04, 1816.07  ,   3712.1 , 12.22   ,  5540.39, 1377.8         ,        4162.59,             0
    1500,   510.77,   510.77, 377.24   ,   2650.63, 12.17   ,  3040.05, 224.01         ,        2816.03,             0
    1501,   980.54,  1484.54, 847.01   ,   3682.1 , 16.66   ,  4545.77, 905.65         ,        3640.13,             0
    1502,    58.29,   152.59, -75.24   ,   3829.21, 7.58    ,  3761.55, -26.72         ,        3788.27,             0
    1503,    21.81,   153.07, -111.72  ,   4370.8 , 10.5    ,  4269.58, -26.38         ,        4295.96,             0
    1504,   185.2 ,   253.62, 51.67    ,   2416.71, 17.41   ,  2485.79, 44.0           ,        2441.79,             0
    1505,   588.38,   790.18, 454.85   ,   2692.12, 17.12   ,  3164.09, 419.6          ,        2744.49,             0
    1506,  2111.94,  2224.4 , 1978.41  ,   3287.97, 14.0    ,  5280.39, 1423.55        ,        3856.84,             0
    1507,   307.82,   370.09, 174.29   ,   2368.11, 16.67   ,  2559.07, 125.53         ,        2433.54,             0
    1508,   429.87,   799.09, 296.34   ,   3026.97, 17.29   ,  3340.6 , 425.83         ,        2914.77,             0
    1509,   948.37,  1040.9 , 814.84   ,   3139.48, 31.82   ,  3986.14, 595.1          ,        3391.04,             0
    1510,   300.92,   515.22, 167.39   ,   2531.38, 18.51   ,  2717.28, 227.12         ,        2490.16,             0
    1511,    31.46,   149.04, -102.07  ,   4238.09, 10.55   ,  4146.56, -29.2          ,        4175.76,             0
    1512,   621.1 ,  1695.16, 487.57   ,   3783.37, 68.29   ,  4339.22, 1053.08        ,        3286.14,             0
    1513,    47.94,   143.07, -85.59   ,   3848.84, 9.32    ,  3772.57, -33.38         ,        3805.95,             0
    1514,    90.84,   140.79, -42.69   ,   3303.91, 12.76   ,  3273.98, -34.98         ,        3308.95,             0
    1515,   534.9 ,   722.12, 401.37   ,   2288.85, 15.46   ,  2705.67, 371.95         ,        2333.72,             0
    1516,  2428.75,  2484.59, 2295.22  ,   5148.22, 15.56   ,  7459.0 , 1605.68        ,        5853.32,             0
    1517,   248.84,   379.42, 115.31   ,   2759.39, 22.34   ,  2897.04, 132.06         ,        2764.97,             0
    1518,  2815.13,  3837.36, 2681.6   ,   6738.82, 16.77   ,  9437.18, 2552.62        ,        6884.56,             0
    1519,   159.74,   290.16, 26.21    ,   2838.84, 8.89    ,  2873.94, 69.58          ,        2804.35,             0
    1520,   386.99,   428.07, 253.46   ,   2225.64, 15.62   ,  2494.72, 166.12         ,        2328.6 ,             0
    1521,    13.0 ,   166.58, -120.53  ,   4461.65, 10.56   ,  4351.67, -16.93         ,        4368.6 ,             0
    1522,   827.51,  1288.58, 693.98   ,   3262.87, 208.42  ,  4165.27, 768.47         ,        3396.8 ,             0
    1523,  1666.97,  1840.8 , 1533.44  ,   2720.24, 15.55   ,  4269.24, 1155.03        ,        3114.21,             0
    1524,  1997.54,  2100.28, 1864.01  ,   2458.15, 12.2    ,  4334.36, 1336.67        ,        2997.69,             0
    1525,   145.8 ,   243.58, 12.27    ,   2909.68, 19.19   ,  2941.15, 36.97          ,        2904.17,             0
    1526,    45.75,   284.58, -87.78   ,   2750.75, 11.68   ,  2674.66, 65.68          ,        2608.98,             0
    1527,   228.73,   292.01, 95.2     ,   2718.72, 13.77   ,  2827.69, 70.88          ,        2756.82,             0
    1528,   108.54,   253.28, -24.99   ,   2295.48, 19.2    ,  2289.69, 43.77          ,        2245.92,             0
    1529,   183.69,   324.24, 50.16    ,   2587.8 , 17.98   ,  2655.94, 93.44          ,        2562.5 ,             0
    1530,    33.3 ,   160.14, -100.23  ,   4221.58, 12.18   ,  4133.52, -21.43         ,        4154.95,             0
    1531,   925.58,   987.26, 792.05   ,   2876.43, 15.47   ,  3683.94, 557.55         ,        3126.4 ,             0
    1532,   130.63,   669.18, -2.9     ,   2494.36, 17.74   ,  2509.19, 334.89         ,        2174.3 ,             0
    1533,   572.7 ,   665.51, 439.17   ,   2370.12, 15.52   ,  2824.8 , 332.33         ,        2492.47,             0
    1534,   659.79,  1157.23, 526.26   ,   3712.21, 10.77   ,  4249.24, 676.53         ,        3572.71,             0
    1535,    26.32,   228.39, -107.21  ,   3539.19, 13.04   ,  3445.02, 26.34          ,        3418.68,             0
    1536,    75.5 ,   295.31, -58.03   ,   3220.46, 9.65    ,  3172.07, 73.19          ,        3098.89,             0
    1537,   326.31,   484.6 , 192.78   ,   2401.1 , 13.94   ,  2607.82, 205.69         ,        2402.12,             0
    1538,   343.08,   878.15, 209.55   ,   3194.9 , 20.98   ,  3425.43, 481.17         ,        2944.26,             0
    1539,    49.05,   133.53, -84.48   ,   3320.93, 12.14   ,  3248.58, -40.06         ,        3288.64,             1
    1540,   363.34,   441.97, 229.81   ,   2140.45, 13.8    ,  2384.06, 175.85         ,        2208.21,             0
    1541,   121.48,   333.06, -12.05   ,   2222.91, 19.2    ,  2230.06, 99.61          ,        2130.45,             0
    1542,   157.29,   672.21, 23.76    ,   2633.94, 16.66   ,  2674.36, 337.02         ,        2337.34,             0
    1543,   126.29,   347.15, -7.24    ,   2216.18, 9.49    ,  2218.43, 109.47         ,        2108.96,             0
    1544,   162.64,   168.06, 29.11    ,   3058.16, 15.57   ,  3102.84, -15.88         ,        3118.73,             0
    1545,  3447.96,  4930.55, 3314.43  ,   5395.9 , 263.4   ,  8973.73, 3317.85        ,        5655.87,             0
    1546,   192.92,   483.75, 59.39    ,   2221.56, 41.51   ,  2322.47, 205.09         ,        2117.37,             0
    1547,   452.22,   807.58, 318.69   ,   2644.14, 16.95   ,  2979.78, 431.78         ,        2548.0 ,             0
    1548,  3740.9 ,  3740.9 , 3607.37  ,   4213.64, 14.11   ,  7835.11, 2485.1         ,        5350.02,             0
    1549,   495.41,   495.41, 361.88   ,   2709.4 , 15.52   ,  3086.8 , 213.26         ,        2873.54,             0
    1550,   238.24,   687.32, 104.71   ,   3032.25, 19.23   ,  3156.19, 347.6          ,        2808.59,             0
    1551,   259.36,   362.03, 125.83   ,   2273.95, 18.84   ,  2418.62, 119.89         ,        2298.73,             0
    1552,  2354.95,  4799.65, 2221.42  ,   9257.73, 185.51  , 11664.66, 3226.22        ,        8438.43,             0
    1553,    78.7 ,   170.74, -54.83   ,   3933.34, 15.52   ,  3894.03, -14.01         ,        3908.04,             0
    1554,  1849.7 ,  2150.28, 1716.17  ,   4537.85, 16.79   ,  6270.81, 1371.66        ,        4899.15,             0
    1555,   838.14,  1243.85, 704.61   ,   3056.28, 15.58   ,  3776.47, 737.16         ,        3039.31,             0
    1556,  2200.58,  2405.05, 2067.05  ,   5579.98, 195.26  ,  7842.29, 1550.0         ,        6292.29,             0
    1557,  1699.81,  2592.89, 1566.28  ,   6349.11, 90.5    ,  8005.88, 1681.5         ,        6324.38,             0
    1558,  3015.03,  3015.03, 2881.5   ,   4068.53, 14.07   ,  6964.09, 1976.99        ,        4987.1 ,             0
    1559,   932.61,  1263.33, 799.08   ,   3395.47, 18.8    ,  4213.35, 750.8          ,        3462.56,             0
    1560,  4430.96,  4430.96, 4297.43  ,   6368.85, 15.51   , 10681.79, 2968.14        ,        7713.65,             0
    1561,  1235.97,  2073.28, 1102.44  ,   5977.21, 16.68   ,  7096.34, 1317.77        ,        5778.57,             0
    1562,    97.52,   478.3 , -36.01   ,   2431.56, 25.43   ,  2420.98, 201.28         ,        2219.7 ,             0
    1563,   147.28,   355.13, 13.75    ,   2245.96, 13.84   ,  2273.54, 115.06         ,        2158.48,             0
    1564,   358.44,   791.5 , 224.91   ,   2549.23, 19.17   ,  2793.32, 420.52         ,        2372.79,             0
    1565,   164.71,   230.04, 31.18    ,   2634.68, 12.16   ,  2678.02, 27.5           ,        2650.52,             0
    1566,  1555.1 ,  1730.49, 1421.57  ,   2888.69, 107.94  ,  4418.21, 1077.81        ,        3340.4 ,             0
    1567,  1233.75,  1233.75, 1100.22  ,   3122.82, 13.74   ,  4236.78, 730.09         ,        3506.69,             0
    1568,   223.07,   288.93, 89.54    ,   3218.44, 19.6    ,  3327.59, 68.72          ,        3258.87,             0
    1569,    99.37,   384.79, -34.16   ,   2304.73, 16.66   ,  2287.24, 135.82         ,        2151.42,             0
    1570,   266.92,   629.86, 133.39   ,   2628.88, 20.31   ,  2782.58, 307.37         ,        2475.21,             0
    1571,    43.55,   174.67, -89.98   ,   4237.91, 10.71   ,  4158.64, -11.26         ,        4169.9 ,             0
    1572,   463.89,   636.91, 330.36   ,   2344.43, 18.58   ,  2693.38, 312.3          ,        2381.08,             0
    1573,   154.96,   597.52, 21.43    ,   2475.54, 19.21   ,  2516.17, 284.73         ,        2231.44,             0
    1574, 14236.22, 19165.12, 14102.69 ,  20114.42, 758.26  , 34975.36, 13282.06       ,       21693.31,             0
    1575,   227.73,   236.39, 94.2     ,   3434.56, 12.95   ,  3541.71, 31.94          ,        3509.77,             0
    1576,   328.64,   499.1 , 195.11   ,   2211.2 , 15.54   ,  2421.86, 215.84         ,        2206.01,             0
    1577,   891.61,  1108.56, 758.08   ,   2341.63, 16.41   ,  3116.11, 642.46         ,        2473.65,             0
    1578,    33.39,   140.1 , -100.14  ,   3720.19, 11.6    ,  3631.65, -35.46         ,        3667.11,             0
    1579,   307.78,   355.77, 174.25   ,   2097.55, 19.22   ,  2291.03, 115.51         ,        2175.52,             0
    1580,   710.41,  1542.41, 576.88   ,   4471.12, 180.76  ,  5228.76, 946.16         ,        4282.61,             0
    1581,    46.69,   153.2 , -86.84   ,   3800.73, 10.58   ,  3724.48, -26.29         ,        3750.77,             0
    1582,   795.75,   795.75, 662.22   ,   2272.8 , 12.16   ,  2947.17, 423.49         ,        2523.68,             0
    1583,    86.53,   133.53, -47.0    ,   4453.71, 6.5     ,  4413.21, -40.06         ,        4453.27,             1
    1584,  1354.87,  4277.72, 1221.34  ,   9706.09, 285.45  , 11212.89, 2860.88        ,        8352.01,             0
    1585,  1291.03,  1436.7 , 1157.5   ,   3677.96, 54.42   ,  4889.88, 872.16         ,        4017.72,             0
    1586,    51.25,   133.53, -82.28   ,   3523.96, 13.1    ,  3454.77, -40.06         ,        3494.83,             0
    1587,  7972.37,  9310.03, 7838.84  ,  12720.86, 879.67  , 21439.37, 6383.49        ,       15055.88,             0
    1588,   423.32,   964.32, 289.79   ,   3106.02, 51.58   ,  3447.39, 541.5          ,        2905.89,             0
    1589,   204.61,   299.08, 71.08    ,   2226.66, 16.64   ,  2314.38, 75.83          ,        2238.55,             0
    1590,   383.19,   511.86, 249.66   ,   2452.33, 16.75   ,  2718.74, 224.77         ,        2493.97,             0
    1591,   309.62,  1085.42, 176.09   ,   3160.27, 16.65   ,  3353.01, 626.26         ,        2726.75,             0
    1592,   109.28,   416.48, -24.25   ,   2454.36, 19.15   ,  2449.26, 158.01         ,        2291.26,             0
    1593,    96.33,   255.2 , -37.2    ,   2732.37, 7.84    ,  2703.0 , 45.11          ,        2657.89,             0
    1594,   104.41,   386.82, -29.12   ,   2595.34, 14.05   ,  2580.27, 137.25         ,        2443.03,             0
    1595,   122.76,   223.02, -10.77   ,   2365.18, 23.65   ,  2378.06, 22.58          ,        2355.47,             0
    1596,  3457.0 ,  3915.91, 3323.47  ,   5976.41, 109.04  ,  9408.93, 2607.61        ,        6801.32,             0
    1597,   723.4 ,  1101.99, 589.87   ,   2773.96, 19.2    ,  3383.03, 637.86         ,        2745.17,             0
    1598,  2019.02,  2142.12, 1885.49  ,   4453.91, 12.19   ,  6351.6 , 1365.96        ,        4985.64,             0
    1599,   176.72,   321.85, 43.19    ,   2250.94, 19.22   ,  2313.35, 91.77          ,        2221.58,             0
    1600,   462.08,   650.72, 328.55   ,   2572.75, 19.2    ,  2920.5 , 321.97         ,        2598.53,             0
    1601,   413.55,   820.59, 280.02   ,   2815.97, 23.5    ,  3119.49, 440.88         ,        2678.6 ,             0
    1602,  1113.64,  1230.27, 980.11   ,   2670.86, 40.59   ,  3691.56, 727.66         ,        2963.9 ,             0
    1603,   279.18,   362.39, 145.65   ,   2452.57, 14.16   ,  2612.38, 120.14         ,        2492.24,             0
    1604,   974.97,  1221.31, 841.44   ,   2467.69, 81.34   ,  3390.47, 721.39         ,        2669.08,             0
    1605,   894.59,  1367.27, 761.06   ,   3594.69, 121.88  ,  4477.64, 823.56         ,        3654.08,             0
    1606,    96.31,   342.98, -37.22   ,   2507.66, 12.83   ,  2483.28, 106.56         ,        2376.72,             0
    1607,   534.99,  1459.25, 401.46   ,   2891.71, 58.39   ,  3351.57, 887.95         ,        2463.62,             0
    1608,   470.8 ,   497.59, 337.27   ,   2065.93, 17.98   ,  2421.17, 214.78         ,        2206.39,             0
    1609,    44.25,   238.85, -89.28   ,   2819.97, 11.17   ,  2741.86, 33.67          ,        2708.19,             0
    1610,   946.75,   946.75, 813.22   ,   2418.59, 15.5    ,  3247.31, 529.19         ,        2718.12,             0
    1611,   825.06,  1004.31, 691.53   ,   2350.3 , 18.59   ,  3060.41, 569.49         ,        2490.92,             0
    1612,  1522.48,  1872.01, 1388.95  ,   2876.56, 191.51  ,  4457.02, 1176.88        ,        3280.14,             0
    1613,   345.99,   712.28, 212.46   ,   2528.44, 20.98   ,  2761.88, 365.07         ,        2396.82,             0
    1614,   468.89,   703.58, 335.36   ,   2573.97, 15.63   ,  2924.96, 358.97         ,        2565.99,             0
    1615,   113.99,   572.07, -19.54   ,   2692.37, 17.97   ,  2690.79, 266.92         ,        2423.87,             0
    1616,  1197.7 ,  1981.63, 1064.17  ,   5713.67, 14.16   ,  6792.0 , 1253.61        ,        5538.39,             0
    1617,   349.67,   377.91, 216.14   ,   2815.15, 14.15   ,  3045.45, 131.0          ,        2914.45,             0
    1618,   838.57,   838.57, 705.04   ,   2439.73, 13.97   ,  3158.74, 453.47         ,        2705.27,             0
    1619,   196.17,   258.14, 62.64    ,   3788.2 , 23.4    ,  3874.24, 47.17          ,        3827.08,             0
    1620,   511.1 ,   516.48, 377.57   ,   2383.02, 14.57   ,  2775.16, 228.0          ,        2547.15,             0
    1621,    85.16,   280.48, -48.37   ,   2698.46, 8.1     ,  2658.19, 62.81          ,        2595.39,             0
    1622,  2684.78,  2821.65, 2551.25  ,   3137.09, 53.32   ,  5741.67, 1841.62        ,        3900.04,             0
    1623,  1684.79,  1684.79, 1551.26  ,   2894.5 , 15.54   ,  4461.29, 1045.82        ,        3415.47,             0
    1624,    16.08,   226.53, -117.45  ,   3578.87, 12.0    ,  3473.42, 25.04          ,        3448.38,             0
    1625,    64.68,   177.74, -68.85   ,   3630.76, 12.09   ,  3574.0 , -9.11          ,        3583.12,             0
    1626,    38.83,   170.25, -94.7    ,   4230.13, 9.54    ,  4144.97, -14.36         ,        4159.33,             0
    1627,    82.02,   133.53, -51.51   ,   3718.5 , 8.56    ,  3675.55, -40.06         ,        3715.61,             0
    1628,   950.86,  1620.62, 817.33   ,   3599.3 , 16.65   ,  4433.29, 1000.91        ,        3432.38,             0
    1629,    56.67,   398.91, -76.86   ,   2562.13, 12.53   ,  2497.8 , 145.7          ,        2352.09,             0
    1630,   411.38,   811.9 , 277.85   ,   3230.27, 83.02   ,  3591.14, 434.8          ,        3156.33,             0
    1631,  3928.97,  4650.85, 3795.44  ,   4525.29, 167.03  ,  8487.76, 3122.06        ,        5365.7 ,             0
    1632,   200.2 ,   433.42, 66.67    ,   2331.68, 14.06   ,  2412.42, 169.86         ,        2242.56,             0
    1633,   857.25,   919.58, 723.72   ,   2547.12, 54.25   ,  3325.08, 510.18         ,        2814.91,             0
    1634,   444.16,   592.77, 310.63   ,   2497.27, 14.39   ,  2822.29, 281.41         ,        2540.88,             0
    1635,   219.58,   229.19, 86.05    ,   2460.01, 14.12   ,  2560.18, 26.9           ,        2533.28,             0
    1636,   574.06,   838.61, 440.53   ,   2851.97, 22.16   ,  3314.66, 453.5          ,        2861.17,             0
    1637,   359.41,   599.97, 225.88   ,   2386.5 , 18.07   ,  2630.44, 286.45         ,        2343.99,             0
    1638,   245.5 ,   269.18, 111.97   ,   2214.62, 20.88   ,  2347.48, 54.9           ,        2292.58,             0
    1639,   132.23,   855.23, -1.3     ,   3242.09, 16.66   ,  3257.45, 465.13         ,        2792.32,             0
    1640,   126.44,   298.53, -7.09    ,   2934.49, 13.76   ,  2941.16, 75.44          ,        2865.72,             0
    1641,   142.47,   224.48, 8.94     ,   2762.08, 18.71   ,  2789.73, 23.6           ,        2766.13,             0
    1642,   253.74,   468.71, 120.21   ,   2219.75, 29.73   ,  2369.69, 194.56         ,        2175.12,             0
    1643,   282.95,   282.95, 149.42   ,   2338.78, 10.76   ,  2498.96, 64.54          ,        2434.42,             0
    1644,   317.16,   388.38, 183.63   ,   2134.82, 13.76   ,  2332.2 , 138.33         ,        2193.87,             0
    1645,   368.73,   650.08, 235.2    ,   2513.55, 17.18   ,  2765.93, 321.52         ,        2444.41,             0
    1646,  3298.51,  3958.98, 3164.98  ,   5725.45, 423.29  ,  9313.71, 2637.76        ,        6675.96,             0
    1647,   264.53,   582.17, 131.0    ,   2534.45, 16.93   ,  2682.39, 273.99         ,        2408.4 ,             0
    1648,   432.53,   965.61, 299.0    ,   2978.78, 36.62   ,  3314.39, 542.39         ,        2771.99,             0
    1649,   433.05,   917.76, 299.52   ,   2603.4 , 58.54   ,  2961.45, 508.9          ,        2452.55,             0
    1650,   121.2 ,   177.4 , -12.33   ,   2955.71, 15.51   ,  2958.89, -9.35          ,        2968.24,             0
    1651,   195.45,   364.58, 61.92    ,   2268.16, 19.19   ,  2349.27, 121.68         ,        2227.6 ,             0
    1652,    86.3 ,   339.35, -47.23   ,   2986.22, 10.89   ,  2949.88, 104.02         ,        2845.87,             0
    1653,   629.89,   794.99, 496.36   ,   2651.64, 18.46   ,  3166.46, 422.96         ,        2743.5 ,             0
    1654,   554.64,   753.08, 421.11   ,   2437.62, 17.96   ,  2876.7 , 393.63         ,        2483.07,             0
    1655,    70.76,   726.38, -62.77   ,   3540.2 , 7.54    ,  3484.97, 374.93         ,        3110.04,             0
    1656,   122.27,   185.07, -11.26   ,   2922.7 , 18.06   ,  2929.5 , -3.98          ,        2933.48,             0
    1657,   637.24,  1465.11, 503.71   ,   4100.76, 92.33   ,  4696.81, 892.05         ,        3804.76,             0
    1658,   250.57,   411.82, 117.04   ,   2566.79, 20.36   ,  2704.19, 154.74         ,        2549.44,             0
    1659,   280.96,   568.69, 147.43   ,   2564.45, 14.24   ,  2726.12, 264.56         ,        2461.56,             0
    1660,    33.89,   184.73, -99.64   ,   3537.01, 12.49   ,  3449.87, -4.22          ,        3454.09,             0
    1661,   955.23,  1288.31, 821.7    ,   2866.71, 27.52   ,  3715.93, 768.29         ,        2947.65,             0
    1662,    66.33,   163.14, -67.2    ,   3964.86, 13.32   ,  3910.99, -19.33         ,        3930.32,             0
    1663,  1249.66,  1249.66, 1116.13  ,   3216.49, 12.17   ,  4344.79, 741.23         ,        3603.56,             0
    1664,   479.53,   656.91, 346.0    ,   2616.07, 48.41   ,  3010.48, 326.3          ,        2684.18,             0
    1665,    15.33,   137.06, -118.2   ,   4611.01, 11.14   ,  4503.95, -37.58         ,        4541.53,             0
    1666,   401.4 ,   553.48, 267.87   ,   2287.01, 10.75   ,  2565.63, 253.9          ,        2311.73,             0
    1667,   743.47,   855.66, 609.94   ,   2272.13, 95.69   ,  2977.76, 465.43         ,        2512.32,             0
    1668,  1958.33,  2316.02, 1824.8   ,   3235.13, 64.54   ,  5124.47, 1487.68        ,        3636.79,             0
    1669,   714.34,  1027.89, 580.81   ,   3219.54, 15.56   ,  3815.91, 585.99         ,        3229.92,             0
    1670,   128.71,   203.35, -4.82    ,   3325.36, 24.4    ,  3344.95, 8.81           ,        3336.13,             0
    1671,   341.42,   503.38, 207.89   ,   2485.8 , 37.43   ,  2731.12, 218.83         ,        2512.28,             0
    1672,  3123.73,  4999.84, 2990.2   ,   8306.44, 16.69   , 11313.33, 3366.36        ,        7946.97,             0
    1673,  2576.86,  5218.94, 2443.33  ,   9548.47, 91.63   , 12083.43, 3519.73        ,        8563.7 ,             0
    1674,   143.23,   232.09, 9.7      ,   2420.05, 19.12   ,  2448.86, 28.93          ,        2419.93,             0
    1675,   267.13,   851.2 , 133.6    ,   2758.26, 15.61   ,  2907.47, 462.31         ,        2445.16,             0
    1676,   894.73,  1162.26, 761.2    ,   3335.29, 11.97   ,  4108.46, 680.05         ,        3428.41,             0
    1677,   573.06,   582.7 , 439.53   ,   2130.53, 15.48   ,  2585.55, 274.36         ,        2311.19,             0
    1678,   645.76,   653.18, 512.23   ,   3302.5 , 16.71   ,  3831.44, 323.7          ,        3507.75,             0
    1679,   266.68,   327.89, 133.15   ,   2257.52, 9.27    ,  2399.94, 96.0           ,        2303.94,             0
    1680,   342.29,   471.71, 208.76   ,   2206.94, 15.47   ,  2431.17, 196.66         ,        2234.51,             0
    1681,    15.79,   164.08, -117.74  ,   4046.21, 9.78    ,  3938.25, -18.68         ,        3956.92,             0
    1682,   704.18,   871.56, 570.65   ,   2714.29, 25.71   ,  3310.65, 476.56         ,        2834.09,             0
    1683,    49.31,   211.58, -84.22   ,   4044.62, 5.59    ,  3965.99, 14.58          ,        3951.41,             0
    1684,    73.63,   260.32, -59.9    ,   2637.08, 10.81   ,  2587.99, 48.69          ,        2539.29,             0
    1685,   339.89,  1070.8 , 206.36   ,   4028.86, 18.17   ,  4253.4 , 616.03         ,        3637.37,             0
    1686,   106.53,   216.51, -27.0    ,   2801.81, 17.95   ,  2792.76, 18.03          ,        2774.73,             1
    1687,   131.7 ,   530.19, -1.83    ,   2538.76, 12.19   ,  2549.12, 237.6          ,        2311.52,             0
    1688,   307.16,   839.83, 173.63   ,   2671.18, 15.56   ,  2860.37, 454.35         ,        2406.02,             0
    1689,   524.42,   882.13, 390.89   ,   2584.94, 133.68  ,  3109.51, 483.96         ,        2625.54,             0
    1690,   935.07,  1117.33, 801.54   ,   2843.49, 16.74   ,  3661.76, 648.6          ,        3013.16,             0
    1691,   158.9 ,   278.45, 25.37    ,   2276.4 , 21.94   ,  2323.7 , 61.38          ,        2262.32,             0
    1692,   469.45,   689.11, 335.92   ,   2308.04, 76.22   ,  2720.19, 348.84         ,        2371.35,             0
    1693,   276.37,   790.77, 142.84   ,   2699.18, 15.64   ,  2857.65, 420.01         ,        2437.65,             0
    1694,    75.16,   140.43, -58.37   ,   3786.62, 10.66   ,  3738.9 , -35.23         ,        3774.13,             0
    1695,   301.84,   656.55, 168.31   ,   2659.11, 15.51   ,  2842.92, 326.06         ,        2516.87,             0
    1696,  3399.2 ,  4392.38, 3265.67  ,   7206.87, 13.75   , 10486.29, 2941.14        ,        7545.16,             0
    1697,   137.09,   183.21, 3.56     ,   3429.58, 23.39   ,  3456.53, -5.28          ,        3461.81,             0
    1698,    60.08,   179.71, -73.45   ,   3783.58, 13.11   ,  3723.24, -7.74          ,        3730.98,             0
    1699,    20.31,   201.07, -113.22  ,   3451.94, 10.68   ,  3349.39, 7.22           ,        3342.17,             0
    1700,   286.18,   756.47, 152.65   ,   2967.08, 25.37   ,  3145.1 , 396.0          ,        2749.1 ,             0
    1701,   659.91,   755.04, 526.38   ,   2169.57, 16.68   ,  2712.63, 395.0          ,        2317.63,             0
    1702,    61.12,   257.59, -72.41   ,   3510.02, 13.1    ,  3450.71, 46.78          ,        3403.93,             0
    1703,   545.47,   874.46, 411.94   ,   2814.79, 16.65   ,  3243.38, 478.6          ,        2764.78,             0
    1704,  1652.1 ,  1653.83, 1518.57  ,   3579.31, 15.57   ,  5113.45, 1024.15        ,        4089.29,             0
    1705,   220.17,   782.69, 86.64    ,   2632.8 , 16.84   ,  2736.28, 414.35         ,        2321.93,             0
    1706,   372.67,   597.43, 239.14   ,   2776.95, 16.3    ,  3032.38, 284.67         ,        2747.71,             0
    1707,  3847.14,  3847.14, 3713.61  ,   4919.08, 15.52   ,  8648.21, 2559.47        ,        6088.74,             0
    1708,  2361.06,  2361.06, 2227.53  ,   2871.72, 5.96    ,  5105.21, 1519.21        ,        3586.0 ,             0
    1709,   187.21,   322.63, 53.68    ,   2283.9 , 12.25   ,  2349.83, 92.31          ,        2257.51,             0
    1710,   215.51,   297.03, 81.98    ,   2676.86, 18.03   ,  2776.88, 74.39          ,        2702.48,             0
    1711,   504.12,   636.23, 370.59   ,   2366.68, 17.29   ,  2754.56, 311.83         ,        2442.73,             0
    1712,  2288.2 ,  2419.99, 2154.67  ,   3816.69, 15.52   ,  5986.88, 1560.46        ,        4426.41,             0
    1713,   690.17,   690.17, 556.64   ,   2640.78, 10.76   ,  3208.17, 349.59         ,        2858.58,             0
    1714,  2258.54,  2548.11, 2125.01  ,   4336.09, 119.43  ,  6580.52, 1650.15        ,        4930.37,             0
    1715,   117.32,   133.53, -16.21   ,   3818.78, 17.95   ,  3820.52, -40.06         ,        3860.58,             0
    1716,  1138.57,  1177.16, 1005.04  ,   2255.7 , 15.46   ,  3276.2 , 690.48         ,        2585.72,             0
    1717,   217.1 ,   459.74, 83.57    ,   2412.49, 19.23   ,  2515.28, 188.29         ,        2326.99,             0
    1718,  1271.15,  1425.62, 1137.62  ,   2458.44, 18.47   ,  3614.53, 864.41         ,        2750.12,             0
    1719,   124.72,   175.22, -8.81    ,   3594.68, 15.57   ,  3601.44, -10.88         ,        3612.32,             0
    1720,  1040.18,  1476.79, 906.65   ,   3351.34, 13.76   ,  4271.75, 900.22         ,        3371.53,             0
    1721,   225.29,   381.39, 91.76    ,   2226.63, 12.08   ,  2330.47, 133.44         ,        2197.03,             0
    1722,  2293.85,  2733.01, 2160.32  ,   5796.21, 16.72   ,  7973.26, 1779.58        ,        6193.68,             0
    1723,    56.98,   281.08, -76.55   ,   3812.11, 13.07   ,  3748.64, 63.23          ,        3685.42,             0
    1724,   763.87,   794.04, 630.34   ,   2533.75, 15.51   ,  3179.6 , 422.3          ,        2757.3 ,             0
    1725,    83.87,   634.93, -49.66   ,   2533.46, 15.96   ,  2499.76, 310.92         ,        2188.84,             0
    1726,   181.14,   305.29, 47.61    ,   2273.89, 20.96   ,  2342.45, 80.18          ,        2262.27,             0
    1727,   289.12,   464.59, 155.59   ,   2183.78, 14.33   ,  2353.71, 191.68         ,        2162.02,             0
    1728,  4062.12,  4244.91, 3928.59  ,   7000.23, 12.21   , 10941.03, 2837.91        ,        8103.12,             0
    1729,   701.25,   774.28, 567.72   ,   2661.98, 56.6    ,  3286.31, 408.47         ,        2877.84,             0
    1730,   686.62,   931.17, 553.09   ,   2589.59, 26.46   ,  3169.14, 518.29         ,        2650.85,             0
    1731,  1237.83,  1464.6 , 1104.3   ,   4372.08, 9.29    ,  5485.66, 891.69         ,        4593.97,             0
    1732,   783.98,  1557.26, 650.45   ,   3311.75, 17.18   ,  3979.37, 956.55         ,        3022.82,             0
    1733,   141.21,   325.51, 7.68     ,   3076.08, 28.54   ,  3112.3 , 94.33          ,        3017.97,             0
    1734,   165.12,   538.42, 31.59    ,   2606.33, 14.0    ,  2651.92, 243.36         ,        2408.56,             0
    1735,  2194.46,  2236.94, 2060.93  ,   2595.57, 16.66   ,  4673.16, 1432.33        ,        3240.84,             0
    1736,   907.27,  1400.44, 773.74   ,   3860.64, 16.68   ,  4651.06, 846.78         ,        3804.28,             0
    1737,    78.61,   377.62, -54.92   ,   2828.25, 13.36   ,  2786.69, 130.8          ,        2655.88,             0
    1738,  3239.65,  4901.79, 3106.12  ,   6577.94, 15.04   ,  9699.11, 3297.72        ,        6401.39,             0
    1739,   241.53,   412.18, 108.0    ,   2518.48, 23.69   ,  2650.17, 155.0          ,        2495.17,             0
    1740,  1350.3 ,  2418.52, 1216.77  ,   4275.74, 117.74  ,  5610.25, 1559.43        ,        4050.82,             0
    1741,    77.4 ,   317.2 , -56.13   ,   2841.83, 17.0    ,  2802.69, 88.51          ,        2714.19,             0
    1742,  2103.12,  2637.8 , 1969.59  ,   3877.86, 177.98  ,  6025.43, 1712.93        ,        4312.5 ,             0
    1743,   294.33,   580.59, 160.8    ,   2442.51, 14.17   ,  2617.48, 272.88         ,        2344.59,             0
    1744,    83.67,   218.91, -49.86   ,   2835.39, 10.1    ,  2795.63, 19.7           ,        2775.92,             0
    1745,  3009.19,  5670.2 , 2875.66  ,  14071.76, 15.52   , 16962.94, 3835.61        ,       13127.33,             0
    1746,   218.1 ,   272.7 , 84.57    ,   2518.89, 18.8    ,  2622.26, 57.36          ,        2564.89,             0
    1747,   194.99,   231.37, 61.46    ,   2588.14, 15.53   ,  2665.13, 28.43          ,        2636.7 ,             0
    1748,   480.67,   746.94, 347.14   ,   3187.35, 15.61   ,  3550.1 , 389.33         ,        3160.78,             0
    1749,   367.36,   367.36, 233.83   ,   2991.15, 13.69   ,  3238.67, 123.62         ,        3115.05,             0
    1750,   246.38,   246.38, 112.85   ,   2327.03, 10.74   ,  2450.61, 38.93          ,        2411.68,             0
    1751,  2090.39,  4135.0 , 1956.86  ,   7411.62, 14.16   ,  9382.64, 2760.97        ,        6621.67,             0
    1752,    70.71,   259.32, -62.82   ,   2451.46, 10.46   ,  2399.11, 48.0           ,        2351.11,             0
    1753,   851.68,  1233.1 , 718.15   ,   3697.5 , 83.32   ,  4498.96, 729.64         ,        3769.32,             0
    1754,    46.04,   133.53, -87.49   ,   4284.64, 12.51   ,  4209.66, -40.06         ,        4249.72,             0
    1755,   957.86,  1241.01, 824.33   ,   2965.6 , 78.67   ,  3868.6 , 735.17         ,        3133.42,             0
    1756,   442.61,   843.14, 309.08   ,   2672.68, 15.54   ,  2997.3 , 456.67         ,        2540.63,             0
    1757,   484.84,  1187.06, 351.31   ,   4561.28, 107.35  ,  5019.93, 697.41         ,        4322.52,             0
    1758,   887.12,  1111.65, 753.59   ,   2736.2 , 22.5    ,  3512.3 , 644.63         ,        2867.67,             0
    1759,  6724.51,  7619.92, 6590.98  ,   7411.94, 91.1    , 14094.02, 5200.41        ,        8893.61,             0
    1760,    56.46,   368.26, -77.07   ,   2679.29, 10.63   ,  2612.85, 124.25         ,        2488.6 ,             0
    1761,   637.36,   968.18, 503.83   ,   2699.11, 56.52   ,  3259.46, 544.2          ,        2715.26,             0
    1762,   427.9 ,   741.43, 294.37   ,   2751.62, 17.03   ,  3063.02, 385.47         ,        2677.55,             0
    1763,   415.54,   462.69, 282.01   ,   2886.48, 17.98   ,  3186.46, 190.35         ,        2996.11,             0
    1764,   373.77,   685.82, 240.24   ,   3064.4 , 16.75   ,  3321.4 , 346.55         ,        2974.85,             0
    1765,   534.71,   588.89, 401.18   ,   2347.55, 17.22   ,  2765.95, 278.69         ,        2487.25,             0
    1766,   284.51,   592.44, 150.98   ,   2708.17, 16.66   ,  2875.8 , 281.18         ,        2594.63,             0
    1767,    51.62,   137.86, -81.91   ,   4212.4 , 10.63   ,  4141.12, -37.03         ,        4178.15,             0
    1768,   275.07,   393.39, 141.54   ,   2221.69, 21.83   ,  2385.06, 141.84         ,        2243.22,             0
    1769,    88.41,   184.24, -45.12   ,   2519.49, 22.01   ,  2496.38, -4.56          ,        2500.94,             0
    1770,    27.67,   147.17, -105.86  ,   4442.41, 13.13   ,  4349.68, -30.51         ,        4380.19,             0
    1771,   348.29,   646.82, 214.76   ,   2786.17, 14.09   ,  3015.02, 319.24         ,        2695.78,             0
    1772,   198.09,   986.05, 64.56    ,   2941.25, 16.86   ,  3022.68, 556.71         ,        2465.97,             0
    1773,   261.39,   641.55, 127.86   ,   2387.36, 20.92   ,  2536.13, 315.56         ,        2220.57,             0
    1774,  6738.6 ,  8691.48, 6605.07  ,  14284.5 , 262.12  , 21151.7 , 5950.5         ,       15201.19,             0
    1775,   216.15,   477.48, 82.62    ,   2436.35, 9.35    ,  2528.32, 200.71         ,        2327.61,             0
    1776,   440.87,  1275.81, 307.34   ,   3264.91, 19.07   ,  3591.32, 759.54         ,        2831.78,             0
    1777,   784.03,   784.03, 650.5    ,   2160.98, 13.81   ,  2825.29, 415.29         ,        2410.0 ,             0
    1778,   807.56,   822.04, 674.03   ,   2423.82, 19.22   ,  3117.07, 441.9          ,        2675.17,             0
    1779,   330.21,   444.09, 196.68   ,   2664.96, 15.64   ,  2877.28, 177.34         ,        2699.95,             0
    1780,   696.24,   848.02, 562.71   ,   2478.73, 15.51   ,  3056.95, 460.08         ,        2596.86,             0
    1781,    24.74,   405.2 , -108.79  ,   3481.74, 13.41   ,  3386.37, 150.11         ,        3236.25,             0
    1782,   274.03,  1761.87, 140.5    ,   5494.7 , 13.2    ,  5648.39, 1099.78        ,        4548.62,             0
    1783,  4153.87,  4258.03, 4020.34  ,   4421.34, 15.51   ,  8457.19, 2847.09        ,        5610.1 ,             0
    1784,   302.23,   420.85, 168.7    ,   2300.33, 19.22   ,  2488.26, 161.06         ,        2327.19,             0
    1785,    80.96,   252.69, -52.57   ,   3272.56, 15.71   ,  3235.7 , 43.35          ,        3192.35,             0
    1786,    67.39,   146.95, -66.14   ,   4137.82, 12.16   ,  4083.84, -30.67         ,        4114.51,             0
    1787,   601.13,  1528.59, 467.6    ,   4461.5 , 19.19   ,  4948.29, 936.49         ,        4011.81,             0
    1788,    14.24,   396.62, -119.29  ,   3904.25, 13.1    ,  3798.05, 144.1          ,        3653.95,             0
    1789,   427.8 ,   609.9 , 294.27   ,   2269.34, 41.69   ,  2605.29, 293.4          ,        2311.89,             0
    1790,   129.15,   175.66, -4.38    ,   2406.43, 16.67   ,  2418.71, -10.57         ,        2429.28,             0
    1791,    51.91,   322.23, -81.62   ,   3535.15, 10.64   ,  3464.18, 92.03          ,        3372.15,             0
    1792,    71.02,   328.36, -62.51   ,   2302.0 , 16.92   ,  2256.41, 96.32          ,        2160.09,             0
    1793,  3247.02,  4877.56, 3113.49  ,   9005.82, 16.65   , 12135.97, 3280.76        ,        8855.2 ,             0
    1794,   766.77,  1054.03, 633.24   ,   2881.91, 12.11   ,  3527.26, 604.29         ,        2922.97,             0
    1795,  1207.34,  1207.34, 1073.81  ,   2824.46, 17.42   ,  3915.69, 711.61         ,        3204.08,             0
    1796,  1171.1 ,  1403.72, 1037.57  ,   2758.62, 13.92   ,  3810.1 , 849.07         ,        2961.03,             0
    1797,   141.9 ,   212.65, 8.37     ,   2724.16, 28.63   ,  2761.16, 15.32          ,        2745.84,             1
    1798,    41.36,   244.15, -92.17   ,   3158.78, 11.89   ,  3078.5 , 37.38          ,        3041.12,             0
    1799,   128.69,   164.8 , -4.84    ,   3383.91, 15.54   ,  3394.61, -18.17         ,        3412.78,             0
    1800,  1589.17,  1715.39, 1455.64  ,   2986.14, 16.68   ,  4458.47, 1067.24        ,        3391.22,             0
    1801,   674.66,   837.35, 541.13   ,   2446.25, 17.99   ,  3005.38, 452.61         ,        2552.76,             0
    1802,   699.92,   739.35, 566.39   ,   2225.69, 16.69   ,  2808.77, 384.01         ,        2424.76,             0
    1803,   183.92,   216.36, 50.39    ,   2439.73, 23.63   ,  2513.75, 17.92          ,        2495.82,             0
    1804,   252.4 ,   685.78, 118.87   ,   2858.88, 13.71   ,  2991.46, 346.51         ,        2644.94,             0
    1805,  4687.6 ,  4687.6 , 4554.07  ,   4862.96, 10.85   ,  9427.87, 3147.79        ,        6280.08,             0
    1806,   290.85,   382.1 , 157.32   ,   2367.4 , 15.54   ,  2540.26, 133.94         ,        2406.32,             0
    1807,   719.87,   724.36, 586.34   ,   2087.48, 15.99   ,  2689.82, 373.52         ,        2316.3 ,             0
    1808,  3498.83,  3498.83, 3365.3   ,   5470.72, 10.84   ,  8846.86, 2315.65        ,        6531.21,             0
    1809,   207.61,   873.34, 74.08    ,   2823.9 , 9.42    ,  2907.4 , 477.81         ,        2429.59,             0
    1810,   185.52,   602.87, 51.99    ,   2650.86, 18.19   ,  2721.04, 288.48         ,        2432.56,             0
    1811,   547.59,   699.57, 414.06   ,   2382.75, 16.64   ,  2813.45, 356.17         ,        2457.28,             0
    1812,   214.93,   371.35, 81.4     ,   2176.94, 16.76   ,  2275.09, 126.41         ,        2148.68,             0
    1813,   970.85,  2034.77, 837.32   ,   4797.05, 37.14   ,  5671.51, 1290.81        ,        4380.7 ,             0
    1814,   469.61,   521.29, 336.08   ,   2095.95, 15.45   ,  2447.48, 231.37         ,        2216.11,             0
    1815,   377.15,   442.6 , 243.62   ,   2233.09, 18.28   ,  2494.99, 176.29         ,        2318.69,             0
    1816,  1034.09,  1720.66, 900.56   ,   3938.37, 42.39   ,  4881.32, 1070.93        ,        3810.39,             0
    1817,   633.41,   800.73, 499.88   ,   2314.1 , 16.76   ,  2830.74, 426.98         ,        2403.76,             0
    1818,  1513.79,  2537.97, 1380.26  ,   5847.5 , 11.91   ,  7239.67, 1643.05        ,        5596.63,             0
    1819,   215.84,   290.09, 82.31    ,   2408.88, 18.22   ,  2509.4 , 69.53          ,        2439.87,             0
    1820,   819.98,   944.07, 686.45   ,   2817.12, 12.61   ,  3516.18, 527.32         ,        2988.86,             0
    1821,  1503.67,  1503.67, 1370.14  ,   2703.6 , 8.12    ,  4081.86, 919.04         ,        3162.82,             0
    1822,  1066.24,  1470.49, 932.71   ,   3547.84, 13.81   ,  4494.35, 895.81         ,        3598.54,             0
    1823,   143.27,   176.99, 9.74     ,   2366.55, 15.8    ,  2392.09, -9.64          ,        2401.73,             0
    1824,   224.96,   398.72, 91.43    ,   2311.79, 18.82   ,  2422.05, 145.58         ,        2276.47,             0
    1825,  2967.07,  5718.03, 2833.54  ,   9542.36, 17.37   , 12393.27, 3869.09        ,        8524.19,             0
    1826,   331.81,   615.21, 198.28   ,   2437.59, 19.19   ,  2655.07, 297.12         ,        2357.95,             0
    1827,  1266.23,  1799.96, 1132.7   ,   4699.33, 14.15   ,  5846.17, 1126.45        ,        4719.73,             0
    1828,   153.01,   288.58, 19.48    ,   2454.25, 10.78   ,  2484.52, 68.48          ,        2416.04,             0
    1829,   223.9 ,   780.05, 90.37    ,   2915.74, 17.95   ,  3024.06, 412.5          ,        2611.55,             0
    1830,    49.05,   161.27, -84.48   ,   4064.98, 10.56   ,  3991.06, -20.64         ,        4011.71,             0
    1831,   206.28,   343.93, 72.75    ,   2166.49, 15.59   ,  2254.83, 107.22         ,        2147.61,             0
    1832,    24.2 ,   188.37, -109.33  ,   4026.21, 10.28   ,  3927.16, -1.67          ,        3928.83,             0
    1833,   385.26,   818.96, 251.73   ,   2689.2 , 10.75   ,  2951.68, 439.74         ,        2511.94,             0
    1834,   170.71,   363.58, 37.18    ,   2214.68, 14.14   ,  2266.0 , 120.97         ,        2145.02,             0
    1835,   601.01,   775.85, 467.48   ,   2480.88, 30.19   ,  2978.55, 409.57         ,        2568.98,             0
    1836,    55.71,   273.47, -77.82   ,   2783.17, 8.47    ,  2713.82, 57.9           ,        2655.93,             0
    1837,   262.25,   381.7 , 128.72   ,   2257.56, 19.22   ,  2405.5 , 133.66         ,        2271.84,             0
    1838,   111.79,   235.08, -21.74   ,   2341.94, 12.07   ,  2332.27, 31.02          ,        2301.25,             0
    1839,   178.24,   896.05, 44.71    ,   2976.66, 21.91   ,  3043.28, 493.71         ,        2549.57,             0
    1840,  2326.19,  2326.19, 2192.66  ,   3572.87, 9.3     ,  5774.83, 1494.8         ,        4280.03,             0
    1841,  1522.15,  1601.9 , 1388.62  ,   3138.36, 62.18   ,  4589.16, 987.8          ,        3601.36,             0
    1842,   392.71,   564.03, 259.18   ,   2265.4 , 20.48   ,  2545.07, 261.29         ,        2283.78,             0
    1843,   365.47,  1029.44, 231.94   ,   2946.63, 9.27    ,  3187.84, 587.08         ,        2600.76,             0
    1844,   511.83,   520.48, 378.3    ,   2211.79, 15.63   ,  2605.72, 230.81         ,        2374.91,             0
    1845,   660.37,  1122.29, 526.84   ,   3333.08, 14.17   ,  3874.09, 652.07         ,        3222.02,             0
    1846,   152.14,   397.44, 18.61    ,   2254.13, 21.86   ,  2294.6 , 144.68         ,        2149.92,             0
    1847,   739.6 ,   916.41, 606.07   ,   2585.68, 20.38   ,  3212.12, 507.96         ,        2704.17,             0
    1848,   825.55,  1037.94, 692.02   ,   2459.44, 19.18   ,  3170.63, 593.03         ,        2577.61,             0
    1849,    44.0 ,   843.34, -89.53   ,   3556.11, 10.93   ,  3477.51, 456.81         ,        3020.7 ,             0
    1850,   343.23,   383.25, 209.7    ,   2061.96, 20.12   ,  2291.78, 134.75         ,        2157.03,             0
    1851,   823.97,   948.43, 690.44   ,   2418.32, 38.66   ,  3147.43, 530.37         ,        2617.06,             0
    1852,   211.86,   676.78, 78.33    ,   2526.16, 18.43   ,  2622.91, 340.22         ,        2282.7 ,             0
    1853,    87.1 ,   225.07, -46.43   ,   2715.04, 14.57   ,  2683.18, 24.02          ,        2659.17,             0
    1854,  4446.25,  5091.88, 4312.72  ,   5476.4 , 16.73   ,  9805.85, 3430.79        ,        6375.06,             0
    1855,   215.09,   605.6 , 81.56    ,   2666.37, 18.23   ,  2766.17, 290.39         ,        2475.78,             0
    1856,   202.79,   449.42, 69.26    ,   2258.5 , 20.92   ,  2348.68, 181.06         ,        2167.61,             0
    1857,   355.13,   619.14, 221.6    ,   2906.67, 19.03   ,  3147.29, 299.87         ,        2847.43,             0
    1858,   530.55,   705.87, 397.02   ,   2323.63, 82.78   ,  2803.43, 360.58         ,        2442.86,             0
    1859,   148.92,   322.93, 15.39    ,   2167.22, 12.19   ,  2194.79, 92.52          ,        2102.28,             0
    1860,   967.58,  1665.73, 834.05   ,   3786.39, 18.25   ,  4638.7 , 1032.48        ,        3606.22,             0
    1861,   176.18,   364.23, 42.65    ,   2328.03, 16.72   ,  2387.4 , 121.43         ,        2265.96,             0
    1862,   291.71,  1089.16, 158.18   ,   3392.71, 42.89   ,  3593.78, 628.88         ,        2964.9 ,             0
    1863, 13444.0 , 18945.47, 13310.47 ,  20786.85, 15.6    , 34112.92, 13128.3        ,       20984.62,             0
    1864,   142.14,   335.53, 8.61     ,   2645.72, 15.63   ,  2669.96, 101.34         ,        2568.62,             0
    1865,   323.67,   715.26, 190.14   ,   2704.51, 19.01   ,  2913.65, 367.15         ,        2546.5 ,             0
    1866,   693.72,  1002.27, 560.19   ,   3366.9 , 13.76   ,  3940.86, 568.06         ,        3372.8 ,             0
    1867,   117.67,   489.81, -15.86   ,   2297.79, 16.69   ,  2298.62, 209.34         ,        2089.28,             0
    1868,   111.38,   260.38, -22.15   ,   2816.69, 19.16   ,  2813.7 , 48.73          ,        2764.97,             0
    1869,    29.83,   149.65, -103.7   ,   3973.97, 13.45   ,  3883.71, -28.77         ,        3912.49,             0
    1870,   836.37,   951.56, 702.84   ,   3389.27, 18.22   ,  4110.33, 532.57         ,        3577.76,             0
    1871,   235.88,   651.98, 102.35   ,   2505.2 , 13.94   ,  2621.49, 322.86         ,        2298.64,             0
    1872,   280.48,   364.4 , 146.95   ,   2151.79, 14.12   ,  2312.86, 121.55         ,        2191.31,             0
    1873,  6476.72,  6912.8 , 6343.19  ,   5622.41, 428.56  , 12394.16, 4705.43        ,        7688.72,             0
    1874,    36.09,   187.98, -97.44   ,   3543.89, 7.41    ,  3453.86, -1.95          ,        3455.81,             0
    1875,   435.76,  1094.41, 302.23   ,   3067.13, 45.16   ,  3414.51, 632.56         ,        2781.95,             0
    1876,    33.73,   210.14, -99.8    ,   4067.68, 13.0    ,  3980.87, 13.57          ,        3967.31,             0
    1877,   575.4 ,   903.24, 441.87   ,   2831.25, 15.64   ,  3288.76, 498.74         ,        2790.02,             0
    1878,   201.76,   351.35, 68.23    ,   2271.18, 13.6    ,  2353.0 , 112.42         ,        2240.59,             0
    1879,  1496.13,  3370.65, 1362.6   ,   5846.44, 16.7    ,  7225.73, 2225.92        ,        4999.81,             0
    1880,   302.67,   303.3 , 169.14   ,   2432.53, 15.46   ,  2617.13, 78.78          ,        2538.35,             0
    1881,   637.22,   637.22, 503.69   ,   2140.44, 14.12   ,  2658.25, 312.53         ,        2345.72,             0
    1882,   636.32,   975.41, 502.79   ,   2864.92, 19.2    ,  3386.91, 549.26         ,        2837.65,             0
    1883, 11875.37, 15641.88, 11741.84 ,  12609.53, 995.92  , 25347.29, 10815.79       ,       14531.51,             0
    1884,   779.44,   897.1 , 645.91   ,   3447.82, 14.16   ,  4107.89, 494.44         ,        3613.45,             0
    1885,    28.87,   244.04, -104.66  ,   3801.98, 10.46   ,  3707.78, 37.3           ,        3670.48,             0
    1886,   252.31,   450.67, 118.78   ,   2644.33, 22.23   ,  2785.34, 181.94         ,        2603.41,             0
    1887,    40.2 ,   155.38, -93.33   ,   3315.66, 12.12   ,  3234.45, -24.76         ,        3259.21,             0
    1888,   151.46,   958.1 , 17.93    ,   3009.99, 13.73   ,  3041.65, 537.14         ,        2504.51,             0
    1889,    65.24,   247.7 , -68.29   ,   2690.21, 10.58   ,  2632.49, 39.86          ,        2592.63,             0
    1890,   147.16,   345.98, 13.63    ,   3181.22, 15.46   ,  3210.32, 108.66         ,        3101.66,             0
    1891,    51.05,   187.08, -82.48   ,   3441.96, 6.58    ,  3366.07, -2.57          ,        3368.65,             0
    1892,   272.15,   385.07, 138.62   ,   2805.3 , 15.56   ,  2959.48, 136.02         ,        2823.47,             0
    1893,   121.65,   200.36, -11.88   ,   3051.95, 18.25   ,  3058.31, 6.72           ,        3051.59,             0
    1894,   293.4 ,   629.56, 159.87   ,   2730.56, 18.03   ,  2908.46, 307.16         ,        2601.3 ,             0
    1895,   140.07,   183.03, 6.54     ,   2421.47, 21.95   ,  2449.97, -5.41          ,        2455.37,             0
    1896,  2367.74,  3689.99, 2234.21  ,   7838.21, 15.58   , 10088.01, 2449.46        ,        7638.54,             0
    1897,   111.49,   306.88, -22.04   ,   2337.66, 23.74   ,  2339.36, 81.29          ,        2258.07,             0
    1898,   712.76,   712.76, 579.23   ,   2430.04, 9.5     ,  3018.77, 365.4          ,        2653.37,             0
    1899,    83.87,   170.45, -49.66   ,   4223.56, 10.25   ,  4184.14, -14.21         ,        4198.35,             0
    1900,  1023.54,  2885.76, 890.01   ,   6048.24, 26.91   ,  6965.15, 1886.5         ,        5078.65,             0
    1901,  1283.47,  1401.63, 1149.94  ,   2743.11, 17.03   ,  3910.07, 847.61         ,        3062.46,             0
    1902,  1501.96,  1748.96, 1368.43  ,   2761.11, 111.98  ,  4241.51, 1090.74        ,        3150.76,             0
    1903,   260.16,   280.78, 126.63   ,   2252.45, 20.41   ,  2399.49, 63.02          ,        2336.47,             0
    1904,   108.15,   257.77, -25.38   ,   2376.58, 13.78   ,  2364.98, 46.91          ,        2318.07,             0
    1905,  2291.55,  2291.55, 2158.02  ,   3583.17, 12.7    ,  5753.88, 1470.55        ,        4283.33,             0
    1906,   109.33,   325.31, -24.2    ,   2437.22, 14.46   ,  2427.48, 94.19          ,        2333.29,             0
    1907,   880.93,  2129.89, 747.4    ,   4532.4 , 15.46   ,  5295.26, 1357.39        ,        3937.87,             0
    1908,   254.01,   504.94, 120.48   ,   2456.64, 19.12   ,  2596.24, 219.93         ,        2376.32,             0
    1909,  1047.77,  1603.96, 914.24   ,   5017.18, 12.08   ,  5943.5 , 989.24         ,        4954.26,             0
    1910,   177.77,   910.19, 44.24    ,   2735.6 , 14.14   ,  2793.99, 503.6          ,        2290.38,             0
    1911,   289.06,   462.49, 155.53   ,   2480.59, 69.99   ,  2706.1 , 190.21         ,        2515.89,             0
    1912,   210.78,   279.12, 77.25    ,   2896.56, 16.71   ,  2990.52, 61.85          ,        2928.67,             0
    1913,   545.27,   685.33, 411.74   ,   2540.5 , 15.53   ,  2967.78, 346.2          ,        2621.58,             0
    1914,  7780.89, 10543.59, 7647.36  ,  11646.3 , 591.69  , 19885.36, 7246.98        ,       12638.38,             0
    1915,   794.5 ,  1412.62, 660.97   ,   3496.53, 12.17   ,  4169.67, 855.3          ,        3314.36,             0
    1916,   458.48,   925.83, 324.95   ,   3169.62, 14.97   ,  3509.54, 514.55         ,        2995.0 ,             0
    1917,   168.94,   169.82, 35.41    ,   3778.44, 12.21   ,  3826.06, -14.66         ,        3840.72,             0
    1918,   469.76,   656.68, 336.23   ,   2844.15, 14.15   ,  3194.52, 326.14         ,        2868.38,             0
    1919,    11.55,   133.53, -121.98  ,   4571.42, 12.92   ,  4462.36, -40.06         ,        4502.42,             0
    1920,   190.39,   425.45, 56.86    ,   2259.52, 15.33   ,  2331.7 , 164.29         ,        2167.41,             0
    1921,   231.6 ,   231.6 , 98.07    ,   3574.17, 12.17   ,  3684.42, 28.59          ,        3655.83,             0
    1922,   932.03,  1667.76, 798.5    ,   4053.04, 16.67   ,  4868.21, 1033.9         ,        3834.3 ,             0
    1923,   183.61,   193.4 , 50.08    ,   2627.43, 20.9    ,  2698.4 , 1.85           ,        2696.55,             0
    1924,   229.93,  1113.37, 96.4     ,   4126.33, 15.24   ,  4237.98, 645.83         ,        3592.15,             0
    1925,    73.19,   290.95, -60.34   ,   2567.48, 10.68   ,  2517.82, 70.14          ,        2447.68,             0
    1926,   939.55,  1548.42, 806.02   ,   3835.35, 15.57   ,  4656.94, 950.36         ,        3706.58,             0
    1927,    28.43,   184.69, -105.1   ,   3714.09, 12.51   ,  3621.5 , -4.24          ,        3625.74,             0
    1928,   159.4 ,   195.78, 25.87    ,   2460.65, 18.23   ,  2504.75, 3.51           ,        2501.23,             0
    1929,   407.37,   722.81, 273.84   ,   2460.1 , 19.19   ,  2753.13, 372.43         ,        2380.7 ,             0
    1930,   457.58,  1528.83, 324.05   ,   4538.5 , 56.24   ,  4918.79, 936.65         ,        3982.14,             0
    1931,    48.15,   200.25, -85.38   ,   3750.52, 10.66   ,  3675.8 , 6.64           ,        3669.15,             0
    1932,   244.37,   347.73, 110.84   ,   2443.5 , 16.85   ,  2571.19, 109.88         ,        2461.31,             0
    1933,   603.74,  2264.0 , 470.21   ,   5296.71, 16.9    ,  5783.81, 1451.27        ,        4332.54,             0
    1934,    54.27,   196.5 , -79.26   ,   3086.45, 6.42    ,  3013.6 , 4.02           ,        3009.58,             0
    1935,  2371.48,  3538.75, 2237.95  ,   7622.97, 23.8    ,  9884.73, 2343.6         ,        7541.13,             0
    1936,   343.8 ,   417.68, 210.27   ,   2168.18, 22.97   ,  2401.41, 158.85         ,        2242.57,             0
    1937,   141.4 ,   236.05, 7.87     ,   2816.37, 20.14   ,  2844.37, 31.7           ,        2812.67,             0
    1938,   961.4 ,  1077.88, 827.87   ,   2282.5 , 76.15   ,  3186.52, 620.98         ,        2565.54,             0
    1939,   121.5 ,   176.91, -12.03   ,   2280.17, 14.17   ,  2282.31, -9.69          ,        2292.0 ,             0
    1940,   384.16,   407.82, 250.63   ,   2150.24, 19.06   ,  2419.93, 151.94         ,        2267.98,             0
    1941,  6146.63,  7201.88, 6013.1   ,   6606.94, 581.03  , 13201.07, 4907.78        ,        8293.29,             0
    1942,   362.54,   790.71, 229.01   ,   2866.47, 86.64   ,  3182.13, 419.97         ,        2762.16,             0
    1943,   152.95,   187.86, 19.42    ,   2405.53, 20.23   ,  2445.18, -2.03          ,        2447.21,             0
    1944,   271.36,   431.57, 137.83   ,   2238.38, 19.07   ,  2395.28, 168.57         ,        2226.71,             0
    1945,    19.4 ,   152.25, -114.13  ,   3954.93, 11.64   ,  3852.44, -26.96         ,        3879.4 ,             0
    1946,   824.06,   824.06, 690.53   ,   2572.11, 13.76   ,  3276.4 , 443.31         ,        2833.09,             0
    1947,  1242.93,  1583.41, 1109.4   ,   2764.95, 16.77   ,  3891.12, 974.86         ,        2916.26,             0
    1948,   911.55,  1023.39, 778.02   ,   2670.72, 15.45   ,  3464.2 , 582.84         ,        2881.36,             0
    1949,   119.92,   296.27, -13.61   ,   2200.01, 10.78   ,  2197.19, 73.86          ,        2123.34,             0
    1950,   377.42,   621.45, 243.89   ,   2357.27, 15.51   ,  2616.66, 301.48         ,        2315.18,             0
    1951,   179.29,   412.67, 45.76    ,   2269.44, 21.91   ,  2337.12, 155.34         ,        2181.78,             0
    1952,   781.1 ,  1252.06, 647.57   ,   3394.51, 17.28   ,  4059.36, 742.92         ,        3316.45,             0
    1953,   624.49,   721.66, 490.96   ,   2220.19, 19.21   ,  2730.36, 371.63         ,        2358.73,             0
    1954,    10.22,   188.46, -123.31  ,   4266.21, 8.35    ,  4151.24, -1.61          ,        4152.85,             0
    1955,   362.0 ,   422.44, 228.47   ,   2508.8 , 29.68   ,  2766.96, 162.18         ,        2604.78,             0
    1956,   466.71,  1103.46, 333.18   ,   3085.96, 52.14   ,  3471.28, 638.89         ,        2832.38,             0
    1957,    41.73,   198.56, -91.8    ,   3504.3 , 13.51   ,  3426.01, 5.46           ,        3420.54,             0
    1958,   323.52,   774.29, 189.99   ,   2988.92, 20.8    ,  3199.71, 408.47         ,        2791.24,             0
    1959,   381.68,   399.12, 248.15   ,   2173.08, 19.79   ,  2441.03, 145.86         ,        2295.17,             0
    1960,   194.42,   259.72, 60.89    ,   2163.76, 15.63   ,  2240.28, 48.28          ,        2192.01,             0
    1961,   353.34,   483.37, 219.81   ,   2225.21, 15.57   ,  2460.6 , 204.83         ,        2255.77,             0
    1962,   292.78,   452.41, 159.25   ,   2225.0 , 57.85   ,  2442.1 , 183.16         ,        2258.94,             0
    1963,   388.76,   407.02, 255.23   ,   2122.89, 16.69   ,  2394.82, 151.38         ,        2243.43,             0
    1964,   287.04,   506.99, 153.51   ,   2347.36, 19.19   ,  2520.07, 221.36         ,        2298.7 ,             0
    1965,    90.1 ,   323.37, -43.43   ,   2253.66, 23.67   ,  2233.9 , 92.83          ,        2141.07,             0
    1966,   434.63,   473.04, 301.1    ,   2269.23, 16.79   ,  2587.11, 197.6          ,        2389.51,             0
    1967,   526.31,  2621.42, 392.78   ,   6088.79, 15.5    ,  6497.07, 1701.46        ,        4795.6 ,             0
    1968,   118.31,   532.06, -15.22   ,   2327.37, 17.22   ,  2329.37, 238.91         ,        2090.46,             0
    1969,   135.13,   580.08, 1.6      ,   2644.32, 18.76   ,  2664.67, 272.53         ,        2392.15,             0
    1970,    92.07,   221.74, -41.46   ,   2487.83, 9.85    ,  2456.21, 21.69          ,        2434.52,             0
    1971,   186.17,   468.48, 52.64    ,   2601.32, 10.97   ,  2664.93, 194.41         ,        2470.52,             0
    1972,  2043.66,  2304.32, 1910.13  ,   3674.41, 15.61   ,  5600.15, 1479.49        ,        4120.66,             0
    1973,    88.34,   328.58, -45.19   ,   2710.4 , 25.81   ,  2691.02, 96.47          ,        2594.54,             0
    1974,    90.29,   193.95, -43.24   ,   2717.62, 10.9    ,  2685.28, 2.24           ,        2683.05,             0
    1975,   146.38,   191.1 , 12.85    ,   3264.48, 17.06   ,  3294.38, 0.24           ,        3294.14,             0
    1976,   413.09,   697.89, 279.56   ,   2492.12, 12.22   ,  2783.9 , 355.0          ,        2428.9 ,             0
    1977,  1970.95,  2208.16, 1837.42  ,   3186.46, 17.06   ,  5040.94, 1412.18        ,        3628.76,             0
    1978,     7.6 ,   239.61, -125.93  ,   4383.69, 13.12   ,  4270.88, 34.2           ,        4236.68,             0
    1979,   630.36,  1337.42, 496.83   ,   3982.02, 16.46   ,  4495.31, 802.66         ,        3692.65,             0
    1980,   207.4 ,   483.16, 73.87    ,   2320.08, 18.42   ,  2412.37, 204.68         ,        2207.69,             0
    1981,   825.62,   830.96, 692.09   ,   2173.0 , 14.11   ,  2879.2 , 448.14         ,        2431.06,             0
    1982,  1039.97,  1228.01, 906.44   ,   2384.39, 63.84   ,  3354.66, 726.08         ,        2628.58,             0
    1983,   135.53,   201.32, 2.0      ,   2639.53, 16.65   ,  2658.17, 7.39           ,        2650.77,             0
    1984,  1073.21,  1155.4 , 939.68   ,   2738.53, 15.45   ,  3693.66, 675.25         ,        3018.41,             0
    1985,   835.76,  2419.43, 702.23   ,   6142.89, 15.54   ,  6860.66, 1560.07        ,        5300.59,             0
    1986,   309.98,   582.54, 176.45   ,   2434.96, 16.87   ,  2628.29, 274.25         ,        2354.04,             0
    1987,    20.54,   170.88, -112.99  ,   4032.65, 9.63    ,  3929.29, -13.91         ,        3943.2 ,             0
    1988,   463.83,   544.6 , 330.3    ,   2385.08, 16.67   ,  2732.05, 247.69         ,        2484.36,             0
    1989,    33.12,   307.3 , -100.41  ,   3244.08, 10.04   ,  3153.71, 81.58          ,        3072.13,             0
    1990,   454.0 ,   671.48, 320.47   ,   2914.41, 15.48   ,  3250.35, 336.5          ,        2913.85,             0
    1991,   301.45,   596.84, 167.92   ,   2583.91, 14.17   ,  2766.0 , 284.26         ,        2481.74,             0
    1992,  1190.52,  1280.29, 1056.99  ,   3466.47, 28.53   ,  4551.99, 762.67         ,        3789.31,             0
    1993,   584.69,   933.0 , 451.16   ,   2825.78, 13.77   ,  3290.71, 519.57         ,        2771.14,             0
    1994,   699.25,   986.13, 565.72   ,   3108.48, 119.02  ,  3793.22, 556.76         ,        3236.46,             0
    1995,   274.99,   654.19, 141.46   ,   2711.06, 21.99   ,  2874.52, 324.4          ,        2550.11,             0
    1996,   928.48,  1892.79, 794.95   ,   5356.04, 19.19   ,  6170.18, 1191.42        ,        4978.76,             0
    1997,   159.42,   878.86, 25.89    ,   2711.19, 13.77   ,  2750.86, 481.67         ,        2269.18,             0
    1998,  1087.58,  1835.22, 954.05   ,   3569.34, 169.14  ,  4692.53, 1151.12        ,        3541.41,             0
    1999,   249.26,   383.46, 115.73   ,   2279.03, 22.02   ,  2416.78, 134.89         ,        2281.89,             0
